annex,entry_seq,ref_no,tier_seq,tier,tier_source,product_type,max_concentration,max_conc_value,max_conc_unit,max_conc_basis,all_conc_values,other,wording
III,1,1,1,,none,,,,,,,,
III,2,2a,1,a,label,"(a) Hair waving or
straightening
products","(a)
(i) 8 %
(ii) 11 %",8.0,%,ii,"[8.0, 11.0]","(a)
(i) General use
ready for use pH 7 to
9,5
(ii) Professional use
ready for use pH 7 to
9,5","Conditions of use:
(a) (b) (c) (d)
Avoid contact with eyes
Rinse eyes immediately if product
comes into contact with them.
(a) (c) (d)
Wear suitable gloves
Warnings to be printed on the label:
(a)(i) (b) (c)
Contains thioglycolate
Follow the instructions
Keep out of reach of children
(a)(ii) (d)
For professional use only
Contains thioglycolate
Follow the instructions"
III,2,2a,2,b,label,(b) Depilatories,(b) 5 %,5.0,%,,,"(b) ready for use pH 7 to
12,7","Conditions of use:
(a) (b) (c) (d)
Avoid contact with eyes
Rinse eyes immediately if product
comes into contact with them.
(a)(i) (b) (c)
Contains thioglycolate
Follow the instructions
Keep out of reach of children
(a)(ii) (d)
For professional use only
Contains thioglycolate
Follow the instructions"
III,2,2a,3,c,label,"(c) Other hair
rinse-off
products",(c) 2 %,2.0,%,,,"(c) ready for use pH 7 to
9,5","Conditions of use:
(a) (b) (c) (d)
Avoid contact with eyes
Rinse eyes immediately if product
comes into contact with them.
(a) (c) (d)
Wear suitable gloves
Warnings to be printed on the label:
(a)(i) (b) (c)
Contains thioglycolate
Follow the instructions
Keep out of reach of children
(a)(ii) (d)
For professional use only
Contains thioglycolate
Follow the instructions"
III,2,2a,4,d,label,"(d) Products
intended for
eyelash
waving","(d) 11 %
The abovementioned
percentages are
calculated as
thioglycolic
acid",11.0,%,,,"(d) For professional use
ready for use pH 7 to
9,5","Conditions of use:
(a) (b) (c) (d)
Avoid contact with eyes
Rinse eyes immediately if product
comes into contact with them.
(a) (c) (d)
Wear suitable gloves
Warnings to be printed on the label:"
III,3,2b,1,a,label,"Hair waving or
straightening
products",(a) 8 %,8.0,%,,,"General use
ready for use pH 6 to 9,5
Professional use
ready for use pH 6 to 9,5","Conditions of use:
(a) (b)
May cause sensitization in the event
of skin contact
Avoid contact with eyes
In the event of contact with eyes,
rinse immediately with plenty of
water and seek medical advice
Wear suitable gloves
Warnings:
Contains thioglycolate
Follow the instructions
Keep out of reach of children"
III,3,2b,2,b,label,"Hair waving or
straightening
products","(b) 11 %
The abovementioned
percentages
are
calculated
as thioglycolic acid",11.0,%,,,"General use
ready for use pH 6 to 9,5
Professional use
ready for use pH 6 to 9,5","Conditions of use:
(a) (b)
May cause sensitization in the event
of skin contact
Avoid contact with eyes
In the event of contact with eyes,
rinse immediately with plenty of
water and seek medical advice
Wear suitable gloves
Warnings:
Contains thioglycolate
Follow the instructions
Keep out of reach of children
(b) For professional use only"
III,4,3,1,,none,Hair products,5 %,5.0,%,,,Professional use,For professional use only
III,5,4,1,,none,,6 % (as NH3),6.0,%,NH3,,,Above 2 %: Contains ammonia
III,6,5,1,,none,,"0,2 %",0.2,%,,,,
III,7,6,1,a,label,(a) Toothpaste,(a) 5 %,5.0,%,,,,
III,7,6,2,b,label,(b) Other products,(b) 3 %,3.0,%,,,,
III,8,7,1,,none,,,,,,,,
III,9,8,1,a,label,"Hair dye substance
in oxidative hair
dye products",,,,,,(a) General use,"(a) To be printed on the label:
The mixing ratio.
‘ Hair colourants can cause
severe allergic reactions.
Read and follow instructions.
This product is not intended for
use on persons under the age
of 16.
Temporary “black henna”
tattoos may increase your risk
of allergy.
Do not colour your hair if:
— you have a rash on your
face or sensitive, irritated
and damaged scalp,
— you have ever experienced
any reaction after colouring
your hair,
— you have experienced a
reaction to a temporary
“black henna” tattoo in the
past.
Contains phenylenediamines.
Do not use to dye eyelashes or
eyebrows’"
III,9,8,2,b,label,"Hair dye substance
in oxidative hair
dye products",,,,,,"(b) Professional use
For (a) and (b):
After mixing under
oxidative conditions the
maximum concentration
applied to hair must not
exceed 3 % calculated as
free base","(b) To be printed on the label:
The mixing ratio.
‘For professional use only
Hair colourants can cause
severe allergic reactions.
Read and follow instructions.
This product is not intended for
use on persons under the age
of 16.
Temporary “black henna”
tattoos may increase your risk
of allergy.
Do not colour your hair if:
— you have a rash on your
face or sensitive, irritated
and damaged scalp,
— you have ever experienced
any reaction after colouring
your hair,
— you have experienced a
reaction to a temporary
“black henna” tattoo in the
past.
Contains phenylenediamines.
Wear suitable gloves’"
III,10,8a,1,a,label,"Hair dye substance
in oxidative hair
dye products",,,,,,(a) General use,"(a) To be printed on the label:
The mixing ratio.
‘ Hair colourants can cause
severe allergic reactions.
Read and follow instructions.
This product is not intended for
use on persons under the age
of 16.
Temporary “black henna”
tattoos may increase your risk
of allergy.
Do not colour your hair if:
— you have a rash on your
face or sensitive, irritated
and damaged scalp,
— you have ever experienced
any reaction after colouring
your hair,
— you have experienced a
reaction to a temporary
“black henna” tattoo in the
past.
Contains phenylenediamines.
Do not use to dye eyelashes or
eyebrows.’"
III,10,8a,2,b,label,"Hair dye substance
in oxidative hair
dye products",,,,,,"(b) Professional use
For (a) and (b): After
mixing under oxidative
conditions the maximum
concentration applied to hair
must not exceed 2 %
calculated as free base","(b) To be printed on the label:
The mixing ratio.
‘For professional use only.
Hair colourants can cause
severe allergic reactions.
Read and follow instructions.
This product is not intended for
use on persons under the age
of 16.
Temporary “black henna”
tattoos may increase your risk
of allergy.
Do not colour your hair if:
— you have a rash on your
face or sensitive, irritated
and damaged scalp,
— you have ever experienced
any reaction after colouring
your hair,
— you have experienced a
reaction to a temporary
“black henna” tattoo in the
past.
Contains phenylenediamines.
Wear suitable gloves.’"
III,11,8b,1,,none,"Products intended
for colouring
eyelashes",,,,,,"After mixing under
oxidative conditions the
maximum concentration
applied to eyelashes must
not exceed 2 % calculated
as free base
For professional use only.","To be printed on the label:
The mixing ratio.
‘For professional use only.
This product can cause severe
allergic reactions.
Read and follow instructions.
This product is not intended for use
on persons under the age of 16.
Temporary “black henna” tattoos
may increase the risk of allergy.
Eyelashes shall not be coloured if
the consumer:
— has a rash on the face or sensitive,
irritated and damaged scalp,
— has experienced any reaction
after colouring hair or
eyelashes,
— has experienced a reaction to a
temporary “black henna” tattoo
in the past.
Rinse eyes immediately if product
comes into contact with them.
Contains phenylenediamines.
Wear suitable gloves.’"
III,12,8c,1,a,label,"(a) Hair dye
substance in
oxidative hair
dye products",,,,,,"(a) As from 3 September
2017, after mixing
under oxidative
conditions the
maximum concentration
applied to hair must not
exceed 1,0 %
For (a) and (b), as from
3 September 2017:
— Do not use with nitrosating agents
— Maximum nitrosamine
content: 50 μg/kg
— Keep in nitrite-free
containers","(a) As from 3 March 2018, to be
printed on the label:
The mixing ratio.
‘ Hair colourants can cause
severe allergic reactions.
Read and follow instructions.
This product is not intended for
use on persons under the age
of 16.
Temporary “black henna”
tattoos may increase your risk
of allergy.
Do not colour your hair if:
— you have a rash on your
face or sensitive, irritated
and damaged scalp,
— you have ever experienced
any reaction after colouring
your hair,
— you have experienced a
reaction to a temporary
“black henna” tattoo in the
past’."
III,12,8c,2,b,label,"(b) Hair dye
substance in
non-oxidative
hair dye
products","(b) As from
3 September
2017: 1,5 %",1.5,%,,,,
III,13,9,1,a,label,"Hair dye substance
in oxidative hair
dye products",,,,,,(a) General use,"(a) To be printed on the label:
The mixing ratio.
‘ Hair colourants can cause
severe allergic reactions.
Read and follow instructions.
This product is not intended for
use on persons under the age
of 16.
Temporary “black henna”
tattoos may increase your risk
of allergy.
Do not colour your hair if:
— you have a rash on your
face or sensitive, irritated
and damaged scalp,
— you have ever experienced
any reaction after colouring
your hair,
— you have experienced a
reaction to a temporary
“black henna” tattoo in the
past.
Contains phenylenediamines
(toluenediamines).
Do not use to dye eyelashes or
eyebrows.’"
III,13,9,2,b,label,"Hair dye substance
in oxidative hair
dye products",,,,,,"(b) Professional use
For (a) and (b):
After mixing under
oxidative conditions the
maximum concentration
applied to hair must not
exceed 5 % calculated as
free base","(b) To be printed on the label:
The mixing ratio.
‘For professional use only. Hair
colourants can cause severe
allergic reactions.
Read and follow instructions.
This product is not intended for
use on persons under the age
of 16.
Temporary “black henna”
tattoos may increase your risk
of allergy.
Do not colour your hair if:
— you have a rash on your
face or sensitive, irritated
and damaged scalp,
— you have ever experienced
any reaction after colouring
your hair,
— you have experienced a
reaction to a temporary
“black henna” tattoo in the
past.
Contains phenylenediamines
(toluenediamines).
Wear suitable gloves.’"
III,14,9a,1,a,label,"(a) Hair dye
substance in
oxidative hair
dye products",,,,,,"(a) (i) General use
(a) (ii) Professional use","(a) To be printed on the label: The
mixing ratio.
‘ Hair colourants can cause
severe allergic reactions. Read
and follow instructions. This
product is not intended for use
on persons under the age of 16.
Temporary “black henna”
tattoos may increase your risk
of allergy.
Do not colour your hair if:
— you have a rash on your
face or sensitive, irritated
and damaged scalp,
— you have ever experienced
any reaction after colouring
your hair,
— you have experienced a
reaction to a temporary
“black henna” tattoo in the
past.
Contains phenylenediamines
(toluenediamines)
(a) (i) Do not use to dye
eyelashes.
(a) (ii) Wear suitable gloves.
For professional use only.’"
III,14,9a,2,b,label,"(b) Products
intended for
colouring
eyelashes",,,,,,"(b) Professional use
For (a) and (b): After
mixing under oxidative
conditions the maximum
concentration applied to hair
or eyelashes must not
exceed 2,0 % (calculated as
free base) or 3,6 % (calculated as sulfate salt)","(b) As from 3 March 2018, to be
printed on the label: The
mixing ratio.
‘ This product can cause
severe allergic reactions. Read
and follow instructions.
This product is not intended for
use on persons under the age of
16. Temporary “black henna”
tattoos may increase the risk of
allergy.
Eyelashes shall not be coloured
if the consumer:
— has a rash on the face or
sensitive, irritated and
damaged scalp,
— has experienced any
reaction after colouring hair
or eyelashes,
— has experienced a reaction
to a temporary “black
henna” tattoo in the past.
Rinse eyes immediately if
product comes into contact with
them.
Contains phenylenediamines
(toluenediamines).
Wear suitable gloves.
For professional use only’."
III,15,9b,1,,none,"Hair dye substance
in oxidative hair
dye products",,,,,,"As from 3 September 2017,
after mixing under oxidative
conditions the maximum
concentration applied to hair
must not exceed 1,0 %
— Do not use with nitrosating agents
— Maximum nitrosamine
content: 50 μg/kg
— Keep in nitrite-free
containers","As from 3 March 2018, to be
printed on the label:
The mixing ratio.
‘ Hair colourants can cause
severe allergic reactions.
Read and follow instructions.
This product is not intended for use
on persons under the age of 16.
Temporary “black henna” tattoos
may increase your risk of allergy.
Do not colour your hair if:
— you have a rash on your face or
sensitive, irritated and damaged
scalp,
— you have ever experienced any
reaction after colouring your
hair,
— you have experienced a reaction
to a temporary “black henna”
tattoo in the past’."
III,16,10,1,,none,,,,,,,,
III,17,11,1,,none,,"0,5 %",0.5,%,,,,Contains Dichlorophen
III,18,12,1,a,label,(a) Hair products,"(a) 12 % of
H2O2
(40 volumes), present
or released",12.0,%,40 volumes,,,"(a) (f) Wear suitable gloves
(a) (b) (c) (e)
Contains hydrogen peroxide
Avoid contact with eyes
Rinse immediately if product comes
into contact with them."
III,18,12,2,b,label,(b) Skin products,"(b) 4 % of
H2O2,
present or
released",4.0,%,,,,"(a) (b) (c) (e)
Contains hydrogen peroxide
Avoid contact with eyes
Rinse immediately if product comes
into contact with them."
III,18,12,3,c,label,"(c) Nail hardening
products","(c) 2 % of
H2O2,
present or
released",2.0,%,,,,"(a) (b) (c) (e)
Contains hydrogen peroxide
Avoid contact with eyes
Rinse immediately if product comes
into contact with them."
III,18,12,4,d,label,"(d) Oral products,
including
mouth rinse,
tooth paste and
tooth
whitening or
bleaching
products","(d) ≤ 0,1 % of
H2O2,
present or
released",0.1,%,,,,
III,18,12,5,e,label,"(e) Tooth
whitening or
bleaching
products","(e) > 0,1 % ≤
6 % of
H2O2,
present or
released",0.1,%,,"[0.1, 6.0]","(e) To be only sold to
dental practitioners. For
each cycle of use, first
use by dental practitioners as defined under
Directive 2005/36/EC of
the European Parliament
and of the Council (14)
or under their direct
supervision if an
equivalent level of
safety is ensured.
Afterwards to be
provided to the
consumer to complete
the cycle of use.
Not to be used on a
person under 18 years
of age.","(a) (b) (c) (e)
Contains hydrogen peroxide
Avoid contact with eyes
Rinse immediately if product comes
into contact with them.
(e) Concentration of H2O2 present
or released indicated in
percentage.
Not to be used on a person
under 18 years of age.
To be only sold to dental practitioners. For each cycle of use,
the first use to be only done by
dental practitioners or under
their direct supervision if an
equivalent level of safety is
ensured.
Afterwards to be provided to
the consumer to complete the
cycle of use."
III,18,12,6,f,label,"(f) Products
intended for
eyelashes","(f) 2 % of
H2O2,
present or
released",2.0,%,,,"(f) For professional use
only","(a) (f) Wear suitable gloves
f) To be printed on the label:
‘For professional use only.
Avoid contact with eyes.
Rinse eyes immediately if
product comes into contact with
them.
Contains hydrogen peroxide’"
III,19,13,1,,none,,,,,,,,
III,20,14,1,,none,"Artificial nail
systems","0,02 % (after
mixing for use)",0.02,%,"after
mixing for use",,Professional use only,"— For professional use only
— Avoid skin contact
— Read directions for use carefully"
III,21,15a,1,a,label,"(a) Nail cuticle
solvent","(a) 5 % (4)
2 % (4)
4,5 % (4)",5.0,%,,"[5.0, 2.0, 4.5]","General use
Professional use","(a) Contains alkali
Avoid contact with eyes
Can cause blindness
Keep out of reach of children
Contains alkali
Avoid contact with eyes
Can cause blindness
Keep out of reach of children
For professional use only
Avoid contact with eyes
Can cause blindness"
III,21,15a,2,b,label,"(b) Hair
straightener",,,,,,"General use
Professional use",
III,21,15a,3,c,label,"(c) pH adjuster
for depilatories",,,,,,"General use
Professional use
(c) pH < 12,7","(c) Keep out of reach of children
Avoid contact with eyes"
III,21,15a,4,d,label,"(d) Other uses as
pH adjuster",,,,,,"General use
Professional use
(d) pH < 11",
III,22,15b,1,a,label,"(a) Hair
straighteners","2 % (5)
4,5 % (5)",2.0,%,,"[2.0, 4.5]","General use
Professional use
pH < 12,7
pH < 11","(a) Contains alkali
Avoid contact with eyes
Can cause blindness
Keep out of reach of children
Avoid contact with eyes
Can cause blindness"
III,22,15b,2,b,label,"(b) pH adjuster
for depilatories","2 % (5)
4,5 % (5)",2.0,%,,"[2.0, 4.5]","General use
Professional use
pH < 12,7
pH < 11","(b) Contains alkali
Keep out of reach of children
Avoid contact with eyes"
III,22,15b,3,c,label,"(c) Other uses as
pH adjuster
(for rinse-off
products only)","2 % (5)
4,5 % (5)",2.0,%,,"[2.0, 4.5]","General use
Professional use
pH < 12,7
pH < 11",
III,23,15c,1,a,label,"(a) Hair
straighteners
containing
two
components:
calcium
hydroxide and
a guanidine
salt","(a) 7 % (as
calcium
hydroxide)",7.0,%,"calcium
hydroxide",,,"(a) Contains alkali
Avoid contact with eyes
Keep out of reach of children
Can cause blindness"
III,23,15c,2,b,label,"(b) pH adjuster
for depilatories",,,,,,"(b) pH < 12,7","(b) Contains alkali
Keep out of reach of children
Avoid contact with eyes"
III,23,15c,3,c,label,"(c) Other uses (e.
g. pH adjuster,
processing
aid)",,,,,,(c) pH < 11,
III,24,15d,1,,gap,Callosity softener/,"1,5 % (4)",1.5,%,,,,"Contains alkali
Avoid contact with eyes
Keep out of reach of children
Read directions for use carefully"
III,24,15d,2,,gap,remover,,,,,,,"Contains alkali
Avoid contact with eyes
Keep out of reach of children
Read directions for use carefully"
III,25,16,1,,none,"Hair dye substance
in oxidative hair
dye products",,,,,,"After mixing under
oxidative conditions the
maximum concentration
applied to hair must not
exceed 2,0 %","To be printed on the label:
The mixing ratio.
‘ Hair colorants can cause severe
allergic reactions.
Read and follow instructions.
This product is not intended for use
on persons under the age of 16.
Temporary “black henna” tattoos
may increase your risk of allergy.
Do not colour your hair if:
— you have a rash on your face or
sensitive, irritated and damaged
scalp,
— you have ever experienced any
reaction after colouring your
hair,
— you have experienced a
reaction to a temporary “black
henna” tattoo in the past.’"
III,26,17,1,,none,Rust inhibitor,"0,2 %",0.2,%,,,"Not to be used with
secondary and/or tertiary
amines or other substances
forming nitrosamines",
III,27,18,1,,none,Rust inhibitor,"0,3 %",0.3,%,,,,
III,28,19,1,,none,,,,,,,,
III,29,20,1,,none,,,,,,,,
III,30,21,1,a,label,"(a) Hair rinse-off
products","(a) 0,5 % (as
quinine
base)",0.5,%,"quinine
base",,,
III,30,21,2,b,label,"(b) Hair leave-on
products","(b) 0,2 % (as
quinine
base)",0.2,%,"quinine
base",,,
III,31,22,1,a,label,"(a) Hair dye
substance in
oxidative hair
dye products
►M4 (b) Products
intended
for
colouring
eyelashes
►M4 (c) Hair
lotions
and
shampoos",,,,,,"For (a) and (b):
After mixing under
oxidative conditions the
maximum concentration
applied to hair or eyelashes
must not exceed 1,25 % ◄","►M4 (a) To be printed on the
label:
The mixing ratio.
‘ Hair colorants can
cause severe allergic
reactions.
Read and follow instructions.
This product is not
intended for use on
persons under the age
of 16.
Temporary “black
henna” tattoos may
increase your risk of
allergy.
Do not colour your hair
if:
— you have a rash on
your face or
sensitive, irritated
and damaged scalp,
— you have ever
experienced any
reaction after
colouring your hair,
— you have experienced
a reaction to a
temporary “black
henna” tattoo in the
past.
Contains resorcinol.
Rinse hair well after
application.
Rinse eyes immediately
if product comes into
contact with them.
►M47 Do not use to
dye eyelashes.’ ◄ ◄
►M4 (b) To be printed on the
label:
The mixing ratio.
‘For professional use
only.
Contains resorcinol.
This product can
cause severe allergic
reactions.
Read and follow instructions.
This product is not
intended for use on
persons under the age
of 16.
Temporary “black
henna” tattoos may
increase the risk of
allergy.
Eyelashes shall not be
coloured if the
consumer:
— has a rash on the face
or sensitive, irritated
and damaged scalp,
— has experienced any
reaction after
colouring hair or
eyelashes,
— has experienced a
reaction to a
temporary “black
henna” tattoo in the
past.
Rinse eyes immediately
if product comes into
contact with them.’ ◄
►M4 (c) Contains resorcinol. ◄"
III,31,22,2,b,label,,,,,,,"For (a) and (b):
After mixing under
oxidative conditions the
maximum concentration
applied to hair or eyelashes
must not exceed 1,25 % ◄
(b) For professional use
only. ◄","►M4 (a) To be printed on the
label:
The mixing ratio.
‘ Hair colorants can
cause severe allergic
reactions.
Read and follow instructions.
This product is not
intended for use on
persons under the age
of 16.
Temporary “black
henna” tattoos may
increase your risk of
allergy.
Do not colour your hair
if:
— you have a rash on
your face or
sensitive, irritated
and damaged scalp,
— you have ever
experienced any
reaction after
colouring your hair,
— you have experienced
a reaction to a
temporary “black
henna” tattoo in the
past.
Contains resorcinol.
Rinse hair well after
application.
Rinse eyes immediately
if product comes into
contact with them.
►M47 Do not use to
dye eyelashes.’ ◄ ◄
►M4 (b) To be printed on the
label:
The mixing ratio.
‘For professional use
only.
Contains resorcinol.
This product can
cause severe allergic
reactions.
Read and follow instructions.
This product is not
intended for use on
persons under the age
of 16.
Temporary “black
henna” tattoos may
increase the risk of
allergy.
Eyelashes shall not be
coloured if the
consumer:
— has a rash on the face
or sensitive, irritated
and damaged scalp,
— has experienced any
reaction after
colouring hair or
eyelashes,
— has experienced a
reaction to a
temporary “black
henna” tattoo in the
past.
Rinse eyes immediately
if product comes into
contact with them.’ ◄
►M4 (c) Contains resorcinol. ◄"
III,31,22,3,c,label,,"(c) 0,5 % ◄",0.5,%,,,"For (a) and (b):
After mixing under
oxidative conditions the
maximum concentration
applied to hair or eyelashes
must not exceed 1,25 % ◄","►M4 (a) To be printed on the
label:
The mixing ratio.
‘ Hair colorants can
cause severe allergic
reactions.
Read and follow instructions.
This product is not
intended for use on
persons under the age
of 16.
Temporary “black
henna” tattoos may
increase your risk of
allergy.
Do not colour your hair
if:
— you have a rash on
your face or
sensitive, irritated
and damaged scalp,
— you have ever
experienced any
reaction after
colouring your hair,
— you have experienced
a reaction to a
temporary “black
henna” tattoo in the
past.
Contains resorcinol.
Rinse hair well after
application.
Rinse eyes immediately
if product comes into
contact with them.
►M47 Do not use to
dye eyelashes.’ ◄ ◄
►M4 (b) To be printed on the
label:
The mixing ratio.
‘For professional use
only.
Contains resorcinol.
This product can
cause severe allergic
reactions.
Read and follow instructions.
This product is not
intended for use on
persons under the age
of 16.
Temporary “black
henna” tattoos may
increase the risk of
allergy.
Eyelashes shall not be
coloured if the
consumer:
— has a rash on the face
or sensitive, irritated
and damaged scalp,
— has experienced any
reaction after
colouring hair or
eyelashes,
— has experienced a
reaction to a
temporary “black
henna” tattoo in the
past.
Rinse eyes immediately
if product comes into
contact with them.’ ◄
►M4 (c) Contains resorcinol. ◄"
III,32,23,1,a,label,(a) Depilatories,"(a) 2 % (as
sulphur)",2.0,%,sulphur,,"pH ≤ 12,7","(a) (b) Keep out of reach of
children
Avoid contact with eyes"
III,32,23,2,b,label,(b) Depilatories,"(b) 6 % (as
sulphur)",6.0,%,sulphur,,"pH ≤ 12,7","(a) (b) Keep out of reach of
children
Avoid contact with eyes"
III,33,24,1,a,label,"(a) Toothpaste
intended for
users above 1
year of age","(a) 1 % (as
zinc)",1.0,%,zinc,,,
III,33,24,2,b,label,"(b) Toothpaste
intended for
children
between 6
months and 1
year of age","(b) 0,72 % (as
zinc)",0.72,%,zinc,,,
III,33,24,3,c,label,"(c) Mouthwash
intended for
users above 6
years of age","(c) 0,1 % (as
zinc)",0.1,%,zinc,,,
III,33,24,4,d,label,(d) Other products,"(d) 1 % (as
zinc)",1.0,%,zinc,,,
III,34,25,1,,gap,"Deodorants, antiperspirants and",6 % (as %,6.0,%,,,,Avoid contact with eyes
III,34,25,2,,gap,,anhydrous,,,,,,Avoid contact with eyes
III,34,25,3,,gap,astringent lotions,substance),,,,,,Avoid contact with eyes
III,35,26,1,,none,Oral products,"0,15 %
calculated as F.
When mixed
with other
fluorine
compounds
permitted under
this Annex, total
F concentration
must not exceed
0,15 %",0.15,%,,"[0.15, 0.15]",,"Contains ammonium monofluorophosphate.
For any toothpaste with compounds
containing fluorine in a concentration of 0,1 to 0,15 % calculated as
F unless it is already labelled as
contra-indicated for children (e.g.
‘for adult use only’) the following
labelling is obligatory:
‘Children of 6 years and younger: use
a pea-sized amount for supervised
brushing to minimise swallowing. In
case of intake of fluoride from other
sources consult a dentist or doctor.’"
III,36,27,1,,none,Oral products,"0,15 %
calculated as F.
When mixed
with other
fluorine
compounds
permitted under
this Annex,
total F concentration must not
exceed 0,15 %",0.15,%,,"[0.15, 0.15]",,"Contains sodium monofluorophosphate.
For any toothpaste with compounds
containing fluorine in a concentration
of 0,1 to 0,15 % calculated as F
unless it is already labelled as contra-
indicated for children (e.g. ‘for adult
use only’) the following labelling is
obligatory:
‘Children of 6 years and younger: use
a pea-sized amount for supervised
brushing to minimise swallowing. In
case of intake of fluoride from other
sources consult a dentist or doctor.’"
III,37,28,1,,gap,Oral products,"0,15 %
calculated as F.",0.15,%,,,,"Contains potassium monofluorophosphate.
For any toothpaste with compounds
containing fluorine in a concentration of 0,1 to 0,15 % calculated
as F unless it is already labelled as
contra-indicated for children (e.g.
‘for adult use only’) the following
labelling is obligatory:
‘Children of 6 years and younger:
use a pea-sized amount for
supervised brushing to minimise
swallowing. In case of intake of
fluoride from other sources consult
a dentist or doctor.’"
III,37,28,2,,gap,,"When mixed
with other
fluorine
compounds
permitted under
this Annex,
total F concentration must not
exceed 0,15 %",0.15,%,,,,"Contains potassium monofluorophosphate.
For any toothpaste with compounds
containing fluorine in a concentration of 0,1 to 0,15 % calculated
as F unless it is already labelled as
contra-indicated for children (e.g.
‘for adult use only’) the following
labelling is obligatory:
‘Children of 6 years and younger:
use a pea-sized amount for
supervised brushing to minimise
swallowing. In case of intake of
fluoride from other sources consult
a dentist or doctor.’"
III,38,29,1,,gap,Oral products,"0,15 %
calculated as F.",0.15,%,,,,"Contains calcium monofluorophosphate.
For any toothpaste with compounds
containing fluorine in a concentration of 0,1 to 0,15 % calculated
as F unless it is already labelled as
contra-indicated for children (e.g.
‘for adult use only’) the following
labelling is obligatory:
‘Children of 6 years and younger:
use a pea-sized amount for
supervised brushing to minimise
swallowing. In case of intake of
fluoride from other sources consult
a dentist or doctor.’"
III,38,29,2,,gap,,"When mixed
with other
fluorine
compounds
permitted under
this Annex,
total F concentration must not
exceed 0,15 %",0.15,%,,,,"Contains calcium monofluorophosphate.
For any toothpaste with compounds
containing fluorine in a concentration of 0,1 to 0,15 % calculated
as F unless it is already labelled as
contra-indicated for children (e.g.
‘for adult use only’) the following
labelling is obligatory:
‘Children of 6 years and younger:
use a pea-sized amount for
supervised brushing to minimise
swallowing. In case of intake of
fluoride from other sources consult
a dentist or doctor.’"
III,39,30,1,,gap,Oral products,"0,15 %
calculated as F.",0.15,%,,,,"Contains calcium fluoride.
For any toothpaste with compounds
containing fluorine in a concentration of 0,1 to 0,15 % calculated
as F unless it is already labelled as
contra-indicated for children (e.g.
‘for adult use only’) the following
labelling is obligatory:
‘Children of 6 years and younger:
use a pea-sized amount for
supervised brushing to minimise
swallowing. In case of intake of
fluoride from other sources consult
a dentist or doctor.’"
III,39,30,2,,gap,,"When mixed
with other
fluorine
compounds
permitted under
this Annex,
total F concentration must not
exceed 0,15 %",0.15,%,,,,"Contains calcium fluoride.
For any toothpaste with compounds
containing fluorine in a concentration of 0,1 to 0,15 % calculated
as F unless it is already labelled as
contra-indicated for children (e.g.
‘for adult use only’) the following
labelling is obligatory:
‘Children of 6 years and younger:
use a pea-sized amount for
supervised brushing to minimise
swallowing. In case of intake of
fluoride from other sources consult
a dentist or doctor.’"
III,40,31,1,,gap,Oral products,"0,15 %
calculated as F.",0.15,%,,,,"Contains sodium fluoride.
For any toothpaste with compounds
containing fluorine in a concentration of 0,1 to 0,15 % calculated
as F unless it is already labelled as
contra-indicated for children (e.g.
‘for adult use only’) the following
labelling is obligatory:
‘Children of 6 years and younger:
use a pea-sized amount for
supervised brushing to minimise
swallowing. In case of intake of
fluoride from other sources consult
a dentist or doctor.’"
III,40,31,2,,gap,,"When mixed
with other
fluorine
compounds
permitted under
this Annex,
total F concentration must not
exceed 0,15 %",0.15,%,,,,"Contains sodium fluoride.
For any toothpaste with compounds
containing fluorine in a concentration of 0,1 to 0,15 % calculated
as F unless it is already labelled as
contra-indicated for children (e.g.
‘for adult use only’) the following
labelling is obligatory:
‘Children of 6 years and younger:
use a pea-sized amount for
supervised brushing to minimise
swallowing. In case of intake of
fluoride from other sources consult
a dentist or doctor.’"
III,41,32,1,,gap,Oral products,"0,15 %
calculated as F.",0.15,%,,,,"Contains potassium fluoride.
For any toothpaste with compounds
containing fluorine in a concentration of 0,1 to 0,15 % calculated
as F unless it is already labelled as
contra-indicated for children (e.g.
‘for adult use only’) the following
labelling is obligatory:
‘Children of 6 years and younger:
use a pea-sized amount for
supervised brushing to minimise
swallowing. In case of intake of
fluoride from other sources consult
a dentist or doctor.’"
III,41,32,2,,gap,,"When mixed
with other
fluorine
compounds
permitted under
this Annex,
total F concentration must not
exceed 0,15 %",0.15,%,,,,"Contains potassium fluoride.
For any toothpaste with compounds
containing fluorine in a concentration of 0,1 to 0,15 % calculated
as F unless it is already labelled as
contra-indicated for children (e.g.
‘for adult use only’) the following
labelling is obligatory:
‘Children of 6 years and younger:
use a pea-sized amount for
supervised brushing to minimise
swallowing. In case of intake of
fluoride from other sources consult
a dentist or doctor.’"
III,42,33,1,,gap,Oral products,"0,15 %
calculated as F.",0.15,%,,,,"Contains ammonium fluoride.
For any toothpaste with compounds
containing fluorine in a concentration of 0,1 to 0,15 % calculated
as F unless it is already labelled as
contra-indicated for children (e.g.
‘for adult use only’) the following
labelling is obligatory:
‘Children of 6 years and younger:
use a pea-sized amount for
supervised brushing to minimise
swallowing. In case of intake of
fluoride from other sources consult
a dentist or doctor.’"
III,42,33,2,,gap,,"When mixed
with other
fluorine
compounds
permitted under
this Annex,
total F concentration must not
exceed 0,15 %",0.15,%,,,,"Contains ammonium fluoride.
For any toothpaste with compounds
containing fluorine in a concentration of 0,1 to 0,15 % calculated
as F unless it is already labelled as
contra-indicated for children (e.g.
‘for adult use only’) the following
labelling is obligatory:
‘Children of 6 years and younger:
use a pea-sized amount for
supervised brushing to minimise
swallowing. In case of intake of
fluoride from other sources consult
a dentist or doctor.’"
III,43,34,1,,gap,Oral products,"0,15 %
calculated as F.",0.15,%,,,,"Contains aluminium fluoride.
For any toothpaste with compounds
containing fluorine in a concentration of 0,1 to 0,15 % calculated
as F unless it is already labelled as
contra-indicated for children (e.g.
‘for adult use only’) the following
labelling is obligatory:
‘Children of 6 years and younger:
use a pea-sized amount for
supervised brushing to minimise
swallowing. In case of intake of
fluoride from other sources consult
a dentist or doctor.’"
III,43,34,2,,gap,,"When mixed
with other
fluorine
compounds
permitted under
this Annex,
total F concentration must not
exceed 0,15 %",0.15,%,,,,"Contains aluminium fluoride.
For any toothpaste with compounds
containing fluorine in a concentration of 0,1 to 0,15 % calculated
as F unless it is already labelled as
contra-indicated for children (e.g.
‘for adult use only’) the following
labelling is obligatory:
‘Children of 6 years and younger:
use a pea-sized amount for
supervised brushing to minimise
swallowing. In case of intake of
fluoride from other sources consult
a dentist or doctor.’"
III,44,35,1,,gap,Oral products,"0,15 %
calculated as F.",0.15,%,,,,"Contains stannous fluoride.
For any toothpaste with compounds
containing fluorine in a concentration of 0,1 to 0,15 % calculated
as F unless it is already labelled as
contra-indicated for children (e.g.
‘for adult use only’) the following
labelling is obligatory:
‘Children of 6 years and younger:
use a pea-sized amount for
supervised brushing to minimise
swallowing. In case of intake of
fluoride from other sources consult
a dentist or doctor.’"
III,44,35,2,,gap,,"When mixed
with other
fluorine
compounds
permitted under
this Annex,
total F concentration must not
exceed 0,15 %",0.15,%,,,,"Contains stannous fluoride.
For any toothpaste with compounds
containing fluorine in a concentration of 0,1 to 0,15 % calculated
as F unless it is already labelled as
contra-indicated for children (e.g.
‘for adult use only’) the following
labelling is obligatory:
‘Children of 6 years and younger:
use a pea-sized amount for
supervised brushing to minimise
swallowing. In case of intake of
fluoride from other sources consult
a dentist or doctor.’"
III,45,36,1,,gap,Oral products,"0,15 %
calculated as F.",0.15,%,,,,"Contains Cetylamine hydrofluoride.
For any toothpaste with compounds
containing fluorine in a concentration of 0,1 to 0,15 % calculated
as F unless it is already labelled as
contra-indicated for children (e.g.
‘for adult use only’) the following
labelling is obligatory:
‘Children of 6 years and younger:
use a pea-sized amount for
supervised brushing to minimise
swallowing. In case of intake of
fluoride from other sources consult
a dentist or doctor.’"
III,45,36,2,,gap,,"When mixed
with other
fluorine
compounds
permitted under
this Annex,
total F concentration must not
exceed 0,15 %",0.15,%,,,,"Contains Cetylamine hydrofluoride.
For any toothpaste with compounds
containing fluorine in a concentration of 0,1 to 0,15 % calculated
as F unless it is already labelled as
contra-indicated for children (e.g.
‘for adult use only’) the following
labelling is obligatory:
‘Children of 6 years and younger:
use a pea-sized amount for
supervised brushing to minimise
swallowing. In case of intake of
fluoride from other sources consult
a dentist or doctor.’"
III,46,37,1,,gap,Oral products,"0,15 %
calculated as F.",0.15,%,,,,"Contains 3-(N-Hexadecyl-N-2-
hydroxyethylammonio) propylbis
(2-hydroxyethyl) ammonium difluoride.
For any toothpaste with compounds
containing fluorine in a concentration of 0,1 to 0,15 % calculated
as F unless it is already labelled as
contra-indicated for children (e.g.
‘for adult use only’) the following
labelling is obligatory:
‘Children of 6 years and younger:
use a pea-sized amount for
supervised brushing to minimise
swallowing. In case of intake of
fluoride from other sources consult
a dentist or doctor.’"
III,46,37,2,,gap,,"When mixed
with other
fluorine
compounds
permitted under
this Annex,
total F concentration must not
exceed 0,15 %",0.15,%,,,,"Contains 3-(N-Hexadecyl-N-2-
hydroxyethylammonio) propylbis
(2-hydroxyethyl) ammonium difluoride.
For any toothpaste with compounds
containing fluorine in a concentration of 0,1 to 0,15 % calculated
as F unless it is already labelled as
contra-indicated for children (e.g.
‘for adult use only’) the following
labelling is obligatory:
‘Children of 6 years and younger:
use a pea-sized amount for
supervised brushing to minimise
swallowing. In case of intake of
fluoride from other sources consult
a dentist or doctor.’"
III,47,38,1,,none,Oral products,"0,15 %
calculated as F.
When mixed
with other
fluorine
compounds
permitted under
this Annex,
total F concentration must not
exceed 0,15 %",0.15,%,,"[0.15, 0.15]",,"Contains N,N′,N′-tris(polyoxyethylene)-N-hexadecylpropylenediamine
dihydrofluoride.
For any toothpaste with compounds
containing fluorine in a concentration of 0,1 to 0,15 % calculated
as F unless it is already labelled as
contra-indicated for children (e.g.
‘for adult use only’) the following
labelling is obligatory:
‘Children of 6 years and younger:
use a pea-sized amount for
supervised brushing to minimise
swallowing. In case of intake of
fluoride from other sources consult
a dentist or doctor.’"
III,48,39,1,,none,Oral products,"0,15 %
calculated as F.
When mixed
with other
fluorine
compounds
permitted under
this Annex,
total F concentration must not
exceed 0,15 %",0.15,%,,"[0.15, 0.15]",,"Contains octadecenyl-ammonium
fluoride.
For any toothpaste with compounds
containing fluorine in a concentration of 0,1 to 0,15 % calculated
as F unless it is already labelled as
contra-indicated for children (e.g.
‘for adult use only’) the following
labelling is obligatory:
‘Children of 6 years and younger:
use a pea-sized amount for
supervised brushing to minimise
swallowing. In case of intake of
fluoride from other sources consult
a dentist or doctor.’"
III,49,40,1,,gap,Oral products,"0,15 %
calculated as F.",0.15,%,,,,"Contains sodium fluorosilicate.
For any toothpaste with compounds
containing fluorine in a concentration of 0,1 to 0,15 % calculated
as F unless it is already labelled as
contra-indicated for children (e.g.
‘for adult use only’) the following
labelling is obligatory:
‘Children of 6 years and younger:
use a pea-sized amount for
supervised brushing to minimise
swallowing. In case of intake of
fluoride from other sources consult
a dentist or doctor.’"
III,49,40,2,,gap,,"When mixed
with other
fluorine
compounds
permitted under
this Annex,
total F concentration must not
exceed 0,15 %",0.15,%,,,,"Contains sodium fluorosilicate.
For any toothpaste with compounds
containing fluorine in a concentration of 0,1 to 0,15 % calculated
as F unless it is already labelled as
contra-indicated for children (e.g.
‘for adult use only’) the following
labelling is obligatory:
‘Children of 6 years and younger:
use a pea-sized amount for
supervised brushing to minimise
swallowing. In case of intake of
fluoride from other sources consult
a dentist or doctor.’"
III,50,41,1,,gap,Oral products,"0,15 %
calculated as F.",0.15,%,,,,"Contains potassium fluorosilicate.
For any toothpaste with compounds
containing fluorine in a concentration of 0,1 to 0,15 % calculated
as F unless it is already labelled as
contra-indicated for children (e.g.
‘for adult use only’) the following
labelling is obligatory:
‘Children of 6 years and younger:
use a pea-sized amount for
supervised brushing to minimise
swallowing. In case of intake of
fluoride from other sources consult
a dentist or doctor.’"
III,50,41,2,,gap,,"When mixed
with other
fluorine
compounds
permitted under
this Annex,
total F concentration must not
exceed 0,15 %",0.15,%,,,,"Contains potassium fluorosilicate.
For any toothpaste with compounds
containing fluorine in a concentration of 0,1 to 0,15 % calculated
as F unless it is already labelled as
contra-indicated for children (e.g.
‘for adult use only’) the following
labelling is obligatory:
‘Children of 6 years and younger:
use a pea-sized amount for
supervised brushing to minimise
swallowing. In case of intake of
fluoride from other sources consult
a dentist or doctor.’"
III,51,42,1,,gap,Oral products,"0,15 %
calculated as F.",0.15,%,,,,"Contains ammonium fluorosilicate.
For any toothpaste with compounds
containing fluorine in a concentration of 0,1 to 0,15 % calculated
as F unless it is already labelled as
contra-indicated for children (e.g.
‘for adult use only’) the following
labelling is obligatory:
‘Children of 6 years and younger:
use a pea-sized amount for
supervised brushing to minimise
swallowing. In case of intake of
fluoride from other sources consult
a dentist or doctor.’"
III,51,42,2,,gap,,"When mixed
with other
fluorine
compounds
permitted under
this Annex,
total F concentration must not
exceed 0,15 %",0.15,%,,,,"Contains ammonium fluorosilicate.
For any toothpaste with compounds
containing fluorine in a concentration of 0,1 to 0,15 % calculated
as F unless it is already labelled as
contra-indicated for children (e.g.
‘for adult use only’) the following
labelling is obligatory:
‘Children of 6 years and younger:
use a pea-sized amount for
supervised brushing to minimise
swallowing. In case of intake of
fluoride from other sources consult
a dentist or doctor.’"
III,52,43,1,,gap,Oral products,"0,15 %
calculated as F.",0.15,%,,,,"Contains magnesium fluorosilicate.
For any toothpaste with compounds
containing fluorine in a concentration of 0,1 to 0,15 % calculated
as F unless it is already labelled as
contra-indicated for children (e.g.
‘for adult use only’) the following
labelling is obligatory:
‘Children of 6 years and younger:
use a pea-sized amount for
supervised brushing to minimise
swallowing. In case of intake of
fluoride from other sources consult
a dentist or doctor.’"
III,52,43,2,,gap,,"When mixed
with other
fluorine
compounds
permitted under
this Annex,
total F concentration must not
exceed 0,15 %",0.15,%,,,,"Contains magnesium fluorosilicate.
For any toothpaste with compounds
containing fluorine in a concentration of 0,1 to 0,15 % calculated
as F unless it is already labelled as
contra-indicated for children (e.g.
‘for adult use only’) the following
labelling is obligatory:
‘Children of 6 years and younger:
use a pea-sized amount for
supervised brushing to minimise
swallowing. In case of intake of
fluoride from other sources consult
a dentist or doctor.’"
III,53,44,1,a,label,(a) Hair- products,(a) 2 %,2.0,%,,,"(a) Not to be used in
aerosol dispensers
(sprays)","Contains Dimethylol ethylene
thiourea"
III,53,44,2,b,label,(b) Nail- products,(b) 2 %,2.0,%,,,(b) pH < 4,"Contains Dimethylol ethylene
thiourea"
III,54,45,1,,none,,,,,,,"For purposes other than
inhibiting the development
of microorganisms in the
product. This purpose has to
be apparent from the presentation of the product.
The presence of the
substance shall be indicated
in the list of ingredients
referred to in Article 19(1),
point (g), when its concentration exceeds:
— 0,001 % in leave-on
products
— 0,01 % in rinse-off
products.",
III,55,46,1,,none,Oral products,"0,003 %",0.003,%,,,"The presence of the
substance shall be indicated
in the list of ingredients
referred to in Article 19(1),
point (g), when its concentration exceeds:
— 0,001 % in leave-on
products
— 0,01 % in rinse-off
products.",
III,56,47,1,,gap,Oral products,"0,15 %
calculated as F.",0.15,%,,,,"Contains nicomethanol hydrofluoride.
For any toothpaste with compounds
containing fluorine in a concentration of 0,1 to 0,15 % calculated
as F unless it is already labelled as
contra-indicated for children (e.g.
‘for adult use only’) the following
labelling is obligatory:
‘Children of 6 years and younger:
use a pea-sized amount for
supervised brushing to minimise
swallowing. In case of intake of
fluoride from other sources consult
a dentist or doctor.’"
III,56,47,2,,gap,,"When mixed
with other
fluorine
compounds
permitted under
this Annex,
total F concentration must not
exceed 0,15 %",0.15,%,,,,"Contains nicomethanol hydrofluoride.
For any toothpaste with compounds
containing fluorine in a concentration of 0,1 to 0,15 % calculated
as F unless it is already labelled as
contra-indicated for children (e.g.
‘for adult use only’) the following
labelling is obligatory:
‘Children of 6 years and younger:
use a pea-sized amount for
supervised brushing to minimise
swallowing. In case of intake of
fluoride from other sources consult
a dentist or doctor.’"
III,57,48,1,,none,"Only for colouring
eyelashes and
eyebrows",4 %,4.0,%,,,,"Contains silver nitrate
Rinse eyes immediately if product
comes into contact with them"
III,58,49,1,,none,"Antidandruff
shampoos",1 %,1.0,%,,,,"Contains selenium disulphide
Avoid contact with eyes or
damaged skin"
III,59,50,1,,gap,Anti-perspirants,"20 % (as
anhydrous
aluminium
zirconium
chloride
hydroxide)",20.0,%,,,"1. The ratio of the number
of aluminium atoms to
that of zirconium atoms
must be between 2
and 10
2. The ratio of the number
of (Al + Zr) atoms to
that of chlorine atoms
must be between 0,9 and
2,1
3. Not to be used in aerosol
dispensers (sprays)","Do not apply to irritated or
damaged skin"
III,59,50,2,,gap,,"5,4 % (as
zirconium)",5.4,%,zirconium,,"1. The ratio of the number
of aluminium atoms to
that of zirconium atoms
must be between 2
and 10
2. The ratio of the number
of (Al + Zr) atoms to
that of chlorine atoms
must be between 0,9 and
2,1
3. Not to be used in aerosol
dispensers (sprays)","Do not apply to irritated or
damaged skin"
III,60,,1,,none,,,,,,,,
III,61,51,1,,gap,"Stabilizer for
hydrogen peroxide","(0,3 % as base)",0.3,%,,,,
III,61,51,2,,gap,"in rinse-off hair
products",,,,,,,
III,61,51,3,,gap,"Stabilizer for
hydrogen peroxide
in leave-on hair
products","(0,03 % as base)",0.03,%,,,,
III,62,52,1,,gap,Denaturant for,5 % (as a %,5.0,%,,,,
III,62,52,2,,gap,ethanol and,ethanol and,,,,,,
III,62,52,3,,gap,isopropyl alcohol,isopropyl,,,,,,
III,62,52,4,,gap,,alcohol),,,,,,
III,63,53,1,a,label,(a) Hair- product,"1,5 % (as
etidronic acid)
0,2 % (as
etidronic acid)",1.5,%,etidronic acid,"[1.5, 0.2]",,
III,63,53,2,b,label,(b) Soap,"1,5 % (as
etidronic acid)
0,2 % (as
etidronic acid)",1.5,%,etidronic acid,"[1.5, 0.2]",,
III,64,54,1,,gap,"Use only in rinse-
off products",2 %,2.0,%,,,"For purposes other than
inhibiting the development
of micro-organisms in the
product. This purpose has to
be apparent from the presentation of the product",
III,64,54,2,,gap,"Not to be used in
oral products",,,,,,"For purposes other than
inhibiting the development
of micro-organisms in the
product. This purpose has to
be apparent from the presentation of the product",
III,65,55,1,,none,,,,,,,,
III,66,56,1,,gap,Oral products,"0,15 %
calculated as F.",0.15,%,,,,"Contains magnesium fluoride.
For any toothpaste with compounds
containing fluorine in a concentration of 0,1 to 0,15 % calculated
as F unless it is already labelled as
contra-indicated for children (e.g.
‘for adult use only’) the following
labelling is obligatory:
‘Children of 6 years and younger:
use a pea-sized amount for
supervised brushing to minimise
swallowing. In case of intake of
fluoride from other sources consult
a dentist or doctor.’"
III,66,56,2,,gap,,"When mixed
with other
fluorine
compounds
permitted under
this Annex,
total F concentration must not
exceed 0,15 %",0.15,%,,,,"Contains magnesium fluoride.
For any toothpaste with compounds
containing fluorine in a concentration of 0,1 to 0,15 % calculated
as F unless it is already labelled as
contra-indicated for children (e.g.
‘for adult use only’) the following
labelling is obligatory:
‘Children of 6 years and younger:
use a pea-sized amount for
supervised brushing to minimise
swallowing. In case of intake of
fluoride from other sources consult
a dentist or doctor.’"
III,67,57,1,a,label,(a) Oral products,"3,5 % (as strontium). When
mixed with
other permitted
strontium
compounds the
total strontium
content must
not exceed
3,5 %
2,1 % (as strontium). When
mixed with
other permitted
strontium
compounds the
total strontium
content must
not exceed
2,1 %",3.5,%,strontium,"[3.5, 3.5, 2.1, 2.1]",,"Contains strontium chloride
Frequent use by children is not
advisable"
III,67,57,2,b,label,"(b) Shampoo and
face products","3,5 % (as strontium). When
mixed with
other permitted
strontium
compounds the
total strontium
content must
not exceed
3,5 %
2,1 % (as strontium). When
mixed with
other permitted
strontium
compounds the
total strontium
content must
not exceed
2,1 %",3.5,%,strontium,"[3.5, 3.5, 2.1, 2.1]",,"Contains strontium chloride
Frequent use by children is not
advisable"
III,68,58,1,,none,Oral products,"3,5 % (as strontium). When
mixed with
other permitted
strontium
compounds the
total strontium
content must
not exceed
3,5 %",3.5,%,strontium,"[3.5, 3.5]",,"Contains strontium acetate
Frequent use by children is not
advisable"
III,69,59,1,a,label,"(a) Powdery
products
intended to be
used for
children under
3 years of age",,,,,,,"(a) Keep powder away from
children's nose and mouth"
III,69,59,2,b,label,(b) Other products,,,,,,,
III,70,60,1,,none,,"Maximum
secondary
amine content:
0,5 %",0.5,%,,,"— Not to be used with
nitrosating systems
— Maximum secondary
amine content: 5 %
(applies to raw
materials)
— Maximum nitrosamine
content: 50 μg/kg
— Keep in nitrite-free
containers",
III,71,61,1,,none,,"Maximum
secondary
amine content:
0,5 %",0.5,%,,,"— Not to be used with
nitrosating systems-
Minimum purity: 99 %
— Maximum secondary
amine content: 0,5 %
(applies to raw
materials)
— Maximum nitrosamine
content: 50 μg/kg
— Keep in nitrite-free
containers",
III,72,62,1,a,label,"(a) Leave-on
products","(a) 2,5 %",2.5,%,,,"(a) (b)
— Not to be used with
nitrosating systems
— Minimum purity: 99 %
— Maximum secondary
amine content: 0,5 %
(applies to raw
materials)
— Maximum nitrosamine
content: 50 μg/kg
— Keep in nitrite-free
containers",
III,72,62,2,b,label,"(b) Rinse-off
products",,,,,,"(a) (b)
— Not to be used with
nitrosating systems
— Minimum purity: 99 %
— Maximum secondary
amine content: 0,5 %
(applies to raw
materials)
— Maximum nitrosamine
content: 50 μg/kg
— Keep in nitrite-free
containers",
III,73,63,1,,none,"pH adjuster for
depilatories","3,5 % (as
strontium)",3.5,%,strontium,,"pH ≤ 12,7","Keep out of reach of children
Avoid contact with eyes"
III,74,64,1,,none,"Rinse-off hair
products","4,5 % (as
strontium)",4.5,%,strontium,,"All products must meet the
hydrogen peroxide release
requirements
Professional use","Avoid contact with eyes
Rinse eyes immediately if product
comes into contact with them
For professional use only
Wear suitable gloves"
III,75,65,1,,none,"Rinse-off hair
(head) products","3 % (as benzalkonium
chloride)",3.0,%,"benzalkonium
chloride",,"In the final products the
concentrations of benzalkonium chloride, bromide
and saccharinate with an
alkyl chain of C14, or less
must not exceed 0,1 % (as
benzalkonium chloride)
For purposes other than
inhibiting the development
of micro-organisms in the
product. This purpose has to
be apparent from the presentation of the product",Avoid contact with eyes
III,76,66,1,a,label,"(a) Body- leave-on
products",,,,,,"(a) Maximum residual
acrylamide content
0,1 mg/kg",
III,76,66,2,b,label,(b) Other products,,,,,,"(b) Maximum residual
acrylamide content
0,5 mg/kg",
III,77,67,1,,none,,,,,,,"The presence of the
substance must be indicated
in the list of ingredients
referred to in Article 19(1)
(g) when its concentration
exceeds:
— 0,001 % in leave-on
products
— 0,01 % in rinse-off
products",
III,78,68,1,,none,,,,,,,,
III,79,69,1,,none,,,,,,,"The presence of the
substance must be indicated
in the list of ingredients
referred to in Article 19(1)
(g) when its concentration
exceeds:
— 0,001 % in leave-on
products
— 0,01 % in rinse-off
products",
III,80,70,1,a,label,"(a) Lip make-up
products,
lipstick, lip
salves","(a) 0,11 %",0.11,%,,,"The presence of the
substance or substances
shall be indicated as ‘Citral’
in the list of ingredients
referred to in Article 19(1),
point (g), when the concentration of the substance or
substances exceeds:
— 0,001 % in leave-on
products
— 0,01 % in rinse-off
products.",
III,80,70,2,b,label,"(b) Deodorants
and antiperspirants","(b) 0,032 %",0.032,%,,,"The presence of the
substance or substances
shall be indicated as ‘Citral’
in the list of ingredients
referred to in Article 19(1),
point (g), when the concentration of the substance or
substances exceeds:
— 0,001 % in leave-on
products
— 0,01 % in rinse-off
products.",
III,80,70,3,c,label,"(c) Eye products,
face make-up
and make-up
remover","(c) 0,65 %",0.65,%,,,"The presence of the
substance or substances
shall be indicated as ‘Citral’
in the list of ingredients
referred to in Article 19(1),
point (g), when the concentration of the substance or
substances exceeds:
— 0,001 % in leave-on
products
— 0,01 % in rinse-off
products.",
III,80,70,4,d,label,"(d) Fragrance
products
(hydroalcoholic and
non-hydroalcoholic, spray
and non-spray)","(d) 0,6 %",0.6,%,,,"The presence of the
substance or substances
shall be indicated as ‘Citral’
in the list of ingredients
referred to in Article 19(1),
point (g), when the concentration of the substance or
substances exceeds:
— 0,001 % in leave-on
products
— 0,01 % in rinse-off
products.",
III,80,70,5,e,label,"(e) Leave-on skin
products
(except lip
products,
deodorants and
antiperspirants,
fragrance
products, eye
products, face
make-up and
make-up
remover) and
nail products","(e) 0,15 %",0.15,%,,,"The presence of the
substance or substances
shall be indicated as ‘Citral’
in the list of ingredients
referred to in Article 19(1),
point (g), when the concentration of the substance or
substances exceeds:
— 0,001 % in leave-on
products
— 0,01 % in rinse-off
products.",
III,80,70,6,f,label,(f) Oral products,"(f) 0,35 %",0.35,%,,,"The presence of the
substance or substances
shall be indicated as ‘Citral’
in the list of ingredients
referred to in Article 19(1),
point (g), when the concentration of the substance or
substances exceeds:
— 0,001 % in leave-on
products
— 0,01 % in rinse-off
products.",
III,80,70,7,g,label,"(g) Hair leave-on
products","(g) 1,2 %",1.2,%,,,"The presence of the
substance or substances
shall be indicated as ‘Citral’
in the list of ingredients
referred to in Article 19(1),
point (g), when the concentration of the substance or
substances exceeds:
— 0,001 % in leave-on
products
— 0,01 % in rinse-off
products.",
III,80,70,8,h,label,"(h) Skin and hair
rinse-off
products","(h) 1,2 %",1.2,%,,,"The presence of the
substance or substances
shall be indicated as ‘Citral’
in the list of ingredients
referred to in Article 19(1),
point (g), when the concentration of the substance or
substances exceeds:
— 0,001 % in leave-on
products
— 0,01 % in rinse-off
products.",
III,80,70,9,i,label,"(i) Leave-on
products for
the anogenital
area (baby
wipes and
intimate wipes)","(i) 0,063 %",0.063,%,,,"The presence of the
substance or substances
shall be indicated as ‘Citral’
in the list of ingredients
referred to in Article 19(1),
point (g), when the concentration of the substance or
substances exceeds:
— 0,001 % in leave-on
products
— 0,01 % in rinse-off
products.",
III,81,71,1,,none,,,,,,,"The presence of the
substance must be indicated
in the list of ingredients
referred to in Article 19(1)
(g) when its concentration
exceeds:
— 0,001 % in leave-on
products
— 0,01 % in rinse-off
products",
III,82,72,1,a,label,(a) Oral products,,,,,,"(a) (b)
The presence of the
substance must be indicated
in the list of ingredients
referred to in Article 19(1)
(g) when its concentration
exceeds:
— 0,001 % in leave-on
products
— 0,01 % in rinse-off
products",
III,82,72,2,b,label,(b) Other products,"(b) 1,0 %",1.0,%,,,"(a) (b)
The presence of the
substance must be indicated
in the list of ingredients
referred to in Article 19(1)
(g) when its concentration
exceeds:
— 0,001 % in leave-on
products
— 0,01 % in rinse-off
products",
III,83,73,1,a,label,(a) Oral products,,,,,,"(a) (b)
The presence of the
substance shall be indicated
in the list of ingredients
referred to in Article 19(1),
point (g), when its concentration exceeds:
— 0,001 % in leave-on
products
— 0,01 % in rinse-off
products.",
III,83,73,2,b,label,(b) Other products,"(b) 0,02 %",0.02,%,,,"(a) (b)
The presence of the
substance shall be indicated
in the list of ingredients
referred to in Article 19(1),
point (g), when its concentration exceeds:
— 0,001 % in leave-on
products
— 0,01 % in rinse-off
products.",
III,84,74,1,,none,,,,,,,"The presence of the
substance must be indicated
in the list of ingredients
referred to in Article 19(1)
(g) when its concentration
exceeds:
— 0,001 % in leave-on
products
— 0,01 % in rinse-off
products",
III,85,75,1,a,label,"(a) Fragrance
products
(hydroalcoholic and
non-hydroalcoholic, spray
and non-spray)",(a) 4 %,4.0,%,,,"The presence of the
substance shall be indicated
in the list of ingredients
referred to in Article 19(1),
point (g), when its concentration exceeds:
— 0,001 % in leave-on
products
— 0,01 % in rinse-off
products.",
III,85,75,2,b,label,"(b) Rinse-off skin
and hair
products
(except shower
gel/bath
products)","(b) 0,5 %",0.5,%,,,"The presence of the
substance shall be indicated
in the list of ingredients
referred to in Article 19(1),
point (g), when its concentration exceeds:
— 0,001 % in leave-on
products
— 0,01 % in rinse-off
products.",
III,85,75,3,c,label,"(c) Shower gel/
bath products","(c) 1,3 %",1.3,%,,,"The presence of the
substance shall be indicated
in the list of ingredients
referred to in Article 19(1),
point (g), when its concentration exceeds:
— 0,001 % in leave-on
products
— 0,01 % in rinse-off
products.",
III,85,75,4,d,label,"(d) Leave-on skin
and hair
products (non-
spray/non-
aerosol)
(except body
lotion)","(d) 0,5 %",0.5,%,,,"The presence of the
substance shall be indicated
in the list of ingredients
referred to in Article 19(1),
point (g), when its concentration exceeds:
— 0,001 % in leave-on
products
— 0,01 % in rinse-off
products.",
III,85,75,5,e,label,"(e) Leave-on hair
products
(spray/aerosol)","(e) 0,5 %",0.5,%,,,"The presence of the
substance shall be indicated
in the list of ingredients
referred to in Article 19(1),
point (g), when its concentration exceeds:
— 0,001 % in leave-on
products
— 0,01 % in rinse-off
products.",
III,85,75,6,f,label,(f) Body lotion,"(f) 0,7 %",0.7,%,,,"The presence of the
substance shall be indicated
in the list of ingredients
referred to in Article 19(1),
point (g), when its concentration exceeds:
— 0,001 % in leave-on
products
— 0,01 % in rinse-off
products.",
III,85,75,7,g,label,"(g) Face make-up
and make-up
remover
products","(g) 0,2 %",0.2,%,,,"The presence of the
substance shall be indicated
in the list of ingredients
referred to in Article 19(1),
point (g), when its concentration exceeds:
— 0,001 % in leave-on
products
— 0,01 % in rinse-off
products.",
III,85,75,8,h,label,(h) Oral products,"(h) 0,004 %",0.004,%,,,"The presence of the
substance shall be indicated
in the list of ingredients
referred to in Article 19(1),
point (g), when its concentration exceeds:
— 0,001 % in leave-on
products
— 0,01 % in rinse-off
products.",
III,85,75,9,i,label,"(i) Deodorant
products
(spray/aerosol)","(i) 0,91 %",0.91,%,,,"The presence of the
substance shall be indicated
in the list of ingredients
referred to in Article 19(1),
point (g), when its concentration exceeds:
— 0,001 % in leave-on
products
— 0,01 % in rinse-off
products.",
III,86,76,1,,none,,,,,,,"The presence of the
substance must be indicated
in the list of ingredients
referred to in Article 19(1)
(g) when its concentration
exceeds:
— 0,001 % in leave-on
products
— 0,01 % in rinse-off
products",
III,87,77,1,,none,,,,,,,"The presence of the
substance must be indicated
in the list of ingredients
referred to in Article 19(1)
(g) when its concentration
exceeds:
— 0,001 % in leave-on
products
— 0,01 % in rinse-off
products",
III,88,78,1,,none,,,,,,,"The presence of the
substance must be indicated
in the list of ingredients
referred to in Article 19(1)
(g) when its concentration
exceeds:
— 0,001 % in leave-on
products
— 0,01 % in rinse-off
products",
III,89,79,1,,none,,,,,,,,
III,90,80,1,,none,,,,,,,"The presence of the
substance must be indicated
in the list of ingredients
referred to in Article 19(1)
(g) when its concentration
exceeds:
— 0,001 % in leave-on
products
— 0,01 % in rinse-off
products",
III,91,81,1,,none,,,,,,,"The presence of the
substance must be indicated
in the list of ingredients
referred to in Article 19(1)
(g) when its concentration
exceeds:
— 0,001 % in leave-on
products
— 0,01 % in rinse-off
products",
III,92,82,1,,none,,,,,,,"The presence of the
substance must be indicated
in the list of ingredients
referred to in Article 19(1)
(g) when its concentration
exceeds:
— 0,001 % in leave-on
products
— 0,01 % in rinse-off
products",
III,93,83,1,,none,,,,,,,,
III,94,84,1,,none,,,,,,,"The presence of the
substance must be indicated
in the list of ingredients
referred to in Article 19(1)
(g) when its concentration
exceeds:
— 0,001 % in leave-on
products
— 0,01 % in rinse-off
products",
III,95,85,1,,none,,,,,,,"The presence of the
substance must be indicated
in the list of ingredients
referred to in Article 19(1)
(g) when its concentration
exceeds:
— 0,001 % in leave-on
products
— 0,01 % in rinse-off
products",
III,96,86,1,,none,,,,,,,"The presence of the
substance shall be indicated
in the list of ingredients
referred to in Article 19(1),
point (g), when its concentration exceeds:
— 0,001 % in leave-on
products
— 0,01 % in rinse-off
products.",
III,97,87,1,,none,,,,,,,"The presence of the
substance must be indicated
in the list of ingredients
referred to in Article 19(1)
(g) when its concentration
exceeds:
— 0,001 % in leave-on
products
— 0,01 % in rinse-off
products",
III,98,88,1,,none,,,,,,,"The presence of the
substance shall be indicated
in the list of ingredients
referred to in Article 19(1),
point (g), when its concentration exceeds:
— 0,001 % in leave-on
products
— 0,01 % in rinse-off
products.
The peroxide value for each
substance shall be less than
20 mmoles/L (15)",
III,99,89,1,a,label,(a) Oral products,,,,,,"(a) (b)
The presence of the
substance must be indicated
in the list of ingredients
referred to in Article 19(1)
(g) when its concentration
exceeds:
— 0,001 % in leave-on
products
— 0,01 % in rinse-off
products",
III,99,89,2,b,label,(b) Other products,"(b) 0,01 %
when used
alone
When
present in
combination
with methyl
octine
carbonate,
the
combined
level in the
finished
product
shall not
exceed
0,01 % (of
which
methyl
octine
carbonate
shall not be
more than
0,002 %)",0.01,%,,"[0.01, 0.01, 0.002]","(a) (b)
The presence of the
substance must be indicated
in the list of ingredients
referred to in Article 19(1)
(g) when its concentration
exceeds:
— 0,001 % in leave-on
products
— 0,01 % in rinse-off
products",
III,100,90,1,,none,,,,,,,"The presence of the
substance must be indicated
in the list of ingredients
referred to in Article 19(1)
(g) when its concentration
exceeds:
— 0,001 % in leave-on
products
— 0,01 % in rinse-off
products",
III,101,91,1,,none,,,,,,,"The presence of the
substance must be indicated
in the list of ingredients
referred to in Article 19(1)
(g) when its concentration
exceeds:
— 0,001 % in leave-on
products
— 0,01 % in rinse-off
products",
III,102,92,1,,none,,,,,,,"The presence of the
substance must be indicated
in the list of ingredients
referred to in Article 19(1)
(g) when its concentration
exceeds:
— 0,001 % in leave-on
products
— 0,01 % in rinse-off
products",
III,103,93,1,,none,Hair products,"1,5 %",1.5,%,,,,
III,104,94,1,,none,"Artificial nail
systems","0,7 % (after
mixing for use)",0.7,%,"after
mixing for use",,Professional use,"For professional use only
Avoid skin contact
Read directions for use carefully"
III,105,95,1,,none,"Artificial nail
systems","0,02 % (after
mixing for use)",0.02,%,"after
mixing for use",,Professional use,"For professional use only
Avoid skin contact
Read directions for use carefully"
III,106,96,1,a,label,"All cosmetic
products, with the
exception of oral
products","(a) 1,0 % in
fine
fragrance",1.0,%,,,,
III,106,96,2,b,label,"All cosmetic
products, with the
exception of oral
products","(b) 0,4 % in
eau de
toilette",0.4,%,,,,
III,106,96,3,c,label,"All cosmetic
products, with the
exception of oral
products","(c) 0,03 % in
other
products",0.03,%,,,,
III,107,97,1,a,label,"All cosmetic
products, with the
exception of oral
products","(a) 1,4 % in
fine
fragrance",1.4,%,,,,
III,107,97,2,b,label,"All cosmetic
products, with the
exception of oral
products","(b) 0,56 % in
eau de
toilette",0.56,%,,,,
III,107,97,3,c,label,"All cosmetic
products, with the
exception of oral
products","(c) 0,042 % in
other
products",0.042,%,,,,
III,108,98,1,a,label,"(a) Rinse-off hair
products","(a) 3,0 %",3.0,%,,,"(a) (b) (c)
Not to be used in preparations for children under 3
years of age. Not to be used
in applications that may lead
to exposure of the end-
user’s lungs by inhalation.
Not to be used in oral
products. For purposes other
than inhibiting the development of micro-organisms in
the product. This purpose
has to be apparent from the
presentation of the product.
These levels are inclusive of
any use of salicylic acid.","(a) (b) (c)
Not to be used for children under 3
years of age (10)"
III,108,98,2,b,label,"(b) Other products
except body
lotion, eye
shadow,
mascara,
eyeliner,
lipstick, roll-
on deodorant","(b) 2,0 %",2.0,%,,,"(a) (b) (c)
Not to be used in preparations for children under 3
years of age. Not to be used
in applications that may lead
to exposure of the end-
user’s lungs by inhalation.
Not to be used in oral
products. For purposes other
than inhibiting the development of micro-organisms in
the product. This purpose
has to be apparent from the
presentation of the product.
These levels are inclusive of
any use of salicylic acid.","(a) (b) (c)
Not to be used for children under 3
years of age (10)"
III,108,98,3,c,label,"(c) Body lotion,
eye shadow,
mascara,
eyeliner,
lipstick, roll-
on deodorant","(c) 0,5 %",0.5,%,,,"(a) (b) (c)
Not to be used in preparations for children under 3
years of age. Not to be used
in applications that may lead
to exposure of the end-
user’s lungs by inhalation.
Not to be used in oral
products. For purposes other
than inhibiting the development of micro-organisms in
the product. This purpose
has to be apparent from the
presentation of the product.
These levels are inclusive of
any use of salicylic acid.","(a) (b) (c)
Not to be used for children under 3
years of age (10)"
III,109,99,1,a,label,"(a) Oxidative hair
dye products","(a) 0,67 %
(as free
SO2)",0.67,%,"free
SO2",,"For purposes other than
inhibiting the development
of micro-organisms in the
product. This purpose has to
be apparent from the presentation of the product",
III,109,99,2,b,label,"(b) Hair
straightening
products","(b) 6,7 %
(as free
SO2)",6.7,%,"free
SO2",,"For purposes other than
inhibiting the development
of micro-organisms in the
product. This purpose has to
be apparent from the presentation of the product",
III,109,99,3,c,label,"(c) Self-tanning
products for
the face","(c) 0,45 % (as
free SO2)",0.45,%,free SO2,,"For purposes other than
inhibiting the development
of micro-organisms in the
product. This purpose has to
be apparent from the presentation of the product",
III,109,99,4,d,label,"(d) Other self-
tanning
products","(d) 0,40 % (as
free SO2)",0.4,%,free SO2,,"For purposes other than
inhibiting the development
of micro-organisms in the
product. This purpose has to
be apparent from the presentation of the product",
III,110,100,1,,none,Rinse-off products,"1,5 %",1.5,%,,,"Purity criteria:
3,3',4,4'-Tetrachloroazobenzene ≤ 1 ppm
3,3',4,4'-Tetrachloroazoxybenzene ≤ 1 ppm
For purposes other than
inhibiting the development
of micro-organisms in the
product. This purpose has to
be apparent from the presentation of the product",
III,111,101,1,,none,,,,,,,,
III,112,102,1,,aligned,Fine fragrance,"0,01 %",0.01,%,,,,
III,112,102,2,,aligned,Eau de toilette,"0,004 %",0.004,%,,,,
III,112,102,3,,aligned,Fragrance cream,"0,002 %",0.002,%,,,,
III,112,102,4,,aligned,"Other leave-on
products and oral
products","0,0002 %",0.0002,%,,,,
III,112,102,5,,aligned,Rinse-off products,"0,001 %",0.001,%,,,,
III,113,103,1,,none,,,,,,,"Peroxide value less than
10 mmoles/L (15)",
III,114,104,1,,none,,,,,,,,
III,115,105,1,,none,,,,,,,"Peroxide value less than
10 mmoles/L (15)",
III,116,106,1,,none,,,,,,,"Peroxide value less than
10 mmoles/L (15)",
III,117,107,1,,none,,,,,,,"Peroxide value less than
10 mmoles/L (15)",
III,118,108,1,,none,,,,,,,"Peroxide value less than
10 mmoles/L (15)",
III,119,109,1,,none,,,,,,,"The presence of the
substance or substances
shall be indicated as ‘Pinus
Mugo’ in the list of
ingredients referred to in
Article 19(1), point (g),
when the concentration of
the substance or substances
exceeds:
— 0,001 % in leave-on
products
— 0,01 % in rinse-off
products.
The peroxide value shall be
less than 10 mmoles/L (15)",
III,120,110,1,,none,,,,,,,"Peroxide value less than
10 mmoles/L (15)",
III,121,111,1,,none,,,,,,,"Peroxide value less than
10 mmoles/L (15)",
III,122,112,1,,none,,,,,,,"Peroxide value less than
10 mmoles/L (15)",
III,123,113,1,,none,,,,,,,"Peroxide value less than
10 mmoles/L (15)",
III,124,114,1,,none,,,,,,,"The presence of the
substance or substances
shall be indicated as ‘Pinus
Pumila’ in the list of
ingredients referred to in
Article 19(1), point (g),
when the concentration of
the substance or substances
exceeds:
— 0,001 % in leave-on
products
— 0,01 % in rinse-off
products.
The peroxide value shall be
less than 10 mmoles/L (15)",
III,125,115,1,,none,,,,,,,"Peroxide value less than
10 mmoles/L (15)",
III,126,116,1,,none,,,,,,,"Peroxide value less than
10 mmoles/L (15)",
III,127,117,1,,none,,,,,,,"Peroxide value less than
10 mmoles/L (15)",
III,128,118,1,,none,,,,,,,"Peroxide value less than
10 mmoles/L (15)",
III,129,119,1,,none,,,,,,,"Peroxide value less than
10 mmoles/L (15)",
III,130,120,1,,none,,,,,,,,
III,131,121,1,,none,,,,,,,"Peroxide value less than
10 mmoles/L (15)",
III,132,122,1,,none,,,,,,,"The presence of the
substance or substances
shall be indicated as ‘Cedrus
Atlantica Oil/ Extract’ in the
list of ingredients referred to
in Article 19(1), point (g),
when the concentration of
the substance or substances
exceeds:
— 0,001 % in leave-on
products
— 0,01 % in rinse-off
products.
The peroxide value shall be
less than 10 mmoles/L (15)",
III,133,123,1,,none,,,,,,,"Peroxide value less than
10 mmoles/L (15)",
III,134,124,1,,none,,,,,,,"The presence of the
substance shall be indicated
in the list of ingredients
referred to in Article 19(1),
point (g), when its concentration exceeds:
— 0,001 % in leave-on
products
— 0,01 % in rinse-off
products.
The peroxide value for each
substance shall be less than
10 mmoles/L (15)",
III,135,125-126,1,,none,,,,,,,,
III,136,127,1,,none,,,,,,,"Peroxide value less than
10 mmoles/L (15)",
III,137,128,1,,none,,,,,,,"Peroxide value less than
10 mmoles/L (15)",
III,138,129,1,,none,,,,,,,"Peroxide value less than
10 mmoles/L (15)",
III,139,130,1,,none,,,,,,,"Peroxide value less than
10 mmoles/L (15)",
III,140,131,1,,none,,,,,,,"The presence of the
substance shall be indicated
in the list of ingredients
referred to in Article 19(1),
point (g), when its concentration exceeds:
— 0,001 % in leave-on
products
— 0,01 % in rinse-off
products.
The peroxide value shall be
less than 10 mmoles/L (15)",
III,141,132,1,,none,,,,,,,"Peroxide value less than
10 mmoles/L (15)",
III,142,133,1,,none,,,,,,,"The presence of the
substance shall be indicated
in the list of ingredients
referred to in Article 19(1),
point (g), when its concentration exceeds:
— 0,001 % in leave-on
products
— 0,01 % in rinse-off
products
The peroxide value shall be
less than 10 mmoles/L (15)",
III,143,134,1,a,label,"(a) Leave-on
products",(a) 2 %,2.0,%,,,,
III,143,134,2,b,label,"(b) Rinse-off
products",,,,,,,
III,144,135,1,,none,,,,,,,"Level of free allyl alcohol in
the ester shall be less than
0,1 %",
III,145,136,1,,none,,,,,,,"Level of free allyl alcohol in
the ester shall be less than
0,1 %",
III,146,137,1,,none,,,,,,,"Level of free allyl alcohol in
the ester shall be less than
0,1 %",
III,147,138,1,,none,,,,,,,"Level of free allyl alcohol in
the ester shall be less than
0,1 %",
III,148,139,1,,none,,,,,,,"Level of free allyl alcohol in
the ester shall be less than
0,1 %",
III,149,140,1,,none,,,,,,,"Level of free allyl alcohol in
the ester shall be less than
0,1 %",
III,150,141,1,,none,,,,,,,"Level of free allyl alcohol in
the ester shall be less than
0,1 %",
III,151,142,1,,none,,,,,,,"Level of free allyl alcohol in
the ester shall be less than
0,1 %",
III,152,143,1,,none,,,,,,,"Level of free allyl alcohol in
the ester shall be less than
0,1 %",
III,153,144,1,,none,,,,,,,"Level of free allyl alcohol in
the ester shall be less than
0,1 %",
III,154,145,1,,none,,,,,,,"Level of free allyl alcohol in
the ester shall be less than
0,1 %",
III,155,146,1,,none,,,,,,,"Level of free allyl alcohol in
the ester shall be less than
0,1 %",
III,156,147,1,,none,,,,,,,"Level of free allyl alcohol in
the ester shall be less than
0,1 %",
III,157,148,1,,none,,,,,,,"Level of free allyl alcohol in
the ester shall be less than
0,1 %",
III,158,149,1,,none,,,,,,,"Level of free allyl alcohol in
the ester shall be less than
0,1 %",
III,159,150,1,,none,,,,,,,"Level of free allyl alcohol in
the ester shall be less than
0,1 %",
III,160,151,1,,none,,,,,,,"Level of free allyl alcohol in
the ester shall be less than
0,1 %",
III,161,151a,1,,none,,,,,,,"Level of free allyl alcohol in
the ether shall be less than
0,1 %",
III,162,152,1,,none,,"0,002 %",0.002,%,,,"This material shall not be
used in combination with
any other 2-alkynoic acid
ester (e.g. methyl heptine
carbonate)",
III,163,153,1,,none,,"0,1 %",0.1,%,,,,
III,164,154,1,,none,,"0,4 %",0.4,%,,,"The presence of the
substance or substances
shall be indicated as ‘Myroxylon Pereirae Oil/
Extract’ in the list of
ingredients referred to in
Article 19(1), point (g),
when the concentration of
the substance or substances
exceeds:
— 0,001 % in leave-on
products
— 0,01 % in rinse-off
products.",
III,165,155,1,,none,,"0,6 %",0.6,%,,,,
III,166,156,1,a,label,"(a) Leave-on
products","(a) 0,4 % of
Cumin oil",0.4,%,,,,
III,166,156,2,b,label,"(b) Rinse-off
products",,,,,,,
III,167,157,1,a,label,(a) Oral products,,,,,,"(a) (b)
The presence of the
substance or substances
shall be indicated as ‘Rose
Ketones’ in the list of
ingredients referred to in
Article 19(1), point (g),
when the concentration of
the substance or substances
exceeds:
— 0,001 % in leave-on
products
— 0,01 % in rinse-off
products.",
III,167,157,2,b,label,(b) Other products,"(b) 0,02 %",0.02,%,,,"(a) (b)
The presence of the
substance or substances
shall be indicated as ‘Rose
Ketones’ in the list of
ingredients referred to in
Article 19(1), point (g),
when the concentration of
the substance or substances
exceeds:
— 0,001 % in leave-on
products
— 0,01 % in rinse-off
products.",
III,168,158,1,,none,,,,,,,,
III,169,159,1,,none,,"0,02 %",0.02,%,,,,
III,170,160-163,1,,none,,,,,,,,
III,171,164,1,,none,,"0,02 %",0.02,%,,,,
III,172,165,1,,none,,,,,,,,
III,173,166,1,a,label,(a) Oral products,,,,,,,
III,173,166,2,b,label,(b) Other products,"(b) 0,002 %",0.002,%,,,,
III,174,167-168,1,,none,,,,,,,,
III,175,169,1,a,label,(a) Oral products,,,,,,,
III,175,169,2,b,label,(b) Other products,"(b) 0,1 %",0.1,%,,,,
III,176,170,1,,none,,"0,1 %",0.1,%,,,,
III,177,171,1,,none,,"0,5 %",0.5,%,,,,
III,178,172,1,,none,,"0,2 %",0.2,%,,,,
III,179,173,1,a,label,(a) Oral products,,,,,,,
III,179,173,2,b,label,(b) Other products,"(b) 0,002 %
when used
alone.
When
present in
combination
with methyl
heptine
carbonate,
the
combined
level in the
finished
product
shall not
exceed
0,01 % (of
which
methyl
octine
carbonate
shall not be
more than
0,002 %)",0.002,%,,"[0.002, 0.01, 0.002]",,
III,180,174,1,a,label,(a) Oral products,,,,,,,
III,180,174,2,b,label,(b) Other products,"(b) 0,3 %",0.3,%,,,,
III,181,175,1,a,label,(a) Oral products,,,,,,"(a)
The presence of the
substance shall be indicated
in the list of ingredients
referred to in Article 19(1),
point (g), when its concentration exceeds:
— 0,001 % in leave-on
products
— 0,01 % in rinse-off
products.",
III,181,175,2,b,label,(b) Other products,"b) 0,01 %",0.01,%,,,,
III,182,176,1,,none,,"0,5 %",0.5,%,,,,
III,183,177,1,a,label,(a) Oral products,,,,,,,
III,183,177,2,b,label,(b) Other products,"(b) 0,06 %",0.06,%,,,,
III,184,178,1,a,label,(a) Oral products,,,,,,,
III,184,178,2,b,label,(b) Other products,"(b) 0,002 %",0.002,%,,,,
III,185,179,1,,none,,"0,2 %",0.2,%,,,,
III,186,180,1,,none,,"0,6 %",0.6,%,,,,
III,187,181,1,,none,,"0,6 %",0.6,%,,,,
III,188,182,1,a,label,"All cosmetic
products with the
exception of oral
products","(a) leave-on
products:
0,1 %
except:
hydroalcoholic
products:
1 %
fine
fragrance:
2,5 %
fragrance
cream: 0,5 %",0.1,%,,"[0.1, 1.0, 2.5, 0.5]",,
III,188,182,2,b,label,"All cosmetic
products with the
exception of oral
products","(b) rinse-off
products:
0,2 %",0.2,%,,,,
III,189,183,1,,none,,"0,6 %",0.6,%,,,,
III,190,184,1,,none,,"0,6 %",0.6,%,,,,
III,191,185,1,,none,Nail products,25 %,25.0,%,,,,"Keep out of reach of children
To be used by adults only"
III,192,186,1,,none,"As traces in
ingredients","0,1 %",0.1,%,,,,
III,193,187,1,,none,"Solvent in hair dye
products",9 %,9.0,%,,,"No use in aerosol dispensers
(sprays)",
III,194,188,1,a,label,"(a) Solvent in
oxidative hair
dye products","(a) 4,0 %",4.0,%,,,"(a) (b)
No use in aerosol dispensers
(sprays)",
III,194,188,2,b,label,"(b) Solvent in non-
oxidative hair
dye products","(b) 2,0 %",2.0,%,,,"(a) (b)
No use in aerosol dispensers
(sprays)",
III,195,189,1,,none,"Hair dye substance
in non-oxidative
hair dye products","0,5 %",0.5,%,,,,
III,196,190,1,,none,"Hair dye substance
in non-oxidative
hair dye products","0,5 %",0.5,%,,,,
III,197,191,1,,none,"Hair dye substance
in non-oxidative
hair dye products","0,4 %",0.4,%,,,,
III,198,192,1,,none,"Hair dye substance
in non-oxidative
hair dye products","0,5 %",0.5,%,,,,
III,199,193,1,a,label,"(a) Hair dye
substance in
oxidative hair
dye products",,,,,,"(a) After mixing under
oxidative conditions the
maximum concentration
applied to hair must not
exceed 1,5 %.","(a) To be printed on the label:
The mixing ratio.
‘ Hair colourants can cause
severe allergic reactions.
Read and follow instructions.
This product is not intended for
use on persons under the age
of 16.
Temporary “black henna” tattoos
may increase your risk of allergy.
Do not colour your hair if:
— you have a rash on your face
or sensitive, irritated and
damaged scalp,
— you have ever experienced
any reaction after colouring
your hair,
— you have experienced a
reaction to a temporary
“black henna” tattoo in the
past.’"
III,199,193,2,b,label,"(b) Hair dye
substance in
non-oxidative
hair dye
products","(b) 0,6 %",0.6,%,,,,
III,200,194,1,,none,,100 mg/kg,100.0,mg/kg,,,,
III,201,195,1,,none,"Hair dye substance
in non-oxidative
hair dye products","0,5 %",0.5,%,,,"— Do not use with nitrosating agents
— Maximum nitrosamine
content: 50 μg /kg
— Keep in nitrite-free
containers",
III,202,196,1,,none,,"0,2 %",0.2,%,,,"The presence of the
substance shall be indicated
in the list of ingredients
referred to in Article 19(1),
point (g), when its concentration exceeds:
— 0,001 % in leave-on
products
— 0,01 % in rinse-off
products.",
III,203,197,1,a,label,(a) soap,"0,8 %",0.8,%,,,"For purposes other than
inhibiting the development
of micro-organisms in the
product. This purpose has to
be apparent from the presentation of the product",
III,203,197,2,b,label,"(b) anti-dandruff
shampoos","0,8 %",0.8,%,,,"For purposes other than
inhibiting the development
of micro-organisms in the
product. This purpose has to
be apparent from the presentation of the product",
III,203,197,3,c,label,"(c) deodorants, not
in form of
spray","0,8 %",0.8,%,,,"For purposes other than
inhibiting the development
of micro-organisms in the
product. This purpose has to
be apparent from the presentation of the product",
III,204,198,1,,none,"Hair dye
substance in
oxidative hair dye
products",,,,,,"After mixing under
oxidative conditions the
maximum concentration
applied to hair must not
exceed 2,5 % (calculated as
sulphate)
— Do not use with nitrosating agents
— Maximum nitrosamine
content: 50 μg/kg
— Keep in nitrite-free
containers","To be printed on the label:
The mixing ratio.
‘ Hair colorants can cause severe
allergic reactions.
Read and follow instructions.
This product is not intended for use
on persons under the age of 16.
Temporary “black henna” tattoos
may increase your risk of allergy.
Do not colour your hair if:
— you have a rash on your face or
sensitive, irritated and damaged
scalp,
— you have ever experienced any
reaction after colouring your
hair,
— you have experienced a reaction
to a temporary “black henna”
tattoo in the past.’"
III,205,199,1,,none,"Hair dye
substance in
oxidative hair dye
products",,,,,,"After mixing under
oxidative conditions the
maximum concentration
applied to hair must not
exceed 2,5 %","To be printed on the label:
The mixing ratio.
‘ Hair colorants can cause severe
allergic reactions.
Read and follow instructions.
This product is not intended for use
on persons under the age of 16.
Temporary “black henna” tattoos
may increase your risk of allergy.
Do not colour your hair if:
— you have a rash on your face or
sensitive, irritated and damaged
scalp,
— you have ever experienced any
reaction after colouring your
hair,
— you have experienced a reaction
to a temporary “black henna”
tattoo in the past.’"
III,206,200,1,a,label,"(a) Hair dye
substance in
oxidative hair
dye products",,,,,,"(a) (c) After mixing under
oxidative conditions
the maximum
concentration
applied to hair or
eyelashes must not
exceed 3,4 % (calculated as sulfate)","(a) To be printed on the label:
The mixing ratio.
‘ Hair colourants can cause
severe allergic reactions.
Read and follow instructions.
This product is not intended for
use on persons under the age
of 16.
Temporary “black henna”
tattoos may increase your risk
of allergy.
Do not colour your hair if:
— you have a rash on your
face or sensitive, irritated
and damaged scalp,
— you have ever experienced
any reaction after colouring
your hair,
— you have experienced a
reaction to a temporary
“black henna” tattoo in the
past.’"
III,206,200,2,b,label,"(b) Hair dye
substance in
non-oxidative
hair dye
products","(b) 3,4 % (calculated as
sulfate)",3.4,%,"calculated as
sulfate",,,
III,206,200,3,c,label,"(c) Products
intended for
colouring
eyelashes",,,,,,"(a) (c) After mixing under
oxidative conditions
the maximum
concentration
applied to hair or
eyelashes must not
exceed 3,4 % (calculated as sulfate)
(c) Professional use","(c) As from 3 March 2018, to be
printed on the label:
The mixing ratio.
‘ This product can cause
severe allergic reactions. Read
and follow instructions.
This product is not intended for
use on persons under the age of
16. Temporary “black henna”
tattoos may increase the risk of
allergy.
Eyelashes shall not be coloured
if the consumer:
— has a rash on the face or
sensitive, irritated and
damaged scalp,
— has experienced any reaction
after colouring hair or
eyelashes,
— has experienced a reaction to
a temporary “black henna”
tattoo in the past.
For professional use only.
Rinse eyes immediately if
product comes into contact with
them’."
III,207,201,1,a,label,"(a) Hair dye
substance in
oxidative hair
dye products",,,,,,"(a) After mixing under
oxidative conditions the
maximum concentration
applied to hair must not
exceed 1,5 %
(a) and (b):
— Do not use with nitrosating agents
— Maximum nitrosamine
content: 50 μg /kg
— Keep in nitrite-free
containers","(a) To be printed on the label:
The mixing ratio.
‘ Hair colourants can cause
severe allergic reactions.
Read and follow instructions.
This product is not intended for
use on persons under the age
of 16.
Temporary “black henna”
tattoos may increase your risk
of allergy.
Do not colour your hair if:
— you have a rash on your face
or sensitive, irritated and
damaged scalp,
— you have ever experienced
any reaction after colouring
your hair,
— you have experienced a
reaction to a temporary
“black henna” tattoo in the
past.’"
III,207,201,2,b,label,"(b) Hair dye
substance in
non-oxidative
hair dye
products","(b) 3,0 %",3.0,%,,,,
III,208,202,1,,none,,,,,,,,
III,209,203,1,a,label,"(a) Hair dye
substance in
oxidative hair
dye products
►M4 (b) Hair
dye
substance in
non-
oxidative hair
dye
products
►M4 (c) Products
intended
for
colouring
eyelashes",,,,,,"For (a) and (c): After mixing
under oxidative conditions
the maximum concentration
applied to hair or eyelashes
must not exceed 0,68 %
calculated as free base (1,0 %
as dihydrochloride). ◄
For (a) (b) and (c):
— Do not use with nitrosating agents
— Maximum nitrosamine
content: 50 μg /kg
— Keep in nitrite-free
containers ◄","►M4 (a) To be printed on the
label:
The mixing ratio.
‘ Hair colorants can
cause severe allergic
reactions.
Read and follow instructions.
This product is not
intended for use on
persons under the age
of 16.
Temporary “black
henna” tattoos may
increase your risk of
allergy.
Do not colour your hair
if:
— you have a rash on
your face or
sensitive, irritated
and damaged scalp,
— you have ever
experienced any
reaction after
colouring your hair,
— you have experienced
a reaction to a
temporary “black
henna” tattoo in the
past.’ ◄
►M4 (b) Can cause allergic reac-
tion ◄
►M4 (c) To be printed on the
label:
The mixing ratio.
‘For professional use
only.
This product can
cause severe allergic
reactions.
Read and follow instructions.
This product is not
intended for use on
persons under the age
of 16.
Temporary “black
henna” tattoos may
increase the risk of
allergy.
Eyelashes shall not be
coloured if the
consumer:
— has a rash on the face
or sensitive, irritated
and damaged scalp,
— has experienced any
reaction after
colouring hair or
eyelashes,
— has experienced a
reaction to a
temporary “black
henna” tattoo in the
past.
Rinse eyes immediately
if product comes into
contact with them.’ ◄"
III,209,203,2,b,label,,"(b) 0,68 % as
free base
(1,0 % as
dihydrochloride)",0.68,%,"1,0 % as
dihydrochloride","[0.68, 1.0]","For (a) and (c): After mixing
under oxidative conditions
the maximum concentration
applied to hair or eyelashes
must not exceed 0,68 %
calculated as free base (1,0 %
as dihydrochloride). ◄
For (a) (b) and (c):
— Do not use with nitrosating agents
— Maximum nitrosamine
content: 50 μg /kg
— Keep in nitrite-free
containers ◄","►M4 (a) To be printed on the
label:
The mixing ratio.
‘ Hair colorants can
cause severe allergic
reactions.
Read and follow instructions.
This product is not
intended for use on
persons under the age
of 16.
Temporary “black
henna” tattoos may
increase your risk of
allergy.
Do not colour your hair
if:
— you have a rash on
your face or
sensitive, irritated
and damaged scalp,
— you have ever
experienced any
reaction after
colouring your hair,
— you have experienced
a reaction to a
temporary “black
henna” tattoo in the
past.’ ◄
►M4 (b) Can cause allergic reac-
tion ◄
►M4 (c) To be printed on the
label:
The mixing ratio.
‘For professional use
only.
This product can
cause severe allergic
reactions.
Read and follow instructions.
This product is not
intended for use on
persons under the age
of 16.
Temporary “black
henna” tattoos may
increase the risk of
allergy.
Eyelashes shall not be
coloured if the
consumer:
— has a rash on the face
or sensitive, irritated
and damaged scalp,
— has experienced any
reaction after
colouring hair or
eyelashes,
— has experienced a
reaction to a
temporary “black
henna” tattoo in the
past.
Rinse eyes immediately
if product comes into
contact with them.’ ◄"
III,209,203,3,c,label,,,,,,,"For (a) and (c): After mixing
under oxidative conditions
the maximum concentration
applied to hair or eyelashes
must not exceed 0,68 %
calculated as free base (1,0 %
as dihydrochloride). ◄
For (a) (b) and (c):
— Do not use with nitrosating agents
— Maximum nitrosamine
content: 50 μg /kg
— Keep in nitrite-free
containers ◄
(c) For professional use
only. ◄","►M4 (a) To be printed on the
label:
The mixing ratio.
‘ Hair colorants can
cause severe allergic
reactions.
Read and follow instructions.
This product is not
intended for use on
persons under the age
of 16.
Temporary “black
henna” tattoos may
increase your risk of
allergy.
Do not colour your hair
if:
— you have a rash on
your face or
sensitive, irritated
and damaged scalp,
— you have ever
experienced any
reaction after
colouring your hair,
— you have experienced
a reaction to a
temporary “black
henna” tattoo in the
past.’ ◄
►M4 (b) Can cause allergic reac-
tion ◄
►M4 (c) To be printed on the
label:
The mixing ratio.
‘For professional use
only.
This product can
cause severe allergic
reactions.
Read and follow instructions.
This product is not
intended for use on
persons under the age
of 16.
Temporary “black
henna” tattoos may
increase the risk of
allergy.
Eyelashes shall not be
coloured if the
consumer:
— has a rash on the face
or sensitive, irritated
and damaged scalp,
— has experienced any
reaction after
colouring hair or
eyelashes,
— has experienced a
reaction to a
temporary “black
henna” tattoo in the
past.
Rinse eyes immediately
if product comes into
contact with them.’ ◄"
III,210,204,1,,none,"Hair dye substance
in non-oxidative
hair dye products","2,0 %",2.0,%,,,,Can cause allergic reaction
III,211,205,1,,none,,,,,,,,
III,212,206,1,a,label,"(a) Hair dye
substance in
oxidative hair
dye products",,,,,,"(a) After mixing under
oxidative conditions the
maximum concentration
applied to hair must not
exceed 2,0 % (calculated as sulphate)","(a) To be printed on the label: The
mixing ratio.
‘ Hair colourants can cause
severe allergic reactions.
Read and follow instructions.
This product is not intended for
use on persons under the age
of 16.
Temporary “black henna”
tattoos may increase your risk
of allergy.
Do not colour your hair if:
— you have a rash on your
face or sensitive, irritated
and damaged scalp,
— you have ever experienced
any reaction after colouring
your hair,
— you have experienced a
reaction to a temporary
“black henna” tattoo in the
past.’"
III,212,206,2,b,label,"(b) Products
intended for
colouring
eyelashes",,,,,,"(b) After mixing under
oxidative conditions the
maximum concentration
applied to eyelashes
must not exceed 1,75 %
(calculated as free base)
(b) Professional use","(b) As from 3 March 2018, to be
printed on the label: The
mixing ratio.
‘ This product can cause
severe allergic reactions. Read
and follow instructions.
This product is not intended for
use on persons under the age of
16. Temporary “black henna”
tattoos may increase the risk of
allergy.
Eyelashes shall not be coloured
if the consumer:
— has a rash on the face or
sensitive, irritated and
damaged scalp,
— has experienced any
reaction after colouring
hair or eyelashes,
— has experienced a reaction
to a temporary “black
henna” tattoo in the past.
For professional use only.
Rinse eyes immediately if
product comes into contact with
them’."
III,213,207,1,a,label,"(a) Hair dye
substance in
oxidative hair
dye products",,,,,,"(a) After mixing under
oxidative conditions the
maximum concentration
applied to hair must not
exceed 0,5 %","(a) To be printed on the label:
The mixing ratio.
For (a) and (b):
‘ Hair colorants can cause
severe allergic reactions.
Read and follow instructions.
This product is not intended for
use on persons under the age
of 16.
Temporary “black henna”
tattoos may increase your risk
of allergy.
Do not colour your hair if:
— you have a rash on your face
or sensitive, irritated and
damaged scalp,
— you have ever experienced
any reaction after colouring
your hair,
— you have experienced a
reaction to a temporary
“black henna” tattoo in the
past.’"
III,213,207,2,b,label,"(b) Hair dye
substance in
non-oxidative
hair dye
products","(b) 0,5 %",0.5,%,,,,
III,214,208,1,,none,"Hair dye
substance in
oxidative hair dye
products",,,,,,"After mixing under
oxidative conditions the
maximum concentration
applied to hair must not
exceed 1,5 % (calculated as
hydrochloride)","To be printed on the label:
The mixing ratio.
‘ Hair colorants can cause severe
allergic reactions.
Read and follow instructions.
This product is not intended for use
on persons under the age of 16.
Temporary “black henna” tattoos
may increase your risk of allergy.
Do not colour your hair if:
— you have a rash on your face or
sensitive, irritated and damaged
scalp,
— you have ever experienced any
reaction after colouring your
hair,
— you have experienced a reaction
to a temporary “black henna”
tattoo in the past.’"
III,215,209,1,,none,"Hair dye
substance in
oxidative hair dye
products",,,,,,"After mixing under
oxidative conditions the
maximum concentration
applied to hair must not
exceed 0,5 %","To be printed on the label:
The mixing ratio.
‘ Hair colorants can cause severe
allergic reactions.
Read and follow instructions.
This product is not intended for use
on persons under the age of 16.
Temporary “black henna” tattoos
may increase your risk of allergy.
Do not colour your hair if:
— you have a rash on your face or
sensitive, irritated and damaged
scalp,
— you have ever experienced any
reaction after colouring your
hair,
— you have experienced a reaction
to a temporary “black henna”
tattoo in the past.’"
III,216,210,1,,none,"Hair dye substance
in non-oxidative
hair dye products","1,6 %",1.6,%,,,,"‘ Hair colorants can cause severe
allergic reactions.
Read and follow instructions.
This product is not intended for use
on persons under the age of 16.
Temporary “black henna” tattoos
may increase your risk of allergy.
Do not colour your hair if:
— you have a rash on your face or
sensitive, irritated and damaged
scalp,
— you have ever experienced any
reaction after colouring your
hair,
— you have experienced a reaction
to a temporary “black henna”
tattoo in the past.’"
III,217,211,1,a,label,"(a) Hair dye
substance in
oxidative hair
dye products",,,,,,"(a) After mixing under
oxidative conditions the
maximum concentration
applied to hair must not
exceed 1,0 %","(a) To be printed on the label: The
mixing ratio.
‘ Hair colourants can cause
severe allergic reactions.
Read and follow instructions.
This product is not intended for
use on persons under the age
of 16.
Temporary “black henna”
tattoos may increase your risk
of allergy.
Do not colour your hair if:
— you have a rash on your face
or sensitive, irritated and
damaged scalp,
— you have ever experienced
any reaction after colouring
your hair,
— you have experienced a
reaction to a temporary
b“lack henna” tattoo in the
past.’"
III,217,211,2,b,label,"(b) Products
intended for
colouring
eyelashes",,,,,,"(b) After mixing under
oxidative conditions the
maximum concentration
applied to eyelashes
must not exceed 0,5 %
(b) Professional use","(b) As from 3 March 2018, to be
printed on the label: The
mixing ratio.
‘ This product can cause
severe allergic reactions. Read
and follow instructions.
This product is not intended for
use on persons under the age of
16. Temporary “black henna”
tattoos may increase the risk of
allergy.
Eyelashes shall not be coloured
if the consumer:
— has a rash on the face or
sensitive, irritated and
damaged scalp,
— has experienced any reaction
after colouring hair or
eyelashes,
— has experienced a reaction
to a temporary “black
henna” tattoo in the past.
For professional use only.
Rinse eyes immediately if
product comes into contact with
them’."
III,218,212,1,,none,"Hair dye
substance in
oxidative hair dye
products",,,,,,"After mixing under
oxidative conditions the
maximum concentration
applied to hair must not
exceed 2,0 % (When both 2-
Methyl-1-Naphthol and 1-
Acetoxy-2-Methylnaphthalene are present in a hair
dye formulation, the
maximum concentration on
the head of 2-Methyl-1-
Naphthol should not exceed
2,0 %).","To be printed on the label:
The mixing ratio.
‘ Hair colorants can cause severe
allergic reactions.
Read and follow instructions.
This product is not intended for use
on persons under the age of 16.
Temporary “black henna” tattoos
may increase your risk of allergy.
Do not colour your hair if:
— you have a rash on your face or
sensitive, irritated and damaged
scalp,
— you have ever experienced any
reaction after colouring your
hair,
— you have experienced a reaction
to a temporary “black henna”
tattoo in the past.’"
III,219,213,1,,none,"Hair dye
substance in
oxidative hair dye
products",,,,,,"After mixing under
oxidative conditions the
maximum concentration
applied to hair must not
exceed 2,0 % (When both 2-
Methyl-1-Naphthol and 1-
Acetoxy-2-Methylnaphthalene are present in a hair
dye formulation, the
maximum concentration on
the head of 2-Methyl-1-
Naphthol should not exceed
2,0 %.)","To be printed on the label:
The mixing ratio.
‘ Hair colorants can cause severe
allergic reactions.
Read and follow instructions.
This product is not intended for use
on persons under the age of 16.
Temporary “black henna” tattoos
may increase your risk of allergy.
Do not colour your hair if:
— you have a rash on your face or
sensitive, irritated and damaged
scalp,
— you have ever experienced any
reaction after colouring your
hair,
— you have experienced a reaction
to a temporary “black henna”
tattoo in the past.’"
III,220,214,1,a,label,"(a) Hair dye
substance in
oxidative hair
dye products",,,,,,"(a) After mixing under
oxidative conditions the
maximum concentration
applied to hair must not
exceed 1,0 %","(a) To be printed on the label:
The mixing ratio.
For (a) and (b):
‘ Hair colorants can cause
severe allergic reactions.
Read and follow instructions.
This product is not intended for
use on persons under the age
of 16.
Temporary “black henna”
tattoos may increase your risk
of allergy.
Do not colour your hair if:
— you have a rash on your
face or sensitive, irritated
and damaged scalp,
— you have ever experienced
any reaction after colouring
your hair,
— you have experienced a
reaction to a temporary
“black henna” tattoo in the
past.’"
III,220,214,2,b,label,"(b) Hair dye
substance in
non-oxidative
hair dye
products","(b) 0,2 %",0.2,%,,,,
III,221,215,1,a,label,"(a) Hair dye
substance in
oxidative hair
dye products",,,,,,"(a) After mixing under
oxidative conditions the
maximum concentration
applied to hair must not
exceed 1,5 %","(a) To be printed on the label:
The mixing ratio.
‘ Hair colourants can cause
severe allergic reactions.
Read and follow instructions.
This product is not intended for
use on persons under the age
of 16.
Temporary “black henna”
tattoos may increase your risk
of allergy.
Do not colour your hair if:
— you have a rash on your
face or sensitive, irritated
and damaged scalp,
— you have ever experienced
any reaction after colouring
your hair,
— you have experienced a
reaction to a temporary
“black henna” tattoo in the
past.’"
III,221,215,2,b,label,"(b) Hair dye
substance in
non-oxidative
hair dye
products","(b) 1,0 %",1.0,%,,,,"(b) ‘ Hair colourants can cause
severe allergic reactions.
Read and follow instructions.
This product is not intended for
use on persons under the age
of 16.
Temporary “black henna”
tattoos may increase your risk
of allergy.
Do not colour your hair if:
— you have a rash on your
face or sensitive, irritated
and damaged scalp,
— you have ever experienced
any reaction after colouring
your hair,
— you have experienced a
reaction to a temporary
“black henna” tattoo in the
past.’"
III,222,216,1,a,label,"(a) Hair dye
substance in
oxidative hair
dye products",,,,,,"(a) After mixing under
oxidative conditions the
maximum concentration
applied to hair must not
exceed 1,0 %","(a) To be printed on the label:
The mixing ratio.
‘ Hair colourants can cause
severe allergic reactions.
Read and follow instructions.
This product is not intended for
use on persons under the age
of 16.
Temporary “black henna”
tattoos may increase your risk
of allergy.
Do not colour your hair if:
— you have a rash on your
face or sensitive, irritated
and damaged scalp,
— you have ever experienced
any reaction after colouring
your hair,
— you have experienced a
reaction to a temporary
“black henna” tattoo in the
past.’"
III,222,216,2,b,label,"(b) Hair dye
substance in
non-oxidative
hair dye
products","(b) 1,0 %",1.0,%,,,,
III,223,217,1,a,label,"(a) Hair dye
substance in
oxidative hair
dye products
►M4 (b) Products
intended
for
colouring
eyelashes",,,,,,"For (a) and (b): After
mixing under oxidative
conditions the maximum
concentration applied to hair
or eyelashes must not
exceed 1,2 % ◄","►M4 (a) To be printed on the
label:
The mixing ratio.
‘ Hair colorants can
cause severe allergic
reactions.
Read and follow instructions.
This product is not
intended for use on
persons under the age
of 16.
Temporary “black
henna” tattoos may
increase your risk of
allergy.
Do not colour your hair
if:
— you have a rash on
your face or
sensitive, irritated
and damaged scalp,
— you have ever
experienced any
reaction after
colouring your hair,
— you have experienced
a reaction to a
temporary “black
henna” tattoo in the
past.’ ◄
►M4 (b) To be printed on the
label:
The mixing ratio.
‘For professional use
only.
This product can
cause severe allergic
reactions.
Read and follow instructions.
This product is not
intended for use on
persons under the age
of 16.
Temporary “black
henna” tattoos may
increase the risk of
allergy.
Eyelashes shall not be
coloured if the
consumer:
— has a rash on the face
or sensitive, irritated
and damaged scalp,
— has experienced any
reaction after
colouring hair or
eyelashes,
— has experienced a
reaction to a
temporary “black
henna” tattoo in the
past.
Rinse eyes immediately
if product comes into
contact with them.’ ◄"
III,223,217,2,b,label,,,,,,,"For (a) and (b): After
mixing under oxidative
conditions the maximum
concentration applied to hair
or eyelashes must not
exceed 1,2 % ◄
(b) For professional use
only. ◄","►M4 (a) To be printed on the
label:
The mixing ratio.
‘ Hair colorants can
cause severe allergic
reactions.
Read and follow instructions.
This product is not
intended for use on
persons under the age
of 16.
Temporary “black
henna” tattoos may
increase your risk of
allergy.
Do not colour your hair
if:
— you have a rash on
your face or
sensitive, irritated
and damaged scalp,
— you have ever
experienced any
reaction after
colouring your hair,
— you have experienced
a reaction to a
temporary “black
henna” tattoo in the
past.’ ◄
►M4 (b) To be printed on the
label:
The mixing ratio.
‘For professional use
only.
This product can
cause severe allergic
reactions.
Read and follow instructions.
This product is not
intended for use on
persons under the age
of 16.
Temporary “black
henna” tattoos may
increase the risk of
allergy.
Eyelashes shall not be
coloured if the
consumer:
— has a rash on the face
or sensitive, irritated
and damaged scalp,
— has experienced any
reaction after
colouring hair or
eyelashes,
— has experienced a
reaction to a
temporary “black
henna” tattoo in the
past.
Rinse eyes immediately
if product comes into
contact with them.’ ◄"
III,224,218,1,,none,"Hair dye
substance in
oxidative hair dye
products",,,,,,"After mixing under
oxidative conditions the
maximum concentration
applied to hair must not
exceed 1,0 %","To be printed on the label:
The mixing ratio.
‘ Hair colourants can cause
severe allergic reactions.
Read and follow instructions.
This product is not intended for use
on persons under the age of 16.
Temporary “black henna” tattoos
may increase your risk of allergy.
Do not colour your hair if:
— you have a rash on your face or
sensitive, irritated and damaged
scalp,
— you have ever experienced any
reaction after colouring your
hair,
— you have experienced a reaction
to a temporary “black henna”
tattoo in the past.’"
III,225,219,1,a,label,"(a) Hair dye
substance in
oxidative hair
dye products",,,,,,"(a) After mixing under
oxidative conditions the
maximum concentration
applied to hair must not
exceed 2,6 % calculated
as free base.
For (a) and (b):
— Do not use with nitrosating agents
— Maximum nitrosamine
content: 50 μg /kg
— Keep in nitrite-free
containers","(a) To be printed on the label:
The mixing ratio.
‘ Hair colourants can cause
severe allergic reactions.
Read and follow instructions.
This product is not intended for
use on persons under the age
of 16.
Temporary “black henna”
tattoos may increase your risk
of allergy.
Do not colour your hair if:
— you have a rash on your face
or sensitive, irritated and
damaged scalp,
— you have ever experienced
any reaction after colouring
your hair,
— you have experienced a
reaction to a temporary
“black henna” tattoo in the
past.’"
III,225,219,2,b,label,"(b) Hair dye
substance in
non-oxidative
hair dye
products","(b) 2,6 %",2.6,%,,,,
III,226,220,1,,none,"Hair dye substance
in non-oxidative
hair dye products","2,0 %",2.0,%,,,"— Do not use with nitrosating agents
— Maximum nitrosamine
content: 50 μg /kg
— Keep in nitrite-free
containers",
III,227,221,1,a,label,"(a) Hair dye
substance in
oxidative hair
dye products",,,,,,"(a) After mixing under
oxidative conditions the
maximum concentration
applied to hair must not
exceed 1,0 %
For (a) and (b):
— Do not use with nitrosating agents
— Maximum nitrosamine
content: 50 μg/kg
— Keep in nitrite-free
containers","(a) To be printed on the label:
The mixing ratio.
‘ Hair colorants can cause
severe allergic reactions.
Read and follow instructions.
This product is not intended for
use on persons under the age
of 16.
Temporary “black henna”
tattoos may increase your risk
of allergy.
Do not colour your hair if:
— you have a rash on your
face or sensitive, irritated
and damaged scalp,
— you have ever experienced
any reaction after colouring
your hair,
— you have experienced a
reaction to a temporary
“black henna” tattoo in the
past.’"
III,227,221,2,b,label,"(b) Hair dye
substance in
non-oxidative
hair dye
products","(b) 1,0 %",1.0,%,,,,
III,228,222,1,a,label,"(a) Hair dye
substance in
oxidative hair
dye products",,,,,,"(a) After mixing under
oxidative conditions the
maximum concentration
applied to hair must not
exceed 1,5 %
For (a) and (b):
— Do not use with nitrosating agents
— Maximum nitrosamine
content: 50 μg m/kg
— Keep in nitrite-free
containers","(a) To be printed on the label:
The mixing ratio.
‘ Hair colourants can cause
severe allergic reactions.
Read and follow instructions.
This product is not intended for
use on persons under the age
of 16.
Temporary “black henna”
tattoos may increase your risk
of allergy.
Do not colour your hair if:
— you have a rash on your face
or sensitive, irritated and
damaged scalp,
— you have ever experienced
any reaction after colouring
your hair,
— you have experienced a
reaction to a temporary
“black henna” tattoo in the
past.’"
III,228,222,2,b,label,"(b) Hair dye
substance in
non-oxidative
hair dye
products","(b) 2,0 %",2.0,%,,,,
III,229,223,1,,none,"Hair dye
substance in
oxidative hair dye
products",,,,,,"After mixing under
oxidative conditions the
maximum concentration
applied to hair must not
exceed 0,68 % (as sulphate)
— Do not use with nitrosating agents
— Maximum nitrosamine
content: 50 μg /kg
— Keep in nitrite-free
containers","To be printed on the label:
The mixing ratio.
‘ Hair colourants can cause
severe allergic reactions.
Read and follow instructions.
This product is not intended for use
on persons under the age of 16.
Temporary “black henna” tattoos
may increase your risk of allergy.
Do not colour your hair if:
— you have a rash on your face or
sensitive, irritated and damaged
scalp,
— you have ever experienced any
reaction after colouring your
hair,
— you have experienced a reaction
to a temporary “black henna”
tattoo in the past.’"
III,230,224,1,,none,"Hair dye substance
in non-oxidative
hair dye products","2,0 %",2.0,%,,,"— Do not use with nitrosating agents
— Maximum nitrosamine
content: 50 μg /kg
— Keep in nitrite-free
containers",Can cause allergic reaction
III,231,225,1,a,label,"(a) Hair dye
substance in
oxidative hair
dye products",,,,,,"(a) After mixing under
oxidative conditions the
maximum concentration
applied to hair must not
exceed 0,75 % (as
hydrochloride)
For (a) and (b):
— Do not use with nitrosating agents
— Maximum nitrosamine
content: 50 μg /kg
— Keep in nitrite-free
containers","(a) To be printed on the label:
The mixing ratio.
‘ Hair colourants can cause
severe allergic reactions.
Read and follow instructions.
This product is not intended for
use on persons under the age
of 16.
Temporary “black henna”
tattoos may increase your risk
of allergy.
Do not colour your hair if:
— you have a rash on your face
or sensitive, irritated and
damaged scalp,
— you have ever experienced
any reaction after colouring
your hair,
— you have experienced a
reaction to a temporary
“black henna” tattoo in the
past.’"
III,231,225,2,b,label,"(b) Hair dye
substance in
non-oxidative
hair dye
products","(b) 1,5 % (as
hydrochloride)",1.5,%,hydrochloride,,,
III,232,226,1,a,label,"(a) Hair dye
substance in
oxidative hair
dye products",,,,,,"(a) After mixing under
oxidative conditions the
maximum concentration
applied to hair must not
exceed 1,2 % calculated
as free base (1,8 % as
tetrahydrochloride salt).","(a) To be printed on the label:
The mixing ratio.
‘ Hair colourants can cause
severe allergic reactions.
Read and follow instructions.
This product is not intended for
use on persons under the age
of 16.
Temporary “black henna”
tattoos may increase your risk
of allergy.
Do not colour your hair if:
— you have a rash on your face
or sensitive, irritated and
damaged scalp,
— you have ever experienced
any reaction after colouring
your hair,
— you have experienced a
reaction to a temporary
“black henna” tattoo in the
past.’"
III,232,226,2,b,label,"(b) Hair dye
substance in
non-oxidative
hair dye
products","(b) 1,2 % as
free base
(1,8 % as
tetrahydrochloride
salt)",1.2,%,,"[1.2, 1.8]",,(b) Can cause allergic reaction
III,233,227,1,a,label,"(a) Hair dye
substance in
oxidative hair
dye products",,,,,,"(a) After mixing under
oxidative conditions the
maximum concentration
applied to hair must not
exceed 1,5 % (as
hydrochloride)","(a) To be printed on the label:
The mixing ratio.
‘ Hair colourants can cause
severe allergic reactions.
Read and follow instructions.
This product is not intended for
use on persons under the age
of 16.
Temporary “black henna”
tattoos may increase your risk
of allergy.
Do not colour your hair if:
— you have a rash on your face
or sensitive, irritated and
damaged scalp,
— you have ever experienced
any reaction after colouring
your hair,
— you have experienced a
reaction to a temporary
“black henna” tattoo in the
past.’"
III,233,227,2,b,label,"(b) Hair dye
substance in
non-oxidative
hair dye
products","(b) 1,5 % (as
hydrochloride)",1.5,%,hydrochloride,,,
III,234,228,1,,none,"Hair dye
substance in
oxidative hair dye
products",,,,,,"After mixing under
oxidative conditions the
maximum concentration
applied to hair must not
exceed 0,25 %","To be printed on the label:
The mixing ratio.
‘ Hair colourants can cause
severe allergic reactions.
Read and follow instructions.
This product is not intended for use
on persons under the age of 16.
Temporary “black henna” tattoos
may increase your risk of allergy.
Do not colour your hair if:
— you have a rash on your face or
sensitive, irritated and damaged
scalp,
— you have ever experienced any
reaction after colouring your
hair,
— you have experienced a reaction
to a temporary “black henna”
tattoo in the past.’"
III,235,229,1,a,label,"(a) Hair dye
substance in
oxidative hair
dye products
►M4 (b) Prod-
ucts
inten-
ded for
colou-
ring
eyela-
shes",,,,,,"For (a) and (b): After
mixing under oxidative
conditions the maximum
concentration applied to hair
or eyelashes must not
exceed 1,5 %
— Do not use with nitrosating agents
— Maximum nitrosamine
content: 50 μg /kg
— Keep in nitrite-free
containers ◄","►M4 (a) To be printed on the
label:
The mixing ratio.
‘ Hair colorants can
cause severe allergic
reactions.
Read and follow instructions.
This product is not
intended for use on
persons under the age
of 16.
Temporary “black
henna” tattoos may
increase your risk of
allergy.
Do not colour your hair
if:
— you have a rash on
your face or
sensitive, irritated
and damaged scalp,
— you have ever
experienced any
reaction after
colouring your hair,
— you have experienced
a reaction to a
temporary “black
henna” tattoo in the
past.’ ◄
►M4 (b) To be printed on the
label:
The mixing ratio.
‘For professional use
only.
This product can
cause severe allergic
reactions.
Read and follow instructions.
This product is not
intended for use on
persons under the age
of 16.
Temporary “black
henna” tattoos may
increase the risk of
allergy.
Eyelashes shall not be
coloured if the
consumer:
— has a rash on the face
or sensitive, irritated
and damaged scalp,
— has experienced any
reaction after
colouring hair or
eyelashes,
— has experienced a
reaction to a
temporary “black
henna” tattoo in the
past.
Rinse eyes immediately
if product comes into
contact with them.’ ◄"
III,235,229,2,b,label,,,,,,,"For (a) and (b): After
mixing under oxidative
conditions the maximum
concentration applied to hair
or eyelashes must not
exceed 1,5 %
— Do not use with nitrosating agents
— Maximum nitrosamine
content: 50 μg /kg
— Keep in nitrite-free
containers ◄
(b) For professional use
only. ◄","►M4 (a) To be printed on the
label:
The mixing ratio.
‘ Hair colorants can
cause severe allergic
reactions.
Read and follow instructions.
This product is not
intended for use on
persons under the age
of 16.
Temporary “black
henna” tattoos may
increase your risk of
allergy.
Do not colour your hair
if:
— you have a rash on
your face or
sensitive, irritated
and damaged scalp,
— you have ever
experienced any
reaction after
colouring your hair,
— you have experienced
a reaction to a
temporary “black
henna” tattoo in the
past.’ ◄
►M4 (b) To be printed on the
label:
The mixing ratio.
‘For professional use
only.
This product can
cause severe allergic
reactions.
Read and follow instructions.
This product is not
intended for use on
persons under the age
of 16.
Temporary “black
henna” tattoos may
increase the risk of
allergy.
Eyelashes shall not be
coloured if the
consumer:
— has a rash on the face
or sensitive, irritated
and damaged scalp,
— has experienced any
reaction after
colouring hair or
eyelashes,
— has experienced a
reaction to a
temporary “black
henna” tattoo in the
past.
Rinse eyes immediately
if product comes into
contact with them.’ ◄"
III,236,230,1,,none,"Hair dye
substance in
oxidative hair dye
products",,,,,,"After mixing under
oxidative conditions the
maximum concentration
applied to hair must not
exceed 1,0 %
— Do not use with nitrosating agents
— Maximum nitrosamine
content: 50 μg /kg
— Keep in nitrite-free
containers","To be printed on the label:
The mixing ratio.
‘ Hair colourants can cause
severe allergic reactions.
Read and follow instructions.
This product is not intended for use
on persons under the age of 16.
Temporary “black henna” tattoos
may increase your risk of allergy.
Do not colour your hair if:
— you have a rash on your face or
sensitive, irritated and damaged
scalp,
— you have ever experienced any
reaction after colouring your
hair,
— you have experienced a reaction
to a temporary “black henna”
tattoo in the past.’"
III,237,231,1,,none,"Hair dye substance
in non-oxidative
hair dyes products","0,1 %",0.1,%,,,"— Do not use with nitrosating agents
— Maximum nitrosamine
content: 50 μg /kg
— Keep in nitrite-free
containers",
III,238,232,1,,none,"Hair dye
substance in
oxidative hair dye
products",,,,,,"After mixing under
oxidative conditions the
maximum concentration
applied to hair must not
exceed 0,25 % (as hydrochloride)","To be printed on the label:
The mixing ratio.
‘ Hair colourants can cause
severe allergic reactions.
Read and follow instructions.
This product is not intended for use
on persons under the age of 16.
Temporary “black henna” tattoos
may increase your risk of allergy.
Do not colour your hair if:
— you have a rash on your face or
sensitive, irritated and damaged
scalp,
— you have ever experienced any
reaction after colouring your
hair,
— you have experienced a reaction
to a temporary “black henna”
tattoo in the past.’"
III,239,233,1,,none,"Hair dye substance
in non-oxidative
hair dye products","1,0 %",1.0,%,,,"— Do not use with nitrosating agents
— Maximum nitrosamine
content: 50 μg /kg
— Keep in nitritefree
containers","To be printed on the label:
The mixing ratio.
‘ Hair colourants can cause
severe allergic reactions.
Read and follow instructions.
This product is not intended for use
on persons under the age of 16.
Temporary “black henna” tattoos
may increase your risk of allergy.
Do not colour your hair if:
— You have a rash on your face or
sensitive, irritated and damaged
scalp.
— You have ever experienced any
reaction after colouring your
hair.
— You have experienced a
reaction to a temporary “black
henna” tattoo in the past.’"
III,240,234,1,a,label,"(a) Hair dye
substance in
oxidative hair
dye products",,,,,,"(a) After mixing under
oxidative conditions the
maximum concentration
applied to hair must not
exceed 0,25 %
For (a) and (b)
— Do not use with nitrosating agents
— Maximum nitrosamine
content: 50 μg /kg
— Keep in nitrite-free
containers","(a) To be printed on the label:
The mixing ratio.
‘ Hair colourants can cause
severe allergic reactions.
Read and follow instructions.
This product is not intended for
use on persons under the age
of 16.
Temporary “black henna”
tattoos may increase your risk
of allergy.
Do not colour your hair if:
— you have a rash on your face
or sensitive, irritated and
damaged scalp,
— you have ever experienced
any reaction after colouring
your hair,
— you have experienced a
reaction to a temporary
“black henna” tattoo in the
past.’"
III,240,234,2,b,label,"(b) Hair dye
substance in
non-oxidative
hair dye
products","(b) 0,28 %",0.28,%,,,,"(b) ‘ Hair colourants can cause
severe allergic reactions.
Read and follow instructions.
This product is not intended for
use on persons under the age
of 16.
Temporary “black henna”
tattoos may increase your risk
of allergy.
Do not colour your hair if:
— you have a rash on your face
or sensitive, irritated and
damaged scalp,
— you have ever experienced
any reaction after colouring
your hair,
— you have experienced a
reaction to a temporary
“black henna” tattoo in the
past.’"
III,241,235,1,,none,"Hair dye substance
in non-oxidative
hair dye products","0,15 %",0.15,%,,,"— Do not use with nitrosating agents
— Maximum nitrosamine
content: 50 μg /kg
— Keep in nitrite-free
containers",
III,242,236,1,,none,"Hair dye substance
in non-oxidative
hair dye products","0,2 %",0.2,%,,,"— Do not use with nitrosating agents
— Maximum nitrosamine
content: 50 μg /kg
— Keep in nitrite-free
containers",
III,243,237,1,a,label,"(a) Hair dye
substance in
oxidative hair
dye products",,,,,,"(a) After mixing under
oxidative conditions the
maximum concentration
applied to hair must not
exceed 1,25 % (as
hydrochloride)","(a) To be printed on the label:
The mixing ratio.
‘ Hair colourants can cause
severe allergic reactions.
Read and follow instructions.
This product is not intended for
use on persons under the age
of 16.
Temporary “black henna”
tattoos may increase your risk
of allergy.
Do not colour your hair if:
— you have a rash on your face
or sensitive, irritated and
damaged scalp,
— you have ever experienced
any reaction after colouring
your hair,
— you have experienced a
reaction to a temporary
“black henna” tattoo in the
past.’"
III,243,237,2,b,label,"(b) Hair dye
substance in
non-oxidative
hair dye
products","(b) 2,5 % (as
hydrochloride)",2.5,%,hydrochloride,,,
III,244,238,1,a,label,"(a) Hair dye
substance in
oxidative hair
dye products",,,,,,"(a) After mixing under
oxidative conditions the
maximum concentration
applied to hair must not
exceed 1,0 %","(a) To be printed on the label:
The mixing ratio.
‘ Hair colourants can cause
severe allergic reactions.
Read and follow instructions.
This product is not intended for
use on persons under the age
of 16.
Temporary “black henna”
tattoos may increase your risk
of allergy.
Do not colour your hair if:
— you have a rash on your face
or sensitive, irritated and
damaged scalp,
— you have ever experienced
any reaction after colouring
your hair,
— you have experienced a
reaction to a temporary
“black henna” tattoo in the
past.’"
III,244,238,2,b,label,"(b) Hair dye
substance in
non-oxidative
hair dye
products","(b) 1,0 %",1.0,%,,,,
III,245,239,1,,none,"Hair dye
substance in
oxidative hair dye
products",,,,,,"After mixing under
oxidative conditions the
maximum concentration
applied to hair must not
exceed 0,4 % (as tetrahydrochloride)","To be printed on the label:
The mixing ratio.
‘ Hair colourants can cause
severe allergic reactions.
Read and follow instructions.
This product is not intended for use
on persons under the age of 16.
Temporary “black henna” tattoos
may increase your risk of allergy.
Do not colour your hair if:
— you have a rash on your face or
sensitive, irritated and damaged
scalp,
— you have ever experienced any
reaction after colouring your
hair,
— you have experienced a reaction
to a temporary “black henna”
tattoo in the past.’"
III,246,240,1,,none,"Hair dye
substance in
oxidative hair dye
products",,,,,,"After mixing under
oxidative conditions the
maximum concentration
applied to hair must not
exceed 0,5 %","To be printed on the label:
The mixing ratio.
‘ Hair colorants can cause severe
allergic reactions.
Read and follow instructions.
This product is not intended for use
on persons under the age of 16.
Temporary “black henna” tattoos
may increase your risk of allergy.
Do not colour your hair if:
— you have a rash on your face or
sensitive, irritated and damaged
scalp,
— you have ever experienced any
reaction after colouring your
hair,
— you have experienced a reaction
to a temporary “black henna”
tattoo in the past.’"
III,247,241,1,a,label,"(a) Hair dye
substance in
oxidative hair
dye products
►M4 (b) Products
intended
for
colouring
eyelashes",,,,,,"For (a) and (b): After
mixing under oxidative
conditions the maximum
concentration applied to hair
or eyelashes must not
exceed 1,5 % ◄","►M4 (a) To be printed on the
label:
The mixing ratio.
‘ Hair colorants can
cause severe allergic
reactions.
Read and follow instructions.
This product is not
intended for use on
persons under the age
of 16.
Temporary “black
henna” tattoos may
increase your risk of
allergy.
Do not colour your hair
if:
— you have a rash on
your face or
sensitive, irritated
and damaged scalp,
— you have ever
experienced any
reaction after
colouring your hair,
— you have experienced
a reaction to a
temporary “black
henna” tattoo in the
past.’ ◄
►M4 (b) To be printed on the
label:
The mixing ratio.
‘For professional use
only.
This product can
cause severe allergic
reactions.
Read and follow instructions.
This product is not
intended for use on
persons under the age
of 16.
Temporary “black
henna” tattoos may
increase the risk of
allergy.
Eyelashes shall not be
coloured if the
consumer:
— has a rash on the face
or sensitive, irritated
and damaged scalp,
— has experienced any
reaction after
colouring hair or
eyelashes,
— has experienced a
reaction to a
temporary “black
henna” tattoo in the
past.
Rinse eyes immediately
if product comes into
contact with them.’ ◄"
III,247,241,2,b,label,,,,,,,"For (a) and (b): After
mixing under oxidative
conditions the maximum
concentration applied to hair
or eyelashes must not
exceed 1,5 % ◄
(b) For professional use
only. ◄","►M4 (a) To be printed on the
label:
The mixing ratio.
‘ Hair colorants can
cause severe allergic
reactions.
Read and follow instructions.
This product is not
intended for use on
persons under the age
of 16.
Temporary “black
henna” tattoos may
increase your risk of
allergy.
Do not colour your hair
if:
— you have a rash on
your face or
sensitive, irritated
and damaged scalp,
— you have ever
experienced any
reaction after
colouring your hair,
— you have experienced
a reaction to a
temporary “black
henna” tattoo in the
past.’ ◄
►M4 (b) To be printed on the
label:
The mixing ratio.
‘For professional use
only.
This product can
cause severe allergic
reactions.
Read and follow instructions.
This product is not
intended for use on
persons under the age
of 16.
Temporary “black
henna” tattoos may
increase the risk of
allergy.
Eyelashes shall not be
coloured if the
consumer:
— has a rash on the face
or sensitive, irritated
and damaged scalp,
— has experienced any
reaction after
colouring hair or
eyelashes,
— has experienced a
reaction to a
temporary “black
henna” tattoo in the
past.
Rinse eyes immediately
if product comes into
contact with them.’ ◄"
III,248,242,1,a,label,"(a) Hair dye
substance in
oxidative hair
dye products
►M4 (b) Products
intended
for
colouring
eyelashes",,,,,,"For (a) and (b): After
mixing under oxidative
conditions the maximum
concentration applied to hair
or eyelashes must not
exceed 2,0 % (as
hydrochloride) ◄","►M4 (a) To be printed on the
label:
The mixing ratio.
‘ Hair colorants can
cause severe allergic
reactions.
Read and follow instructions.
This product is not
intended for use on
persons under the age
of 16.
Temporary “black
henna” tattoos may
increase your risk of
allergy.
Do not colour your hair
if:
— you have a rash on
your face or
sensitive, irritated
and damaged scalp,
— you have ever
experienced any
reaction after
colouring your hair,
— you have experienced
a reaction to a
temporary “black
henna” tattoo in the
past.’ ◄
►M4 (b) To be printed on the
label:
The mixing ratio.
‘For professional use
only.
This product can
cause severe allergic
reactions.
Read and follow instructions.
This product is not
intended for use on
persons under the age
of 16.
Temporary “black
henna” tattoos may
increase the risk of
allergy.
Eyelashes shall not be
coloured if the consumer:
— has a rash on the face
or sensitive, irritated
and damaged scalp,
— has experienced any
reaction after
colouring hair or
eyelashes,
— has experienced a
reaction to a
temporary “black
henna” tattoo in the
past.
Rinse eyes immediately if
product comes into
contact with them.’ ◄"
III,248,242,2,b,label,,,,,,,"For (a) and (b): After
mixing under oxidative
conditions the maximum
concentration applied to hair
or eyelashes must not
exceed 2,0 % (as
hydrochloride) ◄
(b) For professional use
only. ◄","►M4 (a) To be printed on the
label:
The mixing ratio.
‘ Hair colorants can
cause severe allergic
reactions.
Read and follow instructions.
This product is not
intended for use on
persons under the age
of 16.
Temporary “black
henna” tattoos may
increase your risk of
allergy.
Do not colour your hair
if:
— you have a rash on
your face or
sensitive, irritated
and damaged scalp,
— you have ever
experienced any
reaction after
colouring your hair,
— you have experienced
a reaction to a
temporary “black
henna” tattoo in the
past.’ ◄
►M4 (b) To be printed on the
label:
The mixing ratio.
‘For professional use
only.
This product can
cause severe allergic
reactions.
Read and follow instructions.
This product is not
intended for use on
persons under the age
of 16.
Temporary “black
henna” tattoos may
increase the risk of
allergy.
Eyelashes shall not be
coloured if the consumer:
— has a rash on the face
or sensitive, irritated
and damaged scalp,
— has experienced any
reaction after
colouring hair or
eyelashes,
— has experienced a
reaction to a
temporary “black
henna” tattoo in the
past.
Rinse eyes immediately if
product comes into
contact with them.’ ◄"
III,249,243,1,a,label,"(a) Hair dye
substance in
oxidative hair
dye products",,,,,,"(a) After mixing under
oxidative conditions the
maximum concentration
applied to hair must not
exceed 1,8 %","(a) To be printed on the label:
The mixing ratio.
‘ Hair colourants can cause
severe allergic reactions.
Read and follow instructions.
This product is not intended for
use on persons under the age
of 16.
Temporary “black henna”
tattoos may increase your risk
of allergy.
Do not colour your hair if:
— you have a rash on your
face or sensitive, irritated
and damaged scalp,
— you have ever experienced
any reaction after colouring
your hair,
— you have experienced a
reaction to a temporary
“black h.enna” tattoo in the
past.’"
III,249,243,2,b,label,"(b) Hair dye
substance in
non-oxidative
hair dye
products","(b) 1,8 %",1.8,%,,,,
III,249,243,3,c,label,"(c) Products
intended for
colouring
eyelashes",,,,,,"(c) After mixing under
oxidative conditions the
maximum concentration
applied to eyelashes
must not exceed 1,25 %
(c) Professional use","(c) As from 3 March 2018, to be
printed on the label:
The mixing ratio.
‘ This product can cause
severe allergic reactions. Read
and follow instructions.
This product is not intended for
use on persons under the age of
16. Temporary “black henna”
tattoos may increase the risk of
allergy.
Eyelashes shall not be coloured
if the consumer:
— has a rash on the face or
sensitive, irritated and
damaged scalp,
— has experienced any
reaction after colouring hair
or eyelashes,
— has experienced a reaction
to a temporary “black
henna” tattoo in the past.
For professional use only.
Rinse eyes immediately if
product comes into contact with
them’."
III,250,244,1,a,label,"(a) Hair dye
substance in
oxidative hair
dye products
►M4 (b) Products
intended
for
colouring
eyelashes",,,,,,"For (a) and (b): After
mixing under oxidative
conditions the maximum
concentration applied to hair
or eyelashes must not
exceed 1,5 % ◄","►M4 (a) To be printed on the
label:
The mixing ratio.
‘ Hair colorants can
cause severe allergic
reactions.
Read and follow instructions.
This product is not
intended for use on
persons under the age
of 16.
Temporary “black
henna” tattoos may
increase your risk of
allergy.
Do not colour your hair
if:
— you have a rash on
your face or
sensitive, irritated
and damaged scalp,
— you have ever
experienced any
reaction after
colouring your hair,
— you have experienced
a reaction to a
temporary “black
henna” tattoo in the
past.’ ◄
►M4 (b) To be printed on the
label:
The mixing ratio.
‘For professional use
only.
This product can
cause severe allergic
reactions.
Read and follow instructions.
This product is not
intended for use on
persons under the age
of 16.
Temporary “black
henna” tattoos may
increase the risk of
allergy.
Eyelashes shall not be
coloured if the
consumer:
— has a rash on the face
or sensitive, irritated
and damaged scalp,
— has experienced any
reaction after
colouring hair or
eyelashes,
— has experienced a
reaction to a
temporary “black
henna” tattoo in the
past.
Rinse eyes immediately
if product comes into
contact with them.’ ◄"
III,250,244,2,b,label,,,,,,,"For (a) and (b): After
mixing under oxidative
conditions the maximum
concentration applied to hair
or eyelashes must not
exceed 1,5 % ◄
(b) For professional use
only. ◄","►M4 (a) To be printed on the
label:
The mixing ratio.
‘ Hair colorants can
cause severe allergic
reactions.
Read and follow instructions.
This product is not
intended for use on
persons under the age
of 16.
Temporary “black
henna” tattoos may
increase your risk of
allergy.
Do not colour your hair
if:
— you have a rash on
your face or
sensitive, irritated
and damaged scalp,
— you have ever
experienced any
reaction after
colouring your hair,
— you have experienced
a reaction to a
temporary “black
henna” tattoo in the
past.’ ◄
►M4 (b) To be printed on the
label:
The mixing ratio.
‘For professional use
only.
This product can
cause severe allergic
reactions.
Read and follow instructions.
This product is not
intended for use on
persons under the age
of 16.
Temporary “black
henna” tattoos may
increase the risk of
allergy.
Eyelashes shall not be
coloured if the
consumer:
— has a rash on the face
or sensitive, irritated
and damaged scalp,
— has experienced any
reaction after
colouring hair or
eyelashes,
— has experienced a
reaction to a
temporary “black
henna” tattoo in the
past.
Rinse eyes immediately
if product comes into
contact with them.’ ◄"
III,251,245,1,a,label,"(a) Hair dye
substance in
oxidative hair
dye products
►M4 (b) Products
intended
for
colouring
eyelashes",,,,,,"For (a) and (b): After
mixing under oxidative
conditions the maximum
concentration applied to hair
or eyelashes must not
exceed 1,5 % (as sulphate)
— Do not use with nitrosating agents
— Maximum nitrosamine
content: 50 μg /kg
— Keep in nitrite-free
containers ◄","►M4 (a) To be printed on the
label:
The mixing ratio.
‘ Hair colorants can
cause severe allergic
reactions.
Read and follow instructions.
This product is not
intended for use on
persons under the age
of 16.
Temporary “black
henna” tattoos may
increase your risk of
allergy.
Do not colour your hair
if:
— you have a rash on
your face or
sensitive, irritated
and damaged scalp,
— you have ever
experienced any
reaction after
colouring your hair,
— you have experienced
a reaction to a
temporary “black
henna” tattoo in the
past.’ ◄
►M4 (b) To be printed on the
label:
The mixing ratio.
‘For professional use
only.
This product can
cause severe allergic
reactions.
Read and follow instructions.
This product is not
intended for use on
persons under the age
of 16.
Temporary “black
henna” tattoos may
increase the risk of
allergy.
Eyelashes shall not be
coloured if the consumer:
— has a rash on the face
or sensitive, irritated
and damaged scalp,
— has experienced any
reaction after
colouring hair or
eyelashes,
— has experienced a
reaction to a
temporary “black
henna” tattoo in the
past.
Rinse eyes immediately if
product comes into
contact with them.’ ◄"
III,251,245,2,b,label,,,,,,,"For (a) and (b): After
mixing under oxidative
conditions the maximum
concentration applied to hair
or eyelashes must not
exceed 1,5 % (as sulphate)
— Do not use with nitrosating agents
— Maximum nitrosamine
content: 50 μg /kg
— Keep in nitrite-free
containers ◄
(b) For professional use
only. ◄","►M4 (a) To be printed on the
label:
The mixing ratio.
‘ Hair colorants can
cause severe allergic
reactions.
Read and follow instructions.
This product is not
intended for use on
persons under the age
of 16.
Temporary “black
henna” tattoos may
increase your risk of
allergy.
Do not colour your hair
if:
— you have a rash on
your face or
sensitive, irritated
and damaged scalp,
— you have ever
experienced any
reaction after
colouring your hair,
— you have experienced
a reaction to a
temporary “black
henna” tattoo in the
past.’ ◄
►M4 (b) To be printed on the
label:
The mixing ratio.
‘For professional use
only.
This product can
cause severe allergic
reactions.
Read and follow instructions.
This product is not
intended for use on
persons under the age
of 16.
Temporary “black
henna” tattoos may
increase the risk of
allergy.
Eyelashes shall not be
coloured if the consumer:
— has a rash on the face
or sensitive, irritated
and damaged scalp,
— has experienced any
reaction after
colouring hair or
eyelashes,
— has experienced a
reaction to a
temporary “black
henna” tattoo in the
past.
Rinse eyes immediately if
product comes into
contact with them.’ ◄"
III,252,246,1,,none,"Hair dye
substance in
oxidative hair dye
products",,,,,,"After mixing under
oxidative conditions the
maximum concentration
applied to hair must not
exceed 1,5 %
— Do not use with nitrosating agents
— Maximum nitrosamine
content: 50 μg /kg
— Keep in nitrite-free
containers","To be printed on the label:
The mixing ratio.
‘ Hair colourants can cause
severe allergic reactions.
Read and follow instructions.
This product is not intended for use
on persons under the age of 16.
Temporary “black henna” tattoos
may increase your risk of allergy.
Do not colour your hair if:
— you have a rash on your face or
sensitive, irritated and damaged
scalp,
— you have ever experienced any
reaction after colouring your
hair,
— you have experienced a reaction
to a temporary “black henna”
tattoo in the past.’"
III,253,247,1,,none,"Hair dye substance
in non-oxidative
hair dye products","2,8 %",2.8,%,,,"— Do not use with nitrosating agents
— Maximum nitrosamine
content: 50 μg /kg
— Keep in nitrite-free
containers",Can cause allergic reaction
III,254,248,1,a,label,"(a) Hair dye
substance in
oxidative hair
dye products",,,,,,"(a) After mixing under
oxidative conditions the
maximum concentration
applied to hair must not
exceed 3,0 %
For (a) and (b):
— Do not use with nitrosating agents
— Maximum nitrosamine
content: 50 μg /kg
— Keep in nitrite-free
containers","(a) To be printed on the label:
The mixing ratio.
‘ Hair colourants can cause
severe allergic reactions.
Read and follow instructions.
This product is not intended for
use on persons under the age
of 16.
Temporary “black henna”
tattoos may increase your risk
of allergy.
Do not colour your hair if:
— you have a rash on your face
or sensitive, irritated and
damaged scalp,
— you have ever experienced
any reaction after colouring
your hair,
— you have experienced a
reaction to a temporary
“black henna” tattoo in the
past.’"
III,254,248,2,b,label,"(b) Hair dye
substance in
non-oxidative
hair dye
products","(b) 1,85 %",1.85,%,,,,"(b) ‘ Hair colourants can cause
severe allergic reactions.
Read and follow instructions.
This product is not intended for
use on persons under the age
of 16.
Temporary “black henna”
tattoos may increase your risk
of allergy.
Do not colour your hair if:
— you have a rash on your face
or sensitive, irritated and
damaged scalp,
— you have ever experienced
any reaction after colouring
your hair,
— you have experienced a
reaction to a temporary
“black henna” tattoo in the
past.’"
III,255,249,1,a,label,"(a) Hair dye
substance in
oxidative hair
dye products",,,,,,"(a) After mixing under
oxidative conditions the
maximum concentration
applied to hair must not
exceed 0,25 %
For (a) and (b):
— Do not use with nitrosating agents
— Maximum nitrosamine
content: 50 μg /kg
— Keep in nitrite-free
containers","(a) To be printed on the label:
The mixing ratio.
‘ Hair colourants can cause
severe allergic reactions.
Read and follow instructions.
This product is not intended for
use on persons under the age
of 16.
Temporary “black henna” tattoos
may increase your risk of
allergy.
Do not colour your hair if:
— you have a rash on your face
or sensitive, irritated and
damaged scalp,
— you have ever experienced
any reaction after colouring
your hair,
— you have experienced a
reaction to a temporary
“black henna” tattoo in the
past.’"
III,255,249,2,b,label,"(b) Hair dye
substance in
non-oxidative
hair dye
products","(b) 0,5 %",0.5,%,,,,
III,256,250,1,a,label,"(a) Hair dye
substance in
oxidative hair
dye products",,,,,,"(a) After mixing under
oxidative conditions the
maximum concentration
applied to hair must not
exceed 1,0 %
For (a) and (b):
— Do not use with nitrosating agents
— Maximum nitrosamine
content: 50 μg/kg
— Keep in nitrite-free
containers","(a) To be printed on the label:
The mixing ratio.
‘ Hair colorants can cause
severe allergic reactions.
Read and follow instructions.
This product is not intended for
use on persons under the age
of 16.
Temporary “black henna”
tattoos may increase your risk
of allergy.
Do not colour your hair if:
— you have a rash on your face
or sensitive, irritated and
damaged scalp,
— you have ever experienced
any reaction after colouring
your hair,
— you have experienced a
reaction to a temporary
“black henna” tattoo in the
past.’"
III,256,250,2,b,label,"(b) Hair dye
substance in
non-oxidative
hair dye
products","(b) 2,0 %",2.0,%,,,,
III,257,251,1,,none,"Hair dye substance
in non-oxidative
hair dye products","1,0 %",1.0,%,,,"— Do not use with nitrosating agents
— Maximum nitrosamine
content: 50 μg/kg
— Keep in nitrite-free
containers","‘ Hair colorants can cause severe
allergic reactions.
Read and follow instructions.
This product is not intended for use
on persons under the age of 16.
Temporary “black henna” tattoos
may increase your risk of allergy.
Do not colour your hair if:
— you have a rash on your face or
sensitive, irritated and damaged
scalp,
— you have ever experienced any
reaction after colouring your
hair,
— you have experienced a reaction
to a temporary “black henna”
tattoo in the past.’"
III,258,252,1,a,label,"(a) Hair dye
substance in
oxidative hair
dye products",,,,,,"(a) After mixing under
oxidative conditions the
maximum concentration
applied to hair must not
exceed 2,0 %","(a) To be printed on the label:
The mixing ratio.
‘ Hair colourants can cause
severe allergic reactions.
Read and follow instructions.
This product is not intended for
use on persons under the age
of 16.
Temporary “black henna”
tattoos may increase your risk
of allergy.
Do not colour your hair if:
— you have a rash on your face
or sensitive, irritated and
damaged scalp,
— you have ever experienced
any reaction after colouring
your hair,
— you have experienced a
reaction to a temporary
“black henna” tattoo in the
past.’"
III,258,252,2,b,label,"(b) Hair dye
substance in
non-oxidative
hair dye
products","(b) 2,0 %",2.0,%,,,,"(b) ‘ Hair colourants can cause
severe allergic reactions.
Read and follow instructions.
This product is not intended for
use on persons under the age
of 16.
Temporary “black henna”
tattoos may increase your risk
of allergy.
Do not colour your hair if:
— you have a rash on your face
or sensitive, irritated and
damaged scalp,
— you have ever experienced
any reaction after colouring
your hair,
— you have experienced a
reaction to a temporary
“black henna” tattoo in the
past.’"
III,259,253,1,,none,"Hair dye substance
in non-oxidative
hair dye products","1,5 %",1.5,%,,,"— Do not use with nitrosating agents
— Maximum nitrosamine
content: 50 μg/kg
— Keep in nitrite-free
containers",
III,260,254,1,,none,"Hair dye substance
in non-oxidative
hair dye products","0,5 %",0.5,%,,,,
III,261,255,1,a,label,"(a) Hair dye
substance in
oxidative hair
dye products",,,,,,"(a) After mixing under
oxidative conditions the
maximum concentration
applied to hair must not
exceed 0,75 %
For (a) and (b):
— Do not use with nitrosating agents
— Maximum nitrosamine
content: 50 μg/kg
— Keep in nitrite-free
containers","(a) To be printed on the label:
The mixing ratio.
‘ Hair colorants can cause
severe allergic reactions.
Read and follow instructions.
This product is not intended for
use on persons under the age
of 16.
Temporary “black henna”
tattoos may increase your risk
of allergy.
Do not colour your hair if:
— you have a rash on your face
or sensitive, irritated and
damaged scalp,
— you have ever experienced
any reaction after colouring
your hair,
— you have experienced a
reaction to a temporary
“black henna” tattoo in the
past.’"
III,261,255,2,b,label,"(b) Hair dye
substance in
non-oxidative
hair dye
products","b) 1,0 %",1.0,%,,,,
III,262,256,1,,none,"Hair dye substance
in non-oxidative
hair dye products","1,0 %",1.0,%,,,,
III,263,257,1,a,label,"(a) Leave-on
products","(a) 3,0 %",3.0,%,,,,
III,263,257,2,b,label,"(b) Rinse-off
products","(b) 4,0 %",4.0,%,,,,
III,264,258,1,,none,"Hair dye substance
in non-oxidative
hair dye products","1,0 %",1.0,%,,,,"‘ Hair colorants can cause severe
allergic reactions.
Read and follow instructions.
This product is not intended for use
on persons under the age of 16.
Temporary “black henna” tattoos
may increase your risk of allergy.
Do not colour your hair if:
— you have a rash on your face or
sensitive, irritated and damaged
scalp,
— you have ever experienced any
reaction after colouring your
hair,
— you have experienced a reaction
to a temporary “black henna”
tattoo in the past.’"
III,265,259,1,,gap,Hair dye substance,"0,5 % (calculated as",0.5,%,,,"— Do not use with nitrosating agents
— Maximum nitrosamine
content: 50 μg/kg
— Keep in nitrite-free
containers",
III,265,259,2,,gap,in non-oxidative,,,,,,"— Do not use with nitrosating agents
— Maximum nitrosamine
content: 50 μg/kg
— Keep in nitrite-free
containers",
III,265,259,3,,gap,hair dye products,hydrochloride),,,,,"— Do not use with nitrosating agents
— Maximum nitrosamine
content: 50 μg/kg
— Keep in nitrite-free
containers",
III,266,260,1,,none,"Hair dye substance
in non-oxidative
hair dye products","0,25 %",0.25,%,,,,
III,267,261,1,a,label,"(a) Hair dye
substance in
oxidative hair
dye products",,,,,,"(a) After mixing under
oxidative conditions the
maximum concentration
applied to hair must not
exceed 2,5 %
For (a) and (b):
— Do not use with nitrosating agents
— Maximum nitrosamine
content: 50 μg/kg
— Keep in nitrite-free
containers","(a) To be printed on the label:
The mixing ratio.
‘ Hair colorants can cause
severe allergic reactions.
Read and follow instructions.
This product is not intended for
use on persons under the age
of 16.
Temporary “black henna”
tattoos may increase your risk
of allergy.
Do not colour your hair if:
— you have a rash on your face
or sensitive, irritated and
damaged scalp,
— you have ever experienced
any reaction after colouring
your hair,
— you have experienced a
reaction to a temporary
“black henna” tattoo in the
past.’"
III,267,261,2,b,label,"(b) Hair dye
substance in
non-oxidative
hair dye
products","(b) 2,5 %",2.5,%,,,,
III,268,262,1,,none,"Hair dye substance
in non-oxidative
hair dye products","2,0 %",2.0,%,,,,
III,269,263,1,,none,"Hair dye substance
in non-oxidative
hair dye products","0,3 % (of the
mixture in the
ratio 1:1 of
2,2’-[4-(4-aminophenylazo)
phenylimino]
diethanol and
lignosulfate)",0.3,%,,,,
III,270,264,1,,none,"Hair dye substance
in non-oxidative
hair dye products","0,3 %",0.3,%,,,"— Do not use with nitrosating agents
— Maximum nitrosamine
content: 50 μg/kg
— Keep in nitrite-free
containers",
III,271,265,1,,none,"Hair dye substance
in non-oxidative
hair dye products","0,5 %",0.5,%,,,"Impurity of Disperse Red 15
in Disperse Violet 1 for hair
dye formulations should be
< 1 % (w/w)",
III,272,266,1,a,label,"(a) Hair dye
substance in
oxidative hair
dye products",,,,,,"(a) After mixing under
oxidative conditions the
maximum concentration
applied to hair must not
exceed 0,45 %
For (a) and (b):
— Do not use with nitrosating agents
— Maximum nitrosamine
content: 50 μg/kg
— Keep in nitrite-free
containers","For (a): To be printed on the label:
The mixing ratio.
For (a) and (b):
‘ Hair colorants can cause severe
allergic reactions. Read and follow
instructions. This product is not
intended for use on persons under
the age of 16.
Temporary “black henna” tattoos
may increase your risk of allergy.
Do not colour your hair if:
— you have a rash on your face or
sensitive, irritated and damaged
scalp,
— you have ever experienced any
reaction after colouring your
hair,
— you have experienced a reaction
to a temporary “black henna”
tattoo in the past.’"
III,272,266,2,b,label,"(b) Hair dye
substance in
non-oxidative
hair dye
products","(b) 3,0 %",3.0,%,,,,"For (a): To be printed on the label:
The mixing ratio.
For (a) and (b):
‘ Hair colorants can cause severe
allergic reactions. Read and follow
instructions. This product is not
intended for use on persons under
the age of 16.
Temporary “black henna” tattoos
may increase your risk of allergy.
Do not colour your hair if:
— you have a rash on your face or
sensitive, irritated and damaged
scalp,
— you have ever experienced any
reaction after colouring your
hair,
— you have experienced a reaction
to a temporary “black henna”
tattoo in the past.’"
III,273,267,1,,none,"Hair dye substance
in non-oxidative
hair dye products","2,0 %",2.0,%,,,,
III,274,268,1,a,label,"(a) Hair dye
substance in
oxidative hair
dye products",,,,,,"(a) After mixing under
oxidative conditions the
maximum concentration
applied to hair must not
exceed 0,5 %","(a) To be printed on the label:
The mixing ratio.
‘ Hair colorants can cause
severe allergic reactions.
Read and follow instructions.
This product is not intended for
use on persons under the age
of 16.
Temporary “black henna”
tattoos may increase your risk
of allergy.
Do not colour your hair if:
— you have a rash on your face
or sensitive, irritated and
damaged scalp,
— you have ever experienced
any reaction after colouring
your hair,
— you have experienced a
reaction to a temporary
“black henna” tattoo in the
past.’"
III,274,268,2,b,label,"(b) Hair dye
substance in
non-oxidative
hair dye
products","(b) 1,0 %",1.0,%,,,,
III,275,269,1,,none,"Hair dye substance
in oxidative hair
dye products",,,,,,"After mixing under
oxidative conditions the
maximum concentration
applied to hair must not
exceed 1,0 %","To be printed on the label:
The mixing ratio.
‘ Hair colorants can cause severe
allergic reactions.
Read and follow instructions.
This product is not intended for use
on persons under the age of 16.
Temporary “black henna” tattoos
may increase your risk of allergy.
Do not colour your hair if:
— you have a rash on your face or
sensitive, irritated and damaged
scalp,
— you have ever experienced any
reaction after colouring your
hair,
— you have experienced a reaction
to a temporary “black henna”
tattoo in the past.’"
III,276,270,1,a,label,"(a) Hair dye
substance in
oxidative hair
dye products",,,,,,"(a) After mixing under
oxidative conditions the
maximum concentration
applied to hair must not
exceed 2,0 %","(a) To be printed on the label:
The mixing ratio.
‘ Hair colorants can cause
severe allergic reactions.
Read and follow instructions.
This product is not intended for
use on persons under the age
of 16.
Temporary “black henna”
tattoos may increase your risk
of allergy.
Do not colour your hair if:
— you have a rash on your face
or sensitive, irritated and
damaged scalp,
— you have ever experienced
any reaction after colouring
your hair,
— you have experienced a
reaction to a temporary
“black henna” tattoo in the
past.’"
III,276,270,2,b,label,"(b) Hair dye
substance in
non-oxidative
hair dye
products","(b) 0,4 %",0.4,%,,,,
III,277,271,1,,none,"Hair dye substance
in non-oxidative
hair dye products","2,0 %",2.0,%,,,,
III,278,272,1,a,label,"(a) Hair dye
substance in
oxidative hair
dye products",,,,,,"(a) (b) After mixing under
oxidative conditions
the maximum
concentration
applied to hair or
eyelashes must not
exceed 0,9 %","(a) To be printed on the label: The
mixing ratio.
‘ Hair colourants can cause
severe allergic reactions.
Read and follow instructions.
This product is not intended for
use on persons under the age
of 16.
Temporary “black henna”
tattoos may increase your risk
of allergy.
Do not colour your hair if:
— you have a rash on your
face or sensitive, irritated
and damaged scalp,
— you have ever experienced
any reaction after colouring
your hair,
— you have experienced a
reaction to a temporary
“black henna” tattoo in the
past.’"
III,278,272,2,b,label,"(b) Products
intended for
colouring
eyelashes",,,,,,"(a) (b) After mixing under
oxidative conditions
the maximum
concentration
applied to hair or
eyelashes must not
exceed 0,9 %
(b) Professional use","(b) As from 3 March 2018, to be
printed on the label: The
mixing ratio.
‘ This product can cause
severe allergic reactions. Read
and follow instructions.
This product is not intended for
use on persons under the age of
16. Temporary “black henna”
tattoos may increase the risk of
allergy.
Eyelashes shall not be coloured
if the consumer:
— has a rash on the face or
sensitive, irritated and
damaged scalp,
— has experienced any reaction
after colouring hair or
eyelashes,
— has experienced a reaction to
a temporary “black henna”
tattoo in the past.
For professional use only.
Rinse eyes immediately if
product comes into contact with
them’."
III,279,273,1,,none,"Hair dye substance
in oxidative hair
dye products",,,,,,"After mixing under
oxidative conditions the
maximum concentration
applied to hair must not
exceed 3,0 %","To be printed on the label:
The mixing ratio.
‘ Hair colorants can cause severe
allergic reactions.
Read and follow instructions.
This product is not intended for use
on persons under the age of 16.
Temporary “black henna” tattoos
may increase your risk of allergy.
Do not colour your hair if:
— you have a rash on your face or
sensitive, irritated and damaged
scalp,
— you have ever experienced any
reaction after colouring your
hair,
— you have experienced a reaction
to a temporary “black henna”
tattoo in the past.’"
III,280,274,1,,none,"Hair dye substance
in oxidative hair
dye products",,,,,,"After mixing under
oxidative conditions the
maximum concentration
applied to hair must not
exceed 2,5 %","To be printed on the label:
The mixing ratio.
‘ Hair colorants can cause severe
allergic reactions.
Read and follow instructions.
This product is not intended for use
on persons under the age of 16.
Temporary “black henna” tattoos
may increase your risk of allergy.
Do not colour your hair if:
— you have a rash on your face or
sensitive, irritated and damaged
scalp,
— you have ever experienced any
reaction after colouring your
hair,
— you have experienced a reaction
to a temporary “black henna”
tattoo in the past.’"
III,281,275,1,a,label,"(a) Hair dye
substance in
oxidative hair
dye products",,,,,,"(a) After mixing under
oxidative conditions the
maximum concentration
applied to hair must not
exceed 1,0 %","(a) To be printed on the label:
The mixing ratio.
‘ Hair colorants can cause
severe allergic reactions.
Read and follow instructions.
This product is not intended for
use on persons under the age
of 16.
Temporary “black henna”
tattoos may increase your risk
of allergy.
Do not colour your hair if:
— you have a rash on your
face or sensitive, irritated
and damaged scalp,
— you have ever experienced
any reaction after colouring
your hair,
— you have experienced a
reaction to a temporary
“black henna” tattoo in the
past.’"
III,281,275,2,b,label,"(b) Hair dye
substance in
non-oxidative
hair dye
products","(b) 1,0 %",1.0,%,,,,
III,282,276,1,a,label,"(a) Hair dye
substance in
oxidative hair
dye products",,,,,,"(a) After mixing under
oxidative conditions the
maximum concentration
applied to hair must not
exceed 0,5 %","(a) To be printed on the label:
The mixing ratio.
‘ Hair colorants can cause
severe allergic reactions.
Read and follow instructions.
This product is not intended for
use on persons under the age
of 16.
Temporary “black henna”
tattoos may increase your risk
of allergy.
Do not colour your hair if:
— you have a rash on your
face or sensitive, irritated
and damaged scalp,
— you have ever experienced
any reaction after colouring
your hair,
— you have experienced a
reaction to a temporary
“black henna” tattoo in the
past.’"
III,282,276,2,b,label,"(b) Hair dye
substance in
non-oxidative
hair dye
products","(b) 1,0 %",1.0,%,,,,
III,283,277,1,a,label,"(a) Hair dye
substance in
oxidative hair
dye products",,,,,,"(a) After mixing under
oxidative conditions the
maximum concentration
applied to hair must not
exceed 0,25 %","(a) To be printed on the label:
The mixing ratio.
‘ Hair colorants can cause
severe allergic reactions.
Read and follow instructions.
This product is not intended for
use on persons under the age
of 16.
Temporary “black henna”
tattoos may increase your risk
of allergy.
Do not colour your hair if:
— you have a rash on your
face or sensitive, irritated
and damaged scalp,
— you have ever experienced
any reaction after colouring
your hair,
— you have experienced a
reaction to a temporary
“black henna” tattoo in the
past.’"
III,283,277,2,b,label,"(b) Hair dye
substance in
non-oxidative
hair dye
products","(b) 0,25 %",0.25,%,,,,
III,284,278,1,a,label,"(a) Hair dye
substance in
oxidative hair
dye products",,,,,,"(a) After mixing under
oxidative conditions the
maximum concentration
applied to hair must not
exceed 1,0 %","(a) To be printed on the label:
The mixing ratio.
‘ Hair colorants can cause
severe allergic reactions.
Read and follow instructions.
This product is not intended for
use on persons under the age
of 16.
Temporary “black henna”
tattoos may increase your risk
of allergy.
Do not colour your hair if:
— you have a rash on your
face or sensitive, irritated
and damaged scalp,
— you have ever experienced
any reaction after colouring
your hair,
— you have experienced a
reaction to a temporary
“black henna” tattoo in the
past.’"
III,284,278,2,b,label,"(b) Hair dye
substance in
non-oxidative
hair dye
products","(b) 0,5 %",0.5,%,,,,
III,285,279,1,,none,"Hair dye substance
in oxidative hair
dye products",,,,,,"After mixing under
oxidative conditions the
maximum concentration
applied to hair must not
exceed 2,0 %","To be printed on the label:
The mixing ratio.
‘ Hair colorants can cause severe
allergic reactions.
Read and follow instructions.
This product is not intended for use
on persons under the age of 16.
Temporary “black henna” tattoos
may increase your risk of allergy.
Do not colour your hair if:
— you have a rash on your face or
sensitive, irritated and damaged
scalp,
— you have ever experienced any
reaction after colouring your
hair,
— you have experienced a reaction
to a temporary “black henna”
tattoo in the past.’"
III,286,280,1,a,label,"(a) Hair dye
substance in
oxidative hair
dye products",,,,,,"(a) After mixing under
oxidative conditions the
maximum concentration
applied to hair must not
exceed 0,6 %","(a) To be printed on the label:
The mixing ratio.
‘ Hair colorants can cause
severe allergic reactions.
Read and follow instructions.
This product is not intended for
use on persons under the age
of 16.
Temporary “black henna”
tattoos may increase your risk
of allergy.
Do not colour your hair if:
— you have a rash on your
face or sensitive, irritated
and damaged scalp,
— you have ever experienced
any reaction after colouring
your hair,
— you have experienced a
reaction to a temporary
“black henna” tattoo in the
past.’"
III,286,280,2,b,label,"(b) Hair dye
substance in
non-oxidative
hair dye
products","(b) 0,6 %",0.6,%,,,,
III,287,281,1,a,label,"(a) Hair dye
substance in
oxidative hair
dye products",,,,,,"(a) After mixing under
oxidative conditions the
maximum concentration
applied to hair must not
exceed 0,8 %
For (a) and (b):
— Do not use with nitrosating agents
— Maximum nitrosamine
content: 50 μg/kg
— Keep in nitrite-free
containers","(a) To be printed on the label:
The mixing ratio.
‘ Hair colorants can cause
severe allergic reactions.
Read and follow instructions.
This product is not intended for
use on persons under the age
of 16.
Temporary “black henna”
tattoos may increase your risk
of allergy.
Do not colour your hair if:
— you have a rash on your
face or sensitive, irritated
and damaged scalp,
— you have ever experienced
any reaction after colouring
your hair,
— you have experienced a
reaction to a temporary
“black henna” tattoo in the
past.’"
III,287,281,2,b,label,"(b) Hair dye
substance in
non-oxidative
hair dye
products","(b) 1,0 %",1.0,%,,,,
III,288,282,1,,none,"Hair dye substance
in non-oxidative
hair dye products","3,0 %",3.0,%,,,"— Do not use with nitrosating agents
— Maximum nitrosamine
content: 50 μg/kg
— Keep in nitrite-free
containers",
III,289,283,1,a,label,"(a) Hair dye
substance in
oxidative hair
dye products",,,,,,"(a) After mixing under
oxidative conditions the
maximum concentration
applied to hair must not
exceed 1,0 %","(a) To be printed on the label:
The mixing ratio.
‘ Hair colorants can cause
severe allergic reactions.
Read and follow instructions.
This product is not intended for
use on persons under the age
of 16.
Temporary “black henna”
tattoos may increase your risk
of allergy.
Do not colour your hair if:
— you have a rash on your
face or sensitive, irritated
and damaged scalp,
— you have ever experienced
any reaction after colouring
your hair,
— you have experienced a
reaction to a temporary
“black henna” tattoo in the
past.’"
III,289,283,2,b,label,"(b) Hair dye
substance in
non-oxidative
hair dye
products","(b) 0,5 %",0.5,%,,,,
III,290,284,1,a,label,"(a) Hair dye
substance in
oxidative hair
dye products",,,,,,"(a) After mixing under
oxidative conditions the
maximum concentration
applied to hair must not
exceed 1,0 %","(a) To be printed on the label:
The mixing ratio.
‘ Hair colorants can cause
severe allergic reactions.
Read and follow instructions.
This product is not intended for
use on persons under the age
of 16.
Temporary “black henna”
tattoos may increase your risk
of allergy.
Do not colour your hair if:
— you have a rash on your
face or sensitive, irritated
and damaged scalp,
— you have ever experienced
any reaction after colouring
your hair,
— you have experienced a
reaction to a temporary
“black henna” tattoo in the
past.’"
III,290,284,2,b,label,"(b) Hair dye
substance in
non-oxidative
hair dye
products","(b) 1,0 %",1.0,%,,,,
III,291,285,1,a,label,"(a) Hair dye
substance in
oxidative hair
dye products",,,,,,"For (a) and (b): After
mixing under oxidative
conditions the maximum
concentration applied to hair
must not exceed 0,15 %","(a) To be printed on the label:
The mixing ratio.
‘ Hair colorants can cause
severe allergic reactions.
Read and follow instructions.
This product is not intended for
use on persons under the age
of 16.
Temporary “black henna”
tattoos may increase your risk
of allergy.
Do not colour your hair if:
— you have a rash on your
face or sensitive, irritated
and damaged scalp,
— you have ever experienced
any reaction after colouring
your hair,
— you have experienced a
reaction to a temporary
“black henna” tattoo in the
past.’"
III,291,285,2,b,label,"(b) Products
intended for
colouring
eyelashes",,,,,,"For (a) and (b): After
mixing under oxidative
conditions the maximum
concentration applied to hair
must not exceed 0,15 %
(b) For professional use
only.","(b) To be printed on the label:
The mixing ratio.
‘For professional use only.
This product can cause
severe allergic reactions.
Read and follow instructions.
This product is not intended for
use on persons under the age
of 16.
Temporary “black henna”
tattoos may increase the risk of
allergy.
Eyelashes shall not be coloured
if the consumer:
— has a rash on the face or
sensitive, irritated and
damaged scalp,
— has experienced any
reaction after colouring hair
or eyelashes,
— has experienced a reaction to
a temporary “black henna”
tattoo in the past.
Rinse eyes immediately if product
comes into contact with them.’"
III,292,286,1,a,label,"(a) Rinse-off hair
products","(a) 2,5 % for
the individual
concentrations or
the sum of
the individual
concentrations of
cetrimonium
chloride and
steartrimonium
chloride",2.5,%,,,"For purposes other than
inhibiting the development
of micro-organisms in the
product. The purpose has to
be apparent from the presentation of the product.",
III,292,286,2,b,label,"(b) Leave-on hair
products","(b) 1,0 % for
the individual
concentrations or
the sum of
the individual
concentrations of
cetrimonium
chloride and
steartrimonium
chloride",1.0,%,,,"For purposes other than
inhibiting the development
of micro-organisms in the
product. The purpose has to
be apparent from the presentation of the product.",
III,292,286,3,c,label,"(c) Leave-on face
products","(c) 0,5 % for
the individual
concentrations or
the sum of
the individual
concentrations of
cetrimonium
chloride and
steartrimonium
chloride",0.5,%,,,"For purposes other than
inhibiting the development
of micro-organisms in the
product. The purpose has to
be apparent from the presentation of the product.",
III,293,287,1,a,label,"(a) Rinse-off hair
products","(a) 5,0 % for
the individual
concentration of
behentrimonium
chloride or
the sum of
the individual
concentrations of
cetrimonium
chloride,
steartrimonium
chloride and
behentrimonium
chloride,
while at the
same time
respecting
the relevant
maximum
concentration for
the sum of
cetrimonium
chloride and
steartrimonium
chloride set
out in entry
286.",5.0,%,,,"For purposes other than
inhibiting the development
of micro-organisms in the
product. The purpose has to
be apparent from the presentation of the product.",
III,293,287,2,b,label,"(b) Leave-on hair
products","(b) 3,0 % for
the individual
concentration of
behentrimonium
chloride or
the sum of
the individual
concentrations of
cetrimonium
chloride,
steartrimonium
chloride and
behentrimonium
chloride,
while at the
same time
respecting
the relevant
maximum
concentration for
the sum of
cetrimonium
chloride and
steartrimonium
chloride set
out in entry
286.",3.0,%,,,"For purposes other than
inhibiting the development
of micro-organisms in the
product. The purpose has to
be apparent from the presentation of the product.",
III,293,287,3,c,label,"(c) Leave-on face
products","(c) 3,0 % for
the individual
concentration of
behentrimonium
chloride or
the sum of
the individual
concentrations of
cetrimonium
chloride,
steartrimonium
chloride and
behentrimonium
chloride,
while at the
same time
respecting
the relevant
maximum
concentration for
the sum of
cetrimonium
chloride and
steartrimonium
chloride
set out in
entry 286.",3.0,%,,,"For purposes other than
inhibiting the development
of micro-organisms in the
product. The purpose has to
be apparent from the presentation of the product.",
III,294,288,1,a,label,"(a) Hair dye
substance in
oxidative hair
dye products",,,,,,"(a) After mixing under
oxidative conditions the
maximum concentration
applied to hair must not
exceed 2,0 %
For (a) and (b):
— Do not use with nitrosating agents
— Maximum nitrosamine
content: 50 μg/kg
— Keep in nitrite-free
containers","(a) To be printed on the label: The
mixing ratio.
‘ Hair colorants can cause
severe allergic reactions.
Read and follow instructions.
This product is not intended for
use on persons under the age
of 16.
Temporary ‘black henna’
tattoos may increase your risk
of allergy.
Do not colour your hair if:
— you have a rash on your face
or sensitive, irritated and
damaged scalp,
— you have ever experienced
any reaction after colouring
your hair,
— you have experienced a
reaction to a temporary
‘black henna’ tattoo in the
past.’"
III,294,288,2,b,label,"(b) Hair dye
substance in
non-oxidative
hair dye
products","(b) 2,0 %",2.0,%,,,,
III,295,289,1,a,label,"(a) Hair dye
substance in
oxidative hair
dye products",,,,,,"(a) After mixing under
oxidative conditions the
maximum concentration
applied to hair must not
exceed 0,2 %","(a) To be printed on the label: The
mixing ratio.
‘ Hair colorants can cause
severe allergic reactions.
Read and follow instructions.
This product is not intended for
use on persons under the age
of 16.
Temporary ‘black henna’
tattoos may increase your risk
of allergy.
Do not colour your hair if:
— you have a rash on your face
or sensitive, irritated and
damaged scalp,
— you have ever experienced
any reaction after colouring
your hair,
— you have experienced a
reaction to a temporary
‘black henna’ tattoo in the
past.’"
III,295,289,2,b,label,"(b) Hair dye
substance in
non-oxidative
hair dye
products","(b) 0,2 %",0.2,%,,,,
III,296,290,1,,none,"Hair dye substance
in non-oxidative
hair dye products","0,3 %",0.3,%,,,,
III,297,291,1,,none,"Hair dye substance
in non-oxidative
hair dye products","0,5 %",0.5,%,,,,
III,298,292,1,a,label,"(a) Hair dye
substance in
oxidative hair
dye products",,,,,,"(a) (b) After mixing under
oxidative conditions
the maximum
concentration
applied to hair or
eyelashes must not
exceed 1,8 % (calculated as free base)","(a) To be printed on the label:
The mixing ratio.
‘ Hair colorants can cause
severe allergic reactions.
Read and follow instructions.
This product is not intended for
use on persons under the age
of 16.
Temporary “black henna”
tattoos may increase your risk
of allergy.
Do not colour your hair if:
— you have a rash on your face
or sensitive, irritated and
damaged scalp,
— you have ever experienced
any reaction after colouring
your hair,
— you have experienced a
reaction to a temporary
“black henna” tattoo in the
past.’"
III,298,292,2,b,label,"(b) Products
intended for
colouring
eyelashes",,,,,,"(a) (b) After mixing under
oxidative conditions
the maximum
concentration
applied to hair or
eyelashes must not
exceed 1,8 % (calculated as free base)
(b) Professional use","(b) To be printed on the label: The
mixing ratio.
‘ This product can cause
severe allergic reactions. Read
and follow instructions.
This product is not intended for
use on persons under the age of
16. Temporary “black henna”
tattoos may increase the risk
of allergy.
Eyelashes shall not be coloured
if the consumer:
— has a rash on the face or
sensitive, irritated and
damaged scalp,
— has experienced any reaction
after colouring hair or
eyelashes,
— has experienced a reaction to
a temporary “black henna”
tattoo in the past.
For professional use only.
Rinse eyes immediately if
product comes into contact
with them.’"
III,299,293,1,,none,"Hair dye substance
in non-oxidative
hair dye products","0,5 %",0.5,%,,,"— Do not use with nitrosating agents
— Maximum nitrosamine
content: 50 μg/kg
— Keep in nitrite-free
containers","To be printed on the label:
‘ Hair colorants can cause severe
allergic reactions.
Read and follow instructions.
This product is not intended for use
on persons under the age of 16.
Temporary ‘black henna’ tattoos
may increase your risk of allergy.
Do not colour your hair if:
— you have a rash on your face or
sensitive, irritated and damaged
scalp,
— you have ever experienced any
reaction after colouring your
hair,
— you have experienced a reaction
to a temporary ‘black henna’
tattoo in the past.’"
III,300,294,1,a,label,"(a) Hair dye
substance in
oxidative hair
dye products",,,,,,"(a) After mixing under
oxidative conditions the
maximum concentration
applied to hair must not
exceed 2,0 %
For (a) and (b):
— Do not use with nitrosating agents
— Maximum nitrosamine
content: 50 μg/kg
— Keep in nitrite-free
containers","(a) To be printed on the label: The
mixing ratio.
‘ Hair colorants can cause
severe allergic reactions.
Read and follow instructions.
This product is not intended for
use on persons under the age
of 16.
Temporary ‘black henna’
tattoos may increase your risk
of allergy.
Do not colour your hair if:
— you have a rash on your face
or sensitive, irritated and
damaged scalp,
— you have ever experienced
any reaction after colouring
your hair,
— you have experienced a
reaction to a temporary
‘black henna’ tattoo in the
past.’"
III,300,294,2,b,label,"(b) Hair dye
substance in
non-oxidative
hair dye
products","(b) 0,2 %",0.2,%,,,,
III,301,295,1,,none,"Hair dye substance
in non-oxidative
hair dye products","0,5 %",0.5,%,,,,
III,302,296,1,,none,"Hair dye substance
in non-oxidative
hair dye products","0,4 %",0.4,%,,,,
III,303,297,1,a,label,"(a) Oxidative hair
dye products",(a) 7 %,7.0,%,,,"(a) to (e):
The level of ethylene glycol
impurity in Ethoxydiglycol
must be ≤ 0,1 %.
Not to be used in eye
products and oral products.",
III,303,297,2,b,label,"(b) Non-oxidative
hair dye
products",(b) 5 %,5.0,%,,,,
III,303,297,3,c,label,"(c) Rinse-off
products other
than hair dye
products",(c) 10 %,10.0,%,,,,
III,303,297,4,d,label,"(d) Other non-
spray cosmetic
products","(d) 2,6 %",2.6,%,,,,
III,303,297,5,e,label,"(e) The following
spray
products: fine
fragrances,
hair sprays,
antiperspirants
and deodorants","(e) 2,6 %",2.6,%,,,,
III,304,298,1,,gap,Hair dye substance,As from,,,,,"As from 3 September 2017:
— Do not use with nitrosating agents
— Maximum nitrosamine
content: 50 μg/kg
— Keep in nitrite-free
containers",
III,304,298,2,,gap,in non-oxidative,3 September,,,,,"As from 3 September 2017:
— Do not use with nitrosating agents
— Maximum nitrosamine
content: 50 μg/kg
— Keep in nitrite-free
containers",
III,304,298,3,,gap,hair dye products,"2017: 0,5 %",0.5,%,,,"As from 3 September 2017:
— Do not use with nitrosating agents
— Maximum nitrosamine
content: 50 μg/kg
— Keep in nitrite-free
containers",
III,305,299,1,,gap,Hair dye substance,As from,,,,,,"As from 3 March 2018:
‘ Hair colourants can cause
severe allergic reactions.
Read and follow instructions.
This product is not intended for use
on persons under the age of 16.
Temporary “black henna” tattoos
may increase your risk of allergy.
Do not colour your hair if:
— you have a rash on your face or
sensitive, irritated and damaged
scalp,
— you have ever experienced any
reaction after colouring your
hair,
— you have experienced a reaction
to a temporary “black henna”
tattoo in the past.’"
III,305,299,2,,gap,in non-oxidative,3 September,,,,,,"As from 3 March 2018:
‘ Hair colourants can cause
severe allergic reactions.
Read and follow instructions.
This product is not intended for use
on persons under the age of 16.
Temporary “black henna” tattoos
may increase your risk of allergy.
Do not colour your hair if:
— you have a rash on your face or
sensitive, irritated and damaged
scalp,
— you have ever experienced any
reaction after colouring your
hair,
— you have experienced a reaction
to a temporary “black henna”
tattoo in the past.’"
III,305,299,3,,gap,hair dye products,"2017: 0,5 %",0.5,%,,,,"As from 3 March 2018:
‘ Hair colourants can cause
severe allergic reactions.
Read and follow instructions.
This product is not intended for use
on persons under the age of 16.
Temporary “black henna” tattoos
may increase your risk of allergy.
Do not colour your hair if:
— you have a rash on your face or
sensitive, irritated and damaged
scalp,
— you have ever experienced any
reaction after colouring your
hair,
— you have experienced a reaction
to a temporary “black henna”
tattoo in the past.’"
III,306,300,1,,none,"Hair dye substance
in oxidative hair
dye products",,,,,,"As from 3 September 2017,
after mixing under oxidative
conditions the maximum
concentration applied to hair
must not exceed 1,0 %","As from 3 March 2018, to be
printed on the label:
The mixing ratio.
‘ Hair colourants can cause
severe allergic reactions.
Read and follow instructions.
This product is not intended for use
on persons under the age of 16.
Temporary “black henna” tattoos
may increase your risk of allergy.
Do not colour your hair if:
— you have a rash on your face or
sensitive, irritated and damaged
scalp,
— you have ever experienced any
reaction after colouring your
hair,
— you have experienced a reaction
to a temporary “black henna”
tattoo in the past.’"
III,307,301,1,,none,"Hair dye substance
in oxidative hair
dye products",,,,,,"As from 3 September 2017,
after mixing under oxidative
conditions the maximum
concentration applied to hair
must not exceed 0,5 %","As from 3 March 2018, to be
printed on the label:
The mixing ratio.
‘ Hair colourants can cause
severe allergic reactions.
Read and follow instructions.
This product is not intended for use
on persons under the age of 16.
Temporary “black henna” tattoos
may increase your risk of allergy.
Do not colour your hair if:
— you have a rash on your face or
sensitive, irritated and damaged
scalp,
— you have ever experienced any
reaction after colouring your
hair,
— you have experienced a reaction
to a temporary “black henna”
tattoo in the past.’"
III,308,302,1,,none,"Hair dye substance
in oxidative hair
dye products",,,,,,"As from 3 September 2017,
after mixing under oxidative
conditions the maximum
concentration applied to hair
must not exceed 2,0 %","As from 3 March 2018, to be
printed on the label:
The mixing ratio.
‘ Hair colourants can cause
severe allergic reactions.
Read and follow instructions.
This product is not intended for use
on persons under the age of 16.
Temporary “black henna” tattoos
may increase your risk of allergy.
Do not colour your hair if:
— you have a rash on your face or
sensitive, irritated and damaged
scalp,
— you have ever experienced any
reaction after colouring your
hair,
— you have experienced a reaction
to a temporary “black henna”
tattoo in the past.’"
III,309,303,1,,none,"Hair dye substance
in oxidative hair
dye products",,,,,,"As from 3 September 2017,
after mixing under oxidative
conditions the maximum
concentration applied to hair
must not exceed 2,0 %","As from 3 March 2018, to be
printed on the label:
The mixing ratio.
‘ Hair colourants can cause
severe allergic reactions.
Read and follow instructions.
This product is not intended for use
on persons under the age of 16.
Temporary “black henna” tattoos
may increase your risk of allergy.
Do not colour your hair if:
— you have a rash on your face or
sensitive, irritated and damaged
scalp,
— you have ever experienced any
reaction after colouring your
hair,
— you have experienced a reaction
to a temporary “black henna”
tattoo in the past.’"
III,310,304,1,,gap,Hair dye substance,As from,,,,,,
III,310,304,2,,gap,in non-oxidative,3 September,,,,,,
III,310,304,3,,gap,hair dye products,"2017: 2,0 %",2.0,%,,,,
III,311,305,1,,gap,Hair dye substance,As from,,,,,"As from 3 September 2017:
— Do not use with nitrosating agents
— Maximum nitrosamine
content: 50 μg/kg
— Keep in nitrite-free
containers","As from 3 March 2018:
‘ Hair colourants can cause
severe allergic reactions.
Read and follow instructions.
This product is not intended for use
on persons under the age of 16.
Temporary “black henna” tattoos
may increase your risk of allergy.
Do not colour your hair if:
— you have a rash on your face or
sensitive, irritated and damaged
scalp,
— you have ever experienced any
reaction after colouring your
hair,
— you have experienced a reaction
to a temporary “black henna”
tattoo in the past’."
III,311,305,2,,gap,in non-oxidative,3 September,,,,,"As from 3 September 2017:
— Do not use with nitrosating agents
— Maximum nitrosamine
content: 50 μg/kg
— Keep in nitrite-free
containers","As from 3 March 2018:
‘ Hair colourants can cause
severe allergic reactions.
Read and follow instructions.
This product is not intended for use
on persons under the age of 16.
Temporary “black henna” tattoos
may increase your risk of allergy.
Do not colour your hair if:
— you have a rash on your face or
sensitive, irritated and damaged
scalp,
— you have ever experienced any
reaction after colouring your
hair,
— you have experienced a reaction
to a temporary “black henna”
tattoo in the past’."
III,311,305,3,,gap,hair dye products,"2017: 0,5 %",0.5,%,,,"As from 3 September 2017:
— Do not use with nitrosating agents
— Maximum nitrosamine
content: 50 μg/kg
— Keep in nitrite-free
containers","As from 3 March 2018:
‘ Hair colourants can cause
severe allergic reactions.
Read and follow instructions.
This product is not intended for use
on persons under the age of 16.
Temporary “black henna” tattoos
may increase your risk of allergy.
Do not colour your hair if:
— you have a rash on your face or
sensitive, irritated and damaged
scalp,
— you have ever experienced any
reaction after colouring your
hair,
— you have experienced a reaction
to a temporary “black henna”
tattoo in the past’."
III,312,306,1,,none,,,,,,,"Maximum concentration of
peanut proteins: 0,5 ppm (22)",
III,313,307,1,,none,,,,,,,"Maximum molecular weight
average of the peptides in
hydrolysates: 3,5 kDa (23)",
III,314,308,1,a,label,"(a) Leave-on
products","(a) 0,01 %",0.01,%,,,"For (a) and (b): Alpha
terthienyl (terthiophen)
content in the extract/oil
≤ 0,35 %.
For (a): Not to be used in
sunscreen products and
products marketed for
exposure to natural/artificial
UV light.
For (a) and (b): In case of
combined use with Tagetes
patula (entry 309), the total
combined content of
Tagetes in ready
for use preparation shall not
exceed the
maximum concentration
limits set out in column (g).",
III,314,308,2,b,label,"(b) Rinse-off
products","(b) 0,1 %",0.1,%,,,"For (a) and (b): Alpha
terthienyl (terthiophen)
content in the extract/oil
≤ 0,35 %.
For (a): Not to be used in
sunscreen products and
products marketed for
exposure to natural/artificial
UV light.
For (a) and (b): In case of
combined use with Tagetes
patula (entry 309), the total
combined content of
Tagetes in ready
for use preparation shall not
exceed the
maximum concentration
limits set out in column (g).",
III,315,309,1,a,label,"(a) Leave-on
products","(a) 0,01 %",0.01,%,,,"For (a) and (b): Alpha
terthienyl (terthiophen)
content in the extract/oil
≤ 0,35 %.
For (a): Not to be used in
sunscreen products and
products marketed for
exposure to natural/artificial
UV light.
For (a) and (b): In case of
combined use with Tagetes
minuta (entry 308), the total
combined content of
Tagetes in ready
for use preparation shall not
exceed the
maximum concentration
limits set out in column (g).",
III,315,309,2,b,label,"(b) Rinse-off
products","(b) 0,1 %",0.1,%,,,"For (a) and (b): Alpha
terthienyl (terthiophen)
content in the extract/oil
≤ 0,35 %.
For (a): Not to be used in
sunscreen products and
products marketed for
exposure to natural/artificial
UV light.
For (a) and (b): In case of
combined use with Tagetes
minuta (entry 308), the total
combined content of
Tagetes in ready
for use preparation shall not
exceed the
maximum concentration
limits set out in column (g).",
III,316,310,1,,none,"Rinse-off anti-
dandruff sham-
poo (29)","2,0 % (29)",2.0,%,,,"For purposes other than
inhibiting the development
of micro-organisms in the
product. This purpose has to
be apparent from the presentation of the product. (29)",
III,317,311,1,,none,,,,,,,,
III,318,312,1,,none,,"0,001 %",0.001,%,,,,
III,319,313,1,,none,Nail products,,,,,,Professional use only,"For professional use only
Can cause an allergic reaction"
III,320,314,1,,none,Nail products,,,,,,Professional use only,"For professional use only
Can cause an allergic reaction"
III,321,315,1,,none,"Hair dye substance
in oxidative hair
dye products",,,,,,"As from 3 June 2021, after
mixing under oxidative
conditions the maximum
concentration applied to hair
must not exceed 2 % (calculated as free base)","As from 3 December 2021, to be
printed on the label: The mixing
ratio.
‘ Hair colorants can cause severe
allergic reactions. Read and follow
instructions. This product is not
intended for use on persons under
the age of 16. Temporary “black
henna” tattoos may increase your
risk of allergy.
Do not colour your hair if:
— you have a rash on your face or
sensitive, irritated and damaged
scalp,
— you have ever experienced any
reaction after colouring your
hair,
— you have experienced a reaction
to a temporary “black henna”
tattoo in the past.’"
III,322,316,1,,none,"Hair dye substance
in oxidative hair
dye products",,,,,,"As from 3 June 2021, after
mixing under oxidative
conditions the maximum
concentration applied to hair
must not exceed 2 % (calculated as free base)","As from 3 December 2021, to be
printed on the label:
The mixing ratio.
‘ Hair colorants can cause severe
allergic reactions.
Read and follow instructions.
This product is not intended for use
on persons under the age of 16.
Temporary “black henna” tattoos
may increase your risk of allergy.
Do not colour your hair if:
— you have a rash on your face or
sensitive, irritated and damaged
scalp,
— you have ever experienced any
reaction after colouring your
hair,
— you have experienced a reaction
to a temporary “black henna”
tattoo in the past.’"
III,323,317,1,,gap,Hair dye substance,As from 3 June,,,,,"Methanesulfonates impurities, in particular ethyl
methanesulfonate shall not
be present.",
III,323,317,2,,gap,in non-oxidative,"2021: 0,5 %",0.5,%,,,"Methanesulfonates impurities, in particular ethyl
methanesulfonate shall not
be present.",
III,323,317,3,,gap,hair dye products,,,,,,"Methanesulfonates impurities, in particular ethyl
methanesulfonate shall not
be present.",
III,324,318,1,,gap,Hair dye substance,As from 3 June,,,,,,
III,324,318,2,,gap,in non-oxidative,"2021: 0,5 %",0.5,%,,,,
III,324,318,3,,gap,hair dye products,,,,,,,
III,325,319,1,a,label,"(a) Hair dye
substance in
oxidative hair
dye products",,,,,,"(a) As from 3 June 2021,
after mixing under
oxidative conditions the
maximum concentration
applied to hair must not
exceed 0,2 % (calculated as free base)","(a) As from 3 December 2021, to
be printed on the label:
The mixing ratio.
‘ Hair colorants can cause severe
allergic reactions.
Read and follow instructions.
This product is not intended for use
on persons under the age of 16.
Temporary “black henna” tattoos
may increase your risk of allergy.
Do not colour your hair if:
— you have a rash on your face or
sensitive, irritated and damaged
scalp,
— you have ever experienced any
reaction after colouring your
hair,
— you have experienced a reaction
to a temporary “black henna”
tattoo in the past.’"
III,325,319,2,b,label,"(b) Hair dye
substance in
non-oxidative
hair dye
products","(b) As from
3 June
2021: 0,2 %",0.2,%,,,,
III,326,320,1,,none,"Hair dye substance
in non-oxidative
hair dye products","As from 3 June
2021: 25 %",25.0,%,,,,
III,327,321,1,a,label,"(a) face products
in loose
powder form",(a) 25 %;,25.0,%,,,"(a) (b)
Only in the pigmentary form",
III,327,321,2,b,label,"(b) hair aerosol
spray products","(b) 1,4 % for
general
consumers,
and 1.1 %
for professional use.",1.4,%,,"[1.4, 1.1]","(a) (b)
Only in the pigmentary form",
III,327,321,3,c,label,(c) other products,,,,,,"(c)
Not to be used in
applications that may lead to
exposure of the end-user’s
lungs by inhalation",
III,328,322,1,a,label,"(a) Hair dye
substance in
non-oxidative
hair dye
products (32)","(a) 6,25 %",6.25,%,,,,
III,328,322,2,b,label,"(b) Self-tanning
products (32)",(b) 10 %,10.0,%,,,,
III,329,323,1,a,label,"(a) Leave-on
products","(a) 0,1 %",0.1,%,,,"For (a): Not to be used in
sunscreen products and
products marketed for
exposure to natural or
artificial UV light.
For (a) and (b):
— Do not use with nitrosating agents
— Maximum nitrosamine
content: 50 μg/kg
— Keep in nitrite-free
containers",
III,329,323,2,b,label,"(b) Rinse-off
products","(b) 0,2 %",0.2,%,,,"For (a): Not to be used in
sunscreen products and
products marketed for
exposure to natural or
artificial UV light.
For (a) and (b):
— Do not use with nitrosating agents
— Maximum nitrosamine
content: 50 μg/kg
— Keep in nitrite-free
containers",
III,330,324,1,a,label,"(a) Leave-on skin
products
(except face
makeup,
spray/aerosol
body lotion,
spray/aerosol
deodorant and
hydroalcoholic-based
fragrances)
and leave on
hair products
(except spray/
aerosol
products)","(a) 0,06 %",0.06,%,,,"Not to be used in preparations for children under 6
years of age, with the
exception of (k) ‘Toothpaste’.
The presence of the
substance shall be indicated
in the list of ingredients
referred to in Article 19(1),
point (g), when its concentration exceeds:
— 0,001 % in leave-on
products
— 0,01 % in rinse-off
products.",
III,330,324,2,b,label,"(b) Face makeup
(except lip
products, eye
makeup and
makeup
remover)","(b) 0,05 %",0.05,%,,,"Not to be used in preparations for children under 6
years of age, with the
exception of (k) ‘Toothpaste’.
The presence of the
substance shall be indicated
in the list of ingredients
referred to in Article 19(1),
point (g), when its concentration exceeds:
— 0,001 % in leave-on
products
— 0,01 % in rinse-off
products.",
III,330,324,3,c,label,"(c) Eye makeup
and makeup
remover","(c) 0,002 %",0.002,%,,,"Not to be used in preparations for children under 6
years of age, with the
exception of (k) ‘Toothpaste’.
The presence of the
substance shall be indicated
in the list of ingredients
referred to in Article 19(1),
point (g), when its concentration exceeds:
— 0,001 % in leave-on
products
— 0,01 % in rinse-off
products.",
III,330,324,4,d,label,"(d) Leave-on hair
products
(spray/
aerosol)","(d) 0,009 %",0.009,%,,,"Not to be used in preparations for children under 6
years of age, with the
exception of (k) ‘Toothpaste’.
The presence of the
substance shall be indicated
in the list of ingredients
referred to in Article 19(1),
point (g), when its concentration exceeds:
— 0,001 % in leave-on
products
— 0,01 % in rinse-off
products.",
III,330,324,5,e,label,"(e) Deodorant
spray/aerosol","(e) 0,003 %",0.003,%,,,"Not to be used in preparations for children under 6
years of age, with the
exception of (k) ‘Toothpaste’.
The presence of the
substance shall be indicated
in the list of ingredients
referred to in Article 19(1),
point (g), when its concentration exceeds:
— 0,001 % in leave-on
products
— 0,01 % in rinse-off
products.",
III,330,324,6,f,label,"(f) Body lotion
spray/aerosol","(f) 0,04 %",0.04,%,,,"Not to be used in preparations for children under 6
years of age, with the
exception of (k) ‘Toothpaste’.
The presence of the
substance shall be indicated
in the list of ingredients
referred to in Article 19(1),
point (g), when its concentration exceeds:
— 0,001 % in leave-on
products
— 0,01 % in rinse-off
products.",
III,330,324,7,g,label,"(g) Rinse-off skin
products
(except hand
wash) and
rinse-off hair
products","(g) 0,06 %",0.06,%,,,"Not to be used in preparations for children under 6
years of age, with the
exception of (k) ‘Toothpaste’.
The presence of the
substance shall be indicated
in the list of ingredients
referred to in Article 19(1),
point (g), when its concentration exceeds:
— 0,001 % in leave-on
products
— 0,01 % in rinse-off
products.",
III,330,324,8,h,label,(h) Hand wash,"(h) 0,6 %",0.6,%,,,"Not to be used in preparations for children under 6
years of age, with the
exception of (k) ‘Toothpaste’.
The presence of the
substance shall be indicated
in the list of ingredients
referred to in Article 19(1),
point (g), when its concentration exceeds:
— 0,001 % in leave-on
products
— 0,01 % in rinse-off
products.",
III,330,324,9,i,label,"(i) Hydroalcoholic-based
fragrances","(i) 0,6 %",0.6,%,,,"Not to be used in preparations for children under 6
years of age, with the
exception of (k) ‘Toothpaste’.
The presence of the
substance shall be indicated
in the list of ingredients
referred to in Article 19(1),
point (g), when its concentration exceeds:
— 0,001 % in leave-on
products
— 0,01 % in rinse-off
products.",
III,330,324,10,j,label,(j) Lip products,"(j) 0,03 %",0.03,%,,,"Not to be used in preparations for children under 6
years of age, with the
exception of (k) ‘Toothpaste’.
The presence of the
substance shall be indicated
in the list of ingredients
referred to in Article 19(1),
point (g), when its concentration exceeds:
— 0,001 % in leave-on
products
— 0,01 % in rinse-off
products.",
III,330,324,11,k,label,(k) Toothpaste,"(k) 2,52 %",2.52,%,,,"Not to be used in preparations for children under 6
years of age, with the
exception of (k) ‘Toothpaste’.
The presence of the
substance shall be indicated
in the list of ingredients
referred to in Article 19(1),
point (g), when its concentration exceeds:
— 0,001 % in leave-on
products
— 0,01 % in rinse-off
products.",
III,330,324,12,l,label,"(l) Mouthwash
intended for
children aged
6–10 years","(l) 0,1 %",0.1,%,,,"Not to be used in preparations for children under 6
years of age, with the
exception of (k) ‘Toothpaste’.
The presence of the
substance shall be indicated
in the list of ingredients
referred to in Article 19(1),
point (g), when its concentration exceeds:
— 0,001 % in leave-on
products
— 0,01 % in rinse-off
products.",
III,330,324,13,m,label,"(m) Mouthwash
intended for
children
above 10
years of age
and adults","(m) 0,6 %",0.6,%,,,"Not to be used in preparations for children under 6
years of age, with the
exception of (k) ‘Toothpaste’.
The presence of the
substance shall be indicated
in the list of ingredients
referred to in Article 19(1),
point (g), when its concentration exceeds:
— 0,001 % in leave-on
products
— 0,01 % in rinse-off
products.",
III,330,324,14,n,label,(n) Mouth spray,"(n) 0,65 %",0.65,%,,,"Not to be used in preparations for children under 6
years of age, with the
exception of (k) ‘Toothpaste’.
The presence of the
substance shall be indicated
in the list of ingredients
referred to in Article 19(1),
point (g), when its concentration exceeds:
— 0,001 % in leave-on
products
— 0,01 % in rinse-off
products.",
III,331,325,1,a,label,a) Mouthwash,"a) 0,001 %",0.001,%,,,,
III,331,325,2,b,label,b) Toothpaste,"b) 0,1 %",0.1,%,,,,
III,331,325,3,c,label,"c) Other leave-on
and rinse-off
products","c) 0,8 %",0.8,%,,,,
III,332,326,1,,none,"Non-oxidative hair
dye products","0,5 %",0.5,%,,,,
III,333,327,1,,none,,,,,,,"The presence of the
substance shall be indicated
in the list of ingredients
referred to in Article 19(1),
point (g), when its concentration exceeds:
— 0,001 % in leave-on
products
— 0,01 % in rinse-off
products.",
III,334,328,1,,none,,,,,,,"The presence of the
substance shall be indicated
in the list of ingredients
referred to in Article 19(1),
point (g), when its concentration exceeds:
— 0,001 % in leave-on
products
— 0,01 % in rinse-off
products.",
III,335,329,1,,none,,,,,,,"The presence of the
substance shall be indicated
in the list of ingredients
referred to in Article 19(1),
point (g), when its concentration exceeds:
— 0,001 % in leave-on
products
— 0,01 % in rinse-off
products.",
III,336,330,1,,none,,,,,,,"The presence of the
substance shall be indicated
in the list of ingredients
referred to in Article 19(1),
point (g), when its concentration exceeds:
— 0,001 % in leave-on
products
— 0,01 % in rinse-off
products.",
III,337,331,1,,none,,,,,,,"The presence of the
substance shall be indicated
in the list of ingredients
referred to in Article 19(1),
point (g), when its concentration exceeds:
— 0,001 % in leave-on
products
— 0,01 % in rinse-off
products.",
III,338,332,1,,none,,,,,,,"The presence of the
substance shall be indicated
in the list of ingredients
referred to in Article 19(1),
point (g), when its concentration exceeds:
— 0,001 % in leave-on
products
— 0,01 % in rinse-off
products.",
III,339,333,1,,none,,,,,,,"The presence of the
substance shall be indicated
in the list of ingredients
referred to in Article 19(1),
point (g), when its concentration exceeds:
— 0,001 % in leave-on
products
— 0,01 % in rinse-off
products.",
III,340,334,1,,none,,,,,,,"The presence of the
substance shall be indicated
in the list of ingredients
referred to in Article 19(1),
point (g), when its concentration exceeds:
— 0,001 % in leave-on
products
— 0,01 % in rinse-off
products.",
III,341,335,1,,none,,,,,,,"The presence of the
substance shall be indicated
in the list of ingredients
referred to in Article 19(1),
point (g), when its concentration exceeds:
— 0,001 % in leave-on
products
— 0,01 % in rinse-off
products.",
III,342,336,1,,none,,,,,,,"The presence of the
substance shall be indicated
in the list of ingredients
referred to in Article 19(1),
point (g), when its concentration exceeds:
— 0,001 % in leave-on
products
— 0,01 % in rinse-off
products.",
III,343,337,1,,none,,,,,,,"The presence of the
substance shall be indicated
in the list of ingredients
referred to in Article 19(1),
point (g), when its concentration exceeds:
— 0,001 % in leave-on
products
— 0,01 % in rinse-off
products.",
III,344,338,1,,none,,,,,,,"The presence of the
substance shall be indicated
in the list of ingredients
referred to in Article 19(1),
point (g), when its concentration exceeds:
— 0,001 % in leave-on
products
— 0,01 % in rinse-off
products.",
III,345,339,1,,none,,,,,,,"The presence of the
substance shall be indicated
in the list of ingredients
referred to in Article 19(1),
point (g), when its concentration exceeds:
— 0,001 % in leave-on
products
— 0,01 % in rinse-off
products.",
III,346,340,1,,none,,,,,,,"The presence of the
substance shall be indicated
in the list of ingredients
referred to in Article 19(1),
point (g), when its concentration exceeds:
— 0,001 % in leave-on
products
— 0,01 % in rinse-off
products.",
III,347,341,1,,none,,,,,,,"The presence of the
substance shall be indicated
in the list of ingredients
referred to in Article 19(1),
point (g), when its concentration exceeds:
— 0,001 % in leave-on
products
— 0,01 % in rinse-off
products.",
III,348,342,1,,none,,,,,,,"The presence of the
substance shall be indicated
in the list of ingredients
referred to in Article 19(1),
point (g), when its concentration exceeds:
— 0,001 % in leave-on
products
— 0,01 % in rinse-off
products.",
III,349,343,1,,none,,,,,,,"The presence of the
substance shall be indicated
in the list of ingredients
referred to in Article 19(1),
point (g), when its concentration exceeds:
— 0,001 % in leave-on
products
— 0,01 % in rinse-off
products.",
III,350,344,1,,none,,,,,,,"The presence of the
substance shall be indicated
in the list of ingredients
referred to in Article 19(1),
point (g), when its concentration exceeds:
— 0,001 % in leave-on
products
— 0,01 % in rinse-off
products.",
III,351,345,1,,none,,,,,,,"The presence of the
substance shall be indicated
in the list of ingredients
referred to in Article 19(1),
point (g), when its concentration exceeds:
— 0,001 % in leave-on
products
— 0,01 % in rinse-off
products.",
III,352,346,1,,none,,,,,,,"The presence of the
substance shall be indicated
in the list of ingredients
referred to in Article 19(1),
point (g), when its concentration exceeds:
— 0,001 % in leave-on
products
— 0,01 % in rinse-off
products.",
III,353,347,1,,none,,,,,,,"The presence of the
substance or substances
shall be indicated as
‘Cananga Odorata Oil/
Extract’ in the list of
ingredients referred to in
Article 19(1), point (g),
when the concentration
exceeds of the substance or
substances:
— 0,001 % in leave-on
products
— 0,01 % in rinse-off
products.",
III,354,348,1,,none,,,,,,,"The presence of the
substance shall be indicated
in the list of ingredients
referred to in Article 19(1),
point (g), when its concentration exceeds:
— 0,001 % in leave-on
products
— 0,01 % in rinse-off
products.",
III,355,349,1,,none,,,,,,,"The presence of the
substance shall be indicated
in the list of ingredients
referred to in Article 19(1),
point (g), when its concentration exceeds:
— 0,001 % in leave-on
products
— 0,01 % in rinse-off
products.",
III,356,350,1,,none,,,,,,,"The presence of the
substance or substances
shall be indicated as ‘Citrus
Aurantium Flower Oil’ in
the list of ingredients
referred to in Article 19(1),
point (g), when the concentration of the substance or
substances exceeds:
— 0,001 % in leave-on
products
— 0,01 % in rinse-off
products.",
III,357,351,1,,none,,,,,,,"The presence of the
substance or substances
shall be indicated as ‘Citrus
Aurantium Peel Oil’ in the
list of ingredients referred to
in Article 19(1), point (g),
when the concentration of
the substance or substances
exceeds:
— 0,001 % in leave-on
products
— 0,01 % in rinse-off
products.",
III,358,352,1,,none,,,,,,,"The presence of the
substance shall be indicated
in the list of ingredients
referred to in Article 19(1),
point (g), when its concentration exceeds:
— 0,001 % in leave-on
products
— 0,01 % in rinse-off
products.",
III,359,353,1,,none,,,,,,,"The presence of the
substance shall be indicated
in the list of ingredients
referred to in Article 19(1),
point (g), when its concentration exceeds:
— 0,001 % in leave-on
products
— 0,01 % in rinse-off
products.",
III,360,354,1,,none,,,,,,,"The presence of the
substance or substances
shall be indicated as
‘Lemongrass Oil’ in the list
of ingredients referred to in
Article 19(1), point (g),
when the concentration of
the substance or substances
exceeds:
— 0,001 % in leave-on
products
— 0,01 % in rinse-off
products.",
III,361,355,1,,none,,,,,,,"The presence of the
substance or substances
shall be indicated as ‘Eucalyptus Globulus Oil’ in the
list of ingredients referred to
in Article 19(1), point (g),
when the concentration of
the substance or substances
exceeds:
— 0,001 % in leave-on
products
— 0,01 % in rinse-off
products.",
III,362,356,1,,none,,,,,,,"The presence of the
substance or substances
shall be indicated as
‘Eugenia Caryophyllus Oil’
in the list of ingredients
referred to in Article 19(1),
point (g), when the concentration of the substance or
substances exceeds:
— 0,001 % in leave-on
products
— 0,01 % in rinse-off
products.",
III,363,357,1,,none,,,,,,,"The presence of the
substance or substances
shall be indicated as
‘Jasmine Oil/Extract’ in the
list of ingredients referred to
in Article 19(1), point (g),
when the concentration of
the substance or substances
exceeds:
— 0,001 % in leave-on
products
— 0,01 % in rinse-off
products",
III,364,358,1,,none,,,,,,,"The presence of the
substance or substances
shall be indicated as
‘Juniperus Virginiana Oil’
in the list of ingredients
referred to in Article 19(1),
point (g), when the concentration of the substance or
substances exceeds:
— 0,001 % in leave-on
products
— 0,01 % in rinse-off
products.",
III,365,359,1,,none,,,,,,,"The presence of the
substance shall be indicated
in the list of ingredients
referred to in Article 19(1),
point (g), when its concentration exceeds:
— 0,001 % in leave-on
products
— 0,01 % in rinse-off
products.",
III,366,360,1,,none,,,,,,,"The presence of the
substance or substances
shall be indicated ‘Lavandula Oil/ Extract’ in the
list of ingredients referred to
in Article 19(1), point (g),
when the concentration of
the substance or substances
exceeds:
— 0,001 % in leave-on
products
— 0,01 % in rinse-off
products.",
III,367,361,1,,none,,,,,,,"The presence of the
substance shall be indicated
in the list of ingredients
referred to in Article 19(1),
point (g), when its concentration exceeds:
— 0,001 % in leave-on
products
— 0,01 % in rinse-off
products.",
III,368,362,1,,none,,,,,,,"The presence of the
substance shall be indicated
in the list of ingredients
referred to in Article 19(1),
point (g), when its concentration exceeds:
— 0,001 % in leave-on
products
— 0,01 % in rinse-off
products.",
III,369,363,1,,none,,,,,,,"The presence of the
substance or substances
shall be indicated as ‘Narcissus Extract’ in the list of
ingredients referred to in
Article 19(1), point (g),
when the concentration of
the substance or substances
exceeds:
— 0,001 % in leave-on
products
— 0,01 % in rinse-off
products.",
III,370,364,1,,none,,,,,,,"The presence of the
substance shall be indicated
in the list of ingredients
referred to in Article 19(1),
point (g), when its concentration exceeds:
— 0,001 % in leave-on
products
— 0,01 % in rinse-off
products",
III,371,365,1,,none,,,,,,,"The presence of the
substance shall be indicated
in the list of ingredients
referred to in Article 19(1),
point (g), when its concentration exceeds:
— 0,001 % in leave-on
products
— 0,01 % in rinse-off
products",
III,372,366,1,,none,,,,,,,"The presence of the
substance or substances
shall be indicated as ‘Rose
Flower Oil/Extract’ in the
list of ingredients referred to
in Article 19(1), point (g),
when the concentration of
the substance or substances
exceeds:
— 0,001 % in leave-on
products
— 0,01 % in rinse-off
products.",
III,373,367,1,,none,,,,,,,"The presence of the
substance shall be indicated
in the list of ingredients
referred to in Article 19(1),
point (g), when its concentration exceeds:
— 0,001 % in leave-on
products
— 0,01 % in rinse-off
products.",
III,374,368,1,,none,,,,,,,"The presence of the
substance shall be indicated
in the list of ingredients
referred to in Article 19(1),
point (g), when its concentration exceeds:
— 0,001 % in leave-on
products
— 0,01 % in rinse-off
products.",
III,375,369,1,,none,,,,,,,"The presence of the
substance shall be indicated
in the list of ingredients
referred to in Article 19(1),
point (g), when its concentration exceeds:
— 0,001 % in leave-on
products
— 0,01 % in rinse-off
products.",
III,376,370,1,,none,,,,,,,"The presence of the
substance shall be indicated
in the list of ingredients
referred to in Article 19(1),
point (g), when its concentration exceeds:
— 0,001 % in leave-on
products
— 0,01 % in rinse-off
products.",
III,377,371,1,,none,,,,,,,"The presence of the
substance or the substances
shall be indicated in the list
of ingredients referred to in
Article 19(1), point (g),
when the concentration of
the substance or the
substances exceeds:
— 0,001 % in leave-on
products
— 0,01 % in rinse-off
products.
The peroxide value shall be
less than 10 mmoles/L (15)",
III,378,372,1,a,label,(a) Toothpaste,(a) 10 %,10.0,%,,,"For (a) and (b):
Not to be used in applications that may lead to
exposure of the end-user’s
lungs by inhalation.
Only nanomaterials having
the following characteristics
are allowed:
— [composed of] rod-
shaped particles of
which at least 95,8 %
(in particle number)
have an aspect ratio less
than 3, and the
remaining 4,2 % have
an aspect ratio not
exceeding 4,9;
— the particles are not
coated or surface
modified",
III,378,372,2,b,label,(b) Mouthwash,"(b) 0,465 %",0.465,%,,,"For (a) and (b):
Not to be used in applications that may lead to
exposure of the end-user’s
lungs by inhalation.
Only nanomaterials having
the following characteristics
are allowed:
— [composed of] rod-
shaped particles of
which at least 95,8 %
(in particle number)
have an aspect ratio less
than 3, and the
remaining 4,2 % have
an aspect ratio not
exceeding 4,9;
— the particles are not
coated or surface
modified",
III,379,373,1,,none,,"0,007 %",0.007,%,,,,
III,380,374,1,,none,,"0,02 %",0.02,%,,,,
III,381,375,1,,none,"Face and hand
products",1 %,1.0,%,,,,
III,382,376,1,a,label,(a) Body lotion,"(a) 0,05 %
Retinol
Equivalent
(RE)",0.05,%,RE,,,"For any cosmetic product
containing Retinol, Retinyl Acetate
or
Retinyl Palmitate the following,
labelling is obligatory: ‘Contains
Vitamin A. Consider your daily
intake before use’."
III,382,376,2,b,label,"(b) other leave-on
and rinse-off
products","(b) 0,3 % RE",0.3,%,,,,"For any cosmetic product
containing Retinol, Retinyl Acetate
or
Retinyl Palmitate the following,
labelling is obligatory: ‘Contains
Vitamin A. Consider your daily
intake before use’."
III,383,377,1,a,label,(a) Face cream,(a) 2 %,2.0,%,,,"Hydroquinone levels shall
remain as low as possible in
formulations containing
alpha-Arbutin and shall not
be higher than the
unavoidable trace level.",
III,383,377,2,b,label,(b) Body lotion,"(b) 0,5 %",0.5,%,,,"Hydroquinone levels shall
remain as low as possible in
formulations containing
alpha-Arbutin and shall not
be higher than the
unavoidable trace level.",
III,384,378,1,,none,Face cream,7 %,7.0,%,,,"Hydroquinone levels shall
remain as low as possible in
formulations containing
Arbutin and shall not be
higher than the unavoidable
trace level.",
III,385,379,1,a,label,(a) Toothpaste,"For (a) and (b):
0,05 %",0.05,%,,,,
III,385,379,2,b,label,(b) Mouthwash,"For (a) and (b):
0,05 %",0.05,%,,,,
III,386,380,1,a,label,"(a) Hydroalcoholic-based
fragrances
(except hydroalcoholic-
based
fragrances
intended for
children below
3 years of age)",(a) 2 %,2.0,%,,,"Not to be used in preparations for children under 3
years of age, with the
exception of (d) ‘Toothpaste’ and (f).",
III,386,380,2,b,label,"(b) All rinse-off
products
(except shower
gel/bath
products, hand
wash, hair
conditioner
and shampoo
intended for
children below
3 years of age)","(b) 0,5 %",0.5,%,,,"Not to be used in preparations for children under 3
years of age, with the
exception of (d) ‘Toothpaste’ and (f).",
III,386,380,3,c,label,"(c) All leave-on
products
(except hair
conditioner,
body lotion,
face cream,
hand cream,
lipstick/lip
balm and
fragrance
products
intended for
children below
3 years of age)","(c) 0,3 %",0.3,%,,,"Not to be used in preparations for children under 3
years of age, with the
exception of (d) ‘Toothpaste’ and (f).",
III,386,380,4,d,label,(d) Toothpaste,"(d) 0,001 %",0.001,%,,,"Not to be used in preparations for children under 3
years of age, with the
exception of (d) ‘Toothpaste’ and (f).",
III,386,380,5,e,label,(e) Mouthwash,"(e) 0,001 %",0.001,%,,,"Not to be used in preparations for children under 3
years of age, with the
exception of (d) ‘Toothpaste’ and (f).",
III,386,380,6,f,label,"(f) Shower gel/
bath products,
hand wash,
shampoo, hair
conditioner,
body, face and
hand (skin)
care products,
lipstick/lip balm
and fragrance
products intended
for children below
3 years of age","(f) 0,1 %",0.1,%,,,"Not to be used in preparations for children under 3
years of age, with the
exception of (d) ‘Toothpaste’ and (f).",
III,387,381,1,a,label,"(a) Non-aerosol
antiperspirants
or deodorants","(a) 7,73 % (as
Al)",7.73,%,Al,,"For (q): Not to be used in
sunscreen products that may
lead to exposure of the end
user’s lungs by inhalation.","For (r): Keep powder away from
children’s nose and mouth"
III,387,381,2,b,label,"(b) Aerosol antiperspirants or
deodorants","(b) 3,24 % (as
Al)",3.24,%,Al,,"For (q): Not to be used in
sunscreen products that may
lead to exposure of the end
user’s lungs by inhalation.","For (r): Keep powder away from
children’s nose and mouth"
III,387,381,3,c,label,(c) Toothpaste,"(c) 3,18 % (as
Al)",3.18,%,Al,,"For (q): Not to be used in
sunscreen products that may
lead to exposure of the end
user’s lungs by inhalation.","For (r): Keep powder away from
children’s nose and mouth"
III,387,381,4,d,label,(d) Lip products,"(d) 14,62 % (as
Al)",14.62,%,Al,,"For (q): Not to be used in
sunscreen products that may
lead to exposure of the end
user’s lungs by inhalation.","For (r): Keep powder away from
children’s nose and mouth"
III,387,381,5,e,label,"(e) Body and face
rinse-off
products","(e) 0,89 % (as
Al)",0.89,%,Al,,"For (q): Not to be used in
sunscreen products that may
lead to exposure of the end
user’s lungs by inhalation.","For (r): Keep powder away from
children’s nose and mouth"
III,387,381,6,f,label,(f) Bar soap,(f) 4 % (As AI),4.0,%,As AI,,"For (q): Not to be used in
sunscreen products that may
lead to exposure of the end
user’s lungs by inhalation.","For (r): Keep powder away from
children’s nose and mouth"
III,387,381,7,g,label,"(g) Hair rinse-off
products","(g) 7,14 % (as
Al)",7.14,%,Al,,"For (q): Not to be used in
sunscreen products that may
lead to exposure of the end
user’s lungs by inhalation.","For (r): Keep powder away from
children’s nose and mouth"
III,387,381,8,h,label,"(h) Hair leave-on
products that
may lead to
the exposure
of the end
user’s lungs by
inhalation","(h) 0,15 % (as
Al)",0.15,%,Al,,"For (q): Not to be used in
sunscreen products that may
lead to exposure of the end
user’s lungs by inhalation.","For (r): Keep powder away from
children’s nose and mouth"
III,387,381,9,i,label,"(i) All other hair
leave-on
products","(i) 6,7 % (as
Al)",6.7,%,Al,,"For (q): Not to be used in
sunscreen products that may
lead to exposure of the end
user’s lungs by inhalation.","For (r): Keep powder away from
children’s nose and mouth"
III,387,381,10,j,label,"(j) Make-up
products
(except lip
products, eye
liner products,
eye shadow,
nail varnish
and mascara)","(j) 23 % (as
Al)",23.0,%,Al,,"For (q): Not to be used in
sunscreen products that may
lead to exposure of the end
user’s lungs by inhalation.","For (r): Keep powder away from
children’s nose and mouth"
III,387,381,11,k,label,"(k) Eye liner
products","(k) 15,76 % (as
Al)",15.76,%,Al,,"For (q): Not to be used in
sunscreen products that may
lead to exposure of the end
user’s lungs by inhalation.","For (r): Keep powder away from
children’s nose and mouth"
III,387,381,12,l,label,(l) Eye shadow,"(l) 43,31 % (as
Al)",43.31,%,Al,,"For (q): Not to be used in
sunscreen products that may
lead to exposure of the end
user’s lungs by inhalation.","For (r): Keep powder away from
children’s nose and mouth"
III,387,381,13,m,label,(m) Nail varnish,"(m) 3,61 % (as
Al)",3.61,%,Al,,"For (q): Not to be used in
sunscreen products that may
lead to exposure of the end
user’s lungs by inhalation.","For (r): Keep powder away from
children’s nose and mouth"
III,387,381,14,n,label,(n) Mascara,"(n) 3,13 % (As
Al)",3.13,%,"As
Al",,"For (q): Not to be used in
sunscreen products that may
lead to exposure of the end
user’s lungs by inhalation.","For (r): Keep powder away from
children’s nose and mouth"
III,387,381,15,o,label,"(o) Face leave-on
products
(except make-
up products,
eye liner
products, eye
shadow and
mascara)","(o) 10,59 % (as
Al)",10.59,%,Al,,"For (q): Not to be used in
sunscreen products that may
lead to exposure of the end
user’s lungs by inhalation.","For (r): Keep powder away from
children’s nose and mouth"
III,387,381,16,p,label,"(p) Hand leave-on
products","(p) 0,86 % (as
Al)",0.86,%,Al,,"For (q): Not to be used in
sunscreen products that may
lead to exposure of the end
user’s lungs by inhalation.","For (r): Keep powder away from
children’s nose and mouth"
III,387,381,17,q,label,"(q) Other leave-on
skin products
(except non-
aerosol antiperspirants or
deodorants,
aerosol antiperspirants or
deodorants,
face leave-on
products, hand
leave-on
products and
talcum
powder)","(q) 3,81 % (as
Al)",3.81,%,Al,,"For (q): Not to be used in
sunscreen products that may
lead to exposure of the end
user’s lungs by inhalation.","For (r): Keep powder away from
children’s nose and mouth"
III,387,381,18,r,label,"(r) Talcum
powder","(r) 2,0 % (as
Al)",2.0,%,Al,,"For (q): Not to be used in
sunscreen products that may
lead to exposure of the end
user’s lungs by inhalation.","For (r): Keep powder away from
children’s nose and mouth"
III,388,382,1,a,label,"(a) Fragrance
products
(hydroalcoholic and
non-hydroalcoholic, spray
and non-spray)","(a) 0,9 %",0.9,%,,,"For (a) – (e): stabilised with
1 % alpha- tocopherol
(applies to raw materials).",
III,388,382,2,b,label,(b) Deodorant,"(b) 0,05 %",0.05,%,,,"For (a) – (e): stabilised with
1 % alpha- tocopherol
(applies to raw materials).",
III,388,382,3,c,label,"(c) Make-up
products","(c) 0,05 %",0.05,%,,,"For (a) – (e): stabilised with
1 % alpha- tocopherol
(applies to raw materials).",
III,388,382,4,d,label,"(d) Leave-on
products
(except (a), (b)
and (c))","(d) 0,1 %",0.1,%,,,"For (a) – (e): stabilised with
1 % alpha- tocopherol
(applies to raw materials).",
III,388,382,5,e,label,"(e) Rinse-off
products","(e) 0,2 %",0.2,%,,,"For (a) – (e): stabilised with
1 % alpha- tocopherol
(applies to raw materials).",
III,389,383,1,a,label,"(a) Hair dye
substance in
oxidative hair
dye products",,,,,,"For (a): After mixing under
oxidative conditions the
maximum concentration
applied to hair must not
exceed 0,35 %.","For (a): To be printed on the label:
The mixing ratio.
’Hair colourants can cause severe
allergic reactions. Read and follow
instructions. This product is not
intended for use on persons under
the age of 16. Temporary ‘black
henna’ tattoos may increase your
risk of allergy. Do not colour your
hair if: — you have a rash on your
face or sensitive, irritated and
damaged scalp, — you have ever
experienced any reaction after
colouring your hair, — you have
experienced a reaction to a
temporary ‘black henna’ tattoo in
the past"
III,389,383,2,b,label,"(b) Hair dye
substance in
non-oxidative
hair dye
products","(b) 0,35 %",0.35,%,,,"For (a): After mixing under
oxidative conditions the
maximum concentration
applied to hair must not
exceed 0,35 %.","For (a): To be printed on the label:
The mixing ratio.
’Hair colourants can cause severe
allergic reactions. Read and follow
instructions. This product is not
intended for use on persons under
the age of 16. Temporary ‘black
henna’ tattoos may increase your
risk of allergy. Do not colour your
hair if: — you have a rash on your
face or sensitive, irritated and
damaged scalp, — you have ever
experienced any reaction after
colouring your hair, — you have
experienced a reaction to a
temporary ‘black henna’ tattoo in
the past"
III,390,384,1,,none,"Hair dye substance
in oxidative hair
dye products",,,,,,"After mixing under
oxidative conditions the
maximum concentration
applied to hair must not
exceed 2 %.","To be printed on the label: The
mixing ratio.
Hair colourants can cause severe
allergic reactions. Read and follow
instructions. This product is not
intended for use on persons under
the age of 16. Temporary ‘black
henna’ tattoos may increase your
risk of allergy. Do not colour your
hair if: — you have a rash on your
face or sensitive, irritated and
damaged scalp, — you have ever
experienced any reaction after
colouring your hair, — you have
experienced a reaction to a
temporary ‘black henna’ tattoo in
the past"
III,391,385,1,a,label,"(a) Hair dye
substance in
oxidative hair
dye products",,,,,,"For (a): After mixing under
oxidative conditions the
maximum concentration
applied to hair must not
exceed 1 %.","For (a):
To be printed on the label:
The mixing ratio.
Hair colourants can cause severe
allergic reactions. Read and follow
instructions. This product is not
intended for use on persons under
the age of 16. Temporary ‘black
henna’ tattoos may increase your
risk of allergy. Do not colour your
hair if: — you have a rash on your
face or sensitive, irritated and
damaged scalp, — you have ever
experienced any reaction after
colouring your hair, — you have
experienced a reaction to a
temporary ‘black henna’ tattoo in
the past"
III,391,385,2,b,label,"(b) Hair dye
substance in
non-oxidative
hair dye
products","(b) 1,5 %",1.5,%,,,"For (a): After mixing under
oxidative conditions the
maximum concentration
applied to hair must not
exceed 1 %.","For (a):
To be printed on the label:
The mixing ratio.
Hair colourants can cause severe
allergic reactions. Read and follow
instructions. This product is not
intended for use on persons under
the age of 16. Temporary ‘black
henna’ tattoos may increase your
risk of allergy. Do not colour your
hair if: — you have a rash on your
face or sensitive, irritated and
damaged scalp, — you have ever
experienced any reaction after
colouring your hair, — you have
experienced a reaction to a
temporary ‘black henna’ tattoo in
the past"
III,392,386,1,a,label,"(a) Hair dye
substance in
oxidative hair
dye products",,,,,,"For (a): After mixing under
oxidative conditions the
maximum concentration
applied to hair must not
exceed 1,5 %.","For (a): To be printed on the label:
The mixing ratio.
‘Hair colourants can cause severe
allergic reactions. Read and follow
instructions. This product is not
intended for use on persons under
the age of 16. Temporary ‘black
henna’ tattoos may increase your
risk of allergy. Do not colour your
hair if: — you have a rash on your
face or sensitive, irritated and
damaged scalp,
— you have ever experienced any
reaction after colouring your hair,
— you have experienced a reaction
to a temporary ‘black henna’ tattoo
in the past’."
III,392,386,2,b,label,"(b) Hair dye
substance in
non-oxidative
hair dye
products","(b) 0,5 %",0.5,%,,,"For (a): After mixing under
oxidative conditions the
maximum concentration
applied to hair must not
exceed 1,5 %.","For (a): To be printed on the label:
The mixing ratio.
‘Hair colourants can cause severe
allergic reactions. Read and follow
instructions. This product is not
intended for use on persons under
the age of 16. Temporary ‘black
henna’ tattoos may increase your
risk of allergy. Do not colour your
hair if: — you have a rash on your
face or sensitive, irritated and
damaged scalp,
— you have ever experienced any
reaction after colouring your hair,
— you have experienced a reaction
to a temporary ‘black henna’ tattoo
in the past’."
