annex,entry_seq,ref_no,ref_inferred,status,amended_by,mid_amendments,pages,chemical_name,colour_index,inci_name,cas,ec,colour,product_type,max_concentration,other,wording,needs_review
III,1,1,1,deleted,▼M32,,140,,,,,,,,,,,0
III,2,2a,0,active,▼M9,,140,"Thioglycolic acid
and its salts",,"Thioglycolic
acid",68-11-1,200-677-4,,"(a) Hair waving or
straightening
products
(b) Depilatories
(c) Other hair
rinse-off
products
(d) Products
intended for
eyelash
waving","(a)
(i) 8 %
(ii) 11 %
(b) 5 %
(c) 2 %
(d) 11 %
The abovementioned
percentages are
calculated as
thioglycolic
acid","(a)
(i) General use
ready for use pH 7 to
9,5
(ii) Professional use
ready for use pH 7 to
9,5
(b) ready for use pH 7 to
12,7
(c) ready for use pH 7 to
9,5
(d) For professional use
ready for use pH 7 to
9,5","Conditions of use:
(a) (b) (c) (d)
Avoid contact with eyes
Rinse eyes immediately if product
comes into contact with them.
(a) (c) (d)
Wear suitable gloves
Warnings to be printed on the label:
(a)(i) (b) (c)
Contains thioglycolate
Follow the instructions
Keep out of reach of children
(a)(ii) (d)
For professional use only
Contains thioglycolate
Follow the instructions",0
III,3,2b,0,active,▼B,,141,"Thioglycolic acid
esters",,,,,,"Hair waving or
straightening
products","(a) 8 %
(b) 11 %
The abovementioned
percentages
are
calculated
as thioglycolic acid","General use
ready for use pH 6 to 9,5
Professional use
ready for use pH 6 to 9,5","Conditions of use:
(a) (b)
May cause sensitization in the event
of skin contact
Avoid contact with eyes
In the event of contact with eyes,
rinse immediately with plenty of
water and seek medical advice
Wear suitable gloves
Warnings:
Contains thioglycolate
Follow the instructions
Keep out of reach of children
(b) For professional use only",0
III,4,3,0,active,▼B,,141,"Oxalic acid, its
esters and alkaline
salts",,Oxalic acid,144-62-7,205-634-3,,Hair products,5 %,Professional use,For professional use only,0
III,5,4,0,active,▼B,,141,Ammonia,,Ammonia,"7664-41-7/
1336-21-6","231-635-3/
215-647-6",,,6 % (as NH3),,Above 2 %: Contains ammonia,0
III,6,5,0,active,▼B,,142,"Tosylchloramide
sodium (INN)",,Chloramine-T,127-65-1,204-854-7,,,"0,2 %",,,0
III,7,6,0,active,▼B,,142,"Chlorates of alkali
metals",,"Sodium
chlorate
Potassium
chlorate","7775-09-9
3811-04-9","231-887-4
223-289-7",,"(a) Toothpaste
(b) Other products","(a) 5 %
(b) 3 %",,,0
III,8,7,1,deleted,▼M32,,142,,,,,,,,,,,0
III,9,8,0,active,▼M1,,"142,143,144","N-substituted derivatives of p-Phenylenediamine and
their salts; N-
substituted derivatives of o-Phenylenediamine (1),
with exception of
those derivatives
listed elsewhere in
this Annex and
under reference
numbers 1309,
1311, and 1312 in
Annex II",,,,,,"Hair dye substance
in oxidative hair
dye products",,"(a) General use
(b) Professional use
For (a) and (b):
After mixing under
oxidative conditions the
maximum concentration
applied to hair must not
exceed 3 % calculated as
free base","(a) To be printed on the label:
The mixing ratio.
‘ Hair colourants can cause
severe allergic reactions.
Read and follow instructions.
This product is not intended for
use on persons under the age
of 16.
Temporary “black henna”
tattoos may increase your risk
of allergy.
Do not colour your hair if:
— you have a rash on your
face or sensitive, irritated
and damaged scalp,
— you have ever experienced
any reaction after colouring
your hair,
— you have experienced a
reaction to a temporary
“black henna” tattoo in the
past.
Contains phenylenediamines.
Do not use to dye eyelashes or
eyebrows’
(b) To be printed on the label:
The mixing ratio.
‘For professional use only
Hair colourants can cause
severe allergic reactions.
Read and follow instructions.
This product is not intended for
use on persons under the age
of 16.
Temporary “black henna”
tattoos may increase your risk
of allergy.
Do not colour your hair if:
— you have a rash on your
face or sensitive, irritated
and damaged scalp,
— you have ever experienced
any reaction after colouring
your hair,
— you have experienced a
reaction to a temporary
“black henna” tattoo in the
past.
Contains phenylenediamines.
Wear suitable gloves’",0
III,10,8a,0,active,▼M1,,"144,145,146","p-Phenylenediamine
and its salts",,"p-Phenylenediamine;
p-Phenylenediamine HCl;
p-Phenylenediamine
Sulphate","106-50-3 /
624-18-0 /
16245-77-5","203-404-7 /
210-834-9 /
240-357-1",,"Hair dye substance
in oxidative hair
dye products",,"(a) General use
(b) Professional use
For (a) and (b): After
mixing under oxidative
conditions the maximum
concentration applied to hair
must not exceed 2 %
calculated as free base","(a) To be printed on the label:
The mixing ratio.
‘ Hair colourants can cause
severe allergic reactions.
Read and follow instructions.
This product is not intended for
use on persons under the age
of 16.
Temporary “black henna”
tattoos may increase your risk
of allergy.
Do not colour your hair if:
— you have a rash on your
face or sensitive, irritated
and damaged scalp,
— you have ever experienced
any reaction after colouring
your hair,
— you have experienced a
reaction to a temporary
“black henna” tattoo in the
past.
Contains phenylenediamines.
Do not use to dye eyelashes or
eyebrows.’
(b) To be printed on the label:
The mixing ratio.
‘For professional use only.
Hair colourants can cause
severe allergic reactions.
Read and follow instructions.
This product is not intended for
use on persons under the age
of 16.
Temporary “black henna”
tattoos may increase your risk
of allergy.
Do not colour your hair if:
— you have a rash on your
face or sensitive, irritated
and damaged scalp,
— you have ever experienced
any reaction after colouring
your hair,
— you have experienced a
reaction to a temporary
“black henna” tattoo in the
past.
Contains phenylenediamines.
Wear suitable gloves.’",1
III,11,8b,0,active,▼M4,,"146,147","p-Phenylenediamine
and its salts",,"p-Phenylenediamine;
p-Phenylenediamine HCl;
p-Phenylenediamine
Sulphate","106-50-3 /
624-18-0 /
16245-77-5","203-404-7 /
210-834-9 /
240-357-1",,"Products intended
for colouring
eyelashes",,"After mixing under
oxidative conditions the
maximum concentration
applied to eyelashes must
not exceed 2 % calculated
as free base
For professional use only.","To be printed on the label:
The mixing ratio.
‘For professional use only.
This product can cause severe
allergic reactions.
Read and follow instructions.
This product is not intended for use
on persons under the age of 16.
Temporary “black henna” tattoos
may increase the risk of allergy.
Eyelashes shall not be coloured if
the consumer:
— has a rash on the face or sensitive,
irritated and damaged scalp,
— has experienced any reaction
after colouring hair or
eyelashes,
— has experienced a reaction to a
temporary “black henna” tattoo
in the past.
Rinse eyes immediately if product
comes into contact with them.
Contains phenylenediamines.
Wear suitable gloves.’",1
III,12,8c,0,active,▼M18,,"147,148","Ethanol, 2,2′-[(2-
nitro-1,4-phenylene)
diimino]bis-(9CI)",,"N,N′-Bis(2-
Hydroxyethyl)-
2-Nitro-p-
Phenylenediamine",84041-77-0,281-856-4,,"(a) Hair dye
substance in
oxidative hair
dye products
(b) Hair dye
substance in
non-oxidative
hair dye
products","(b) As from
3 September
2017: 1,5 %","(a) As from 3 September
2017, after mixing
under oxidative
conditions the
maximum concentration
applied to hair must not
exceed 1,0 %
For (a) and (b), as from
3 September 2017:
— Do not use with nitrosating agents
— Maximum nitrosamine
content: 50 μg/kg
— Keep in nitrite-free
containers","(a) As from 3 March 2018, to be
printed on the label:
The mixing ratio.
‘ Hair colourants can cause
severe allergic reactions.
Read and follow instructions.
This product is not intended for
use on persons under the age
of 16.
Temporary “black henna”
tattoos may increase your risk
of allergy.
Do not colour your hair if:
— you have a rash on your
face or sensitive, irritated
and damaged scalp,
— you have ever experienced
any reaction after colouring
your hair,
— you have experienced a
reaction to a temporary
“black henna” tattoo in the
past’.",1
III,13,9,0,active,▼C6,,"148,149","Methylphenylenediamines, their N-
substituted derivatives and their
salts (1), with the
exception of the
substance listed
under reference
numbers 9 a and 9 b
of this Annex and
the substances listed
under reference
numbers 364, 413,
1144, 1310, 1313
and 1507 of Annex
II",,,,,,"Hair dye substance
in oxidative hair
dye products",,"(a) General use
(b) Professional use
For (a) and (b):
After mixing under
oxidative conditions the
maximum concentration
applied to hair must not
exceed 5 % calculated as
free base","(a) To be printed on the label:
The mixing ratio.
‘ Hair colourants can cause
severe allergic reactions.
Read and follow instructions.
This product is not intended for
use on persons under the age
of 16.
Temporary “black henna”
tattoos may increase your risk
of allergy.
Do not colour your hair if:
— you have a rash on your
face or sensitive, irritated
and damaged scalp,
— you have ever experienced
any reaction after colouring
your hair,
— you have experienced a
reaction to a temporary
“black henna” tattoo in the
past.
Contains phenylenediamines
(toluenediamines).
Do not use to dye eyelashes or
eyebrows.’
(b) To be printed on the label:
The mixing ratio.
‘For professional use only. Hair
colourants can cause severe
allergic reactions.
Read and follow instructions.
This product is not intended for
use on persons under the age
of 16.
Temporary “black henna”
tattoos may increase your risk
of allergy.
Do not colour your hair if:
— you have a rash on your
face or sensitive, irritated
and damaged scalp,
— you have ever experienced
any reaction after colouring
your hair,
— you have experienced a
reaction to a temporary
“black henna” tattoo in the
past.
Contains phenylenediamines
(toluenediamines).
Wear suitable gloves.’",0
III,14,9a,0,active,▼M18,,"150,151","1,4-Benzenediamine, 2-methyl-
2,5-Diaminotoluene
sulphate",,"Toluene-2,5-
Diamine
Toluene-2,5-
Diamine
Sulfate (1)","95-70-5
615-50-9","202-442-1
210-431-8",,"(a) Hair dye
substance in
oxidative hair
dye products
(b) Products
intended for
colouring
eyelashes",,"(a) (i) General use
(a) (ii) Professional use
(b) Professional use
For (a) and (b): After
mixing under oxidative
conditions the maximum
concentration applied to hair
or eyelashes must not
exceed 2,0 % (calculated as
free base) or 3,6 % (calculated as sulfate salt)","(a) To be printed on the label: The
mixing ratio.
‘ Hair colourants can cause
severe allergic reactions. Read
and follow instructions. This
product is not intended for use
on persons under the age of 16.
Temporary “black henna”
tattoos may increase your risk
of allergy.
Do not colour your hair if:
— you have a rash on your
face or sensitive, irritated
and damaged scalp,
— you have ever experienced
any reaction after colouring
your hair,
— you have experienced a
reaction to a temporary
“black henna” tattoo in the
past.
Contains phenylenediamines
(toluenediamines)
(a) (i) Do not use to dye
eyelashes.
(a) (ii) Wear suitable gloves.
For professional use only.’
(b) As from 3 March 2018, to be
printed on the label: The
mixing ratio.
‘ This product can cause
severe allergic reactions. Read
and follow instructions.
This product is not intended for
use on persons under the age of
16. Temporary “black henna”
tattoos may increase the risk of
allergy.
Eyelashes shall not be coloured
if the consumer:
— has a rash on the face or
sensitive, irritated and
damaged scalp,
— has experienced any
reaction after colouring hair
or eyelashes,
— has experienced a reaction
to a temporary “black
henna” tattoo in the past.
Rinse eyes immediately if
product comes into contact with
them.
Contains phenylenediamines
(toluenediamines).
Wear suitable gloves.
For professional use only’.",0
III,15,9b,0,active,▼M18,,152,"1-Methyl-2,6-bis-(2-
hydroxyethylamino)-benzene",,"2,6-Dihydroxyethylaminotoluene",149330-25-6,443-210-1,,"Hair dye substance
in oxidative hair
dye products",,"As from 3 September 2017,
after mixing under oxidative
conditions the maximum
concentration applied to hair
must not exceed 1,0 %
— Do not use with nitrosating agents
— Maximum nitrosamine
content: 50 μg/kg
— Keep in nitrite-free
containers","As from 3 March 2018, to be
printed on the label:
The mixing ratio.
‘ Hair colourants can cause
severe allergic reactions.
Read and follow instructions.
This product is not intended for use
on persons under the age of 16.
Temporary “black henna” tattoos
may increase your risk of allergy.
Do not colour your hair if:
— you have a rash on your face or
sensitive, irritated and damaged
scalp,
— you have ever experienced any
reaction after colouring your
hair,
— you have experienced a reaction
to a temporary “black henna”
tattoo in the past’.",0
III,16,10,0,deleted,▼M1,,152,,,,,,,,,,,0
III,17,11,0,active,▼B,,153,Dichlorophen,,Dichlorophen,97-23-4,202-567-1,,,"0,5 %",,Contains Dichlorophen,0
III,18,12,0,active,▼M32,,"153,154","Hydrogen peroxide
and other
compounds or
mixtures that release
hydrogen peroxide,
including carbamide
peroxide and zinc
peroxide, with the
exception of the
following
substances in Annex
II:
— No 1397, 1398,
1399",,"Hydrogen
peroxide",7722-84-1,231-765-0,,"(a) Hair products
(b) Skin products
(c) Nail hardening
products
(d) Oral products,
including
mouth rinse,
tooth paste and
tooth
whitening or
bleaching
products
(e) Tooth
whitening or
bleaching
products
(f) Products
intended for
eyelashes","(a) 12 % of
H2O2
(40 volumes), present
or released
(b) 4 % of
H2O2,
present or
released
(c) 2 % of
H2O2,
present or
released
(d) ≤ 0,1 % of
H2O2,
present or
released
(e) > 0,1 % ≤
6 % of
H2O2,
present or
released
(f) 2 % of
H2O2,
present or
released","(e) To be only sold to
dental practitioners. For
each cycle of use, first
use by dental practitioners as defined under
Directive 2005/36/EC of
the European Parliament
and of the Council (14)
or under their direct
supervision if an
equivalent level of
safety is ensured.
Afterwards to be
provided to the
consumer to complete
the cycle of use.
Not to be used on a
person under 18 years
of age.
(f) For professional use
only","(a) (f) Wear suitable gloves
(a) (b) (c) (e)
Contains hydrogen peroxide
Avoid contact with eyes
Rinse immediately if product comes
into contact with them.
(e) Concentration of H2O2 present
or released indicated in
percentage.
Not to be used on a person
under 18 years of age.
To be only sold to dental practitioners. For each cycle of use,
the first use to be only done by
dental practitioners or under
their direct supervision if an
equivalent level of safety is
ensured.
Afterwards to be provided to
the consumer to complete the
cycle of use.
f) To be printed on the label:
‘For professional use only.
Avoid contact with eyes.
Rinse eyes immediately if
product comes into contact with
them.
Contains hydrogen peroxide’",0
III,19,13,1,deleted,▼M32,,155,,,,,,,,,,,0
III,20,14,0,active,▼M1,,155,Hydroquinone,,Hydroquinone,123-31-9,204-617-8,,"Artificial nail
systems","0,02 % (after
mixing for use)",Professional use only,"— For professional use only
— Avoid skin contact
— Read directions for use carefully",0
III,21,15a,0,active,▼M13,,"155,156","Potassium or sodium
hydroxide (20)",,"Potassium
hydroxide/
sodium
hydroxide","1310-58-3/
1310-73-2","215-181-3/
215-185-5",,"(a) Nail cuticle
solvent
(b) Hair
straightener
(c) pH adjuster
for depilatories
(d) Other uses as
pH adjuster","(a) 5 % (4)
2 % (4)
4,5 % (4)","General use
Professional use
(c) pH < 12,7
(d) pH < 11","(a) Contains alkali
Avoid contact with eyes
Can cause blindness
Keep out of reach of children
Contains alkali
Avoid contact with eyes
Can cause blindness
Keep out of reach of children
For professional use only
Avoid contact with eyes
Can cause blindness
(c) Keep out of reach of children
Avoid contact with eyes",0
III,22,15b,0,active,▼B,,156,Lithium hydroxide,,"Lithium
hydroxide",1310-65-2,215-183-4,,"(a) Hair
straighteners
(b) pH adjuster
for depilatories
(c) Other uses as
pH adjuster
(for rinse-off
products only)","2 % (5)
4,5 % (5)","General use
Professional use
pH < 12,7
pH < 11","(a) Contains alkali
Avoid contact with eyes
Can cause blindness
Keep out of reach of children
Avoid contact with eyes
Can cause blindness
(b) Contains alkali
Keep out of reach of children
Avoid contact with eyes",0
III,23,15c,0,active,▼B,,"156,157",Calcium hydroxide,,"Calcium
hydroxide",1305-62-0,215-137-3,,"(a) Hair
straighteners
containing
two
components:
calcium
hydroxide and
a guanidine
salt
(b) pH adjuster
for depilatories
(c) Other uses (e.
g. pH adjuster,
processing
aid)","(a) 7 % (as
calcium
hydroxide)","(b) pH < 12,7
(c) pH < 11","(a) Contains alkali
Avoid contact with eyes
Keep out of reach of children
Can cause blindness
(b) Contains alkali
Keep out of reach of children
Avoid contact with eyes",0
III,24,15d,0,active,▼M13,,157,"Potassium
hydroxide (21)",,"Potassium
hydroxide",1310-58-3,215-181-3,,"Callosity softener/
remover","1,5 % (4)",,"Contains alkali
Avoid contact with eyes
Keep out of reach of children
Read directions for use carefully",0
III,25,16,0,active,▼M3,,"157,158",1-Naphthalenol,,1-Naphthol,90-15-3,201-969-4,,"Hair dye substance
in oxidative hair
dye products",,"After mixing under
oxidative conditions the
maximum concentration
applied to hair must not
exceed 2,0 %","To be printed on the label:
The mixing ratio.
‘ Hair colorants can cause severe
allergic reactions.
Read and follow instructions.
This product is not intended for use
on persons under the age of 16.
Temporary “black henna” tattoos
may increase your risk of allergy.
Do not colour your hair if:
— you have a rash on your face or
sensitive, irritated and damaged
scalp,
— you have ever experienced any
reaction after colouring your
hair,
— you have experienced a
reaction to a temporary “black
henna” tattoo in the past.’",0
III,26,17,0,active,▼B,,158,Sodium nitrite,,Sodium nitrite,7632-00-0,231-555-9,,Rust inhibitor,"0,2 %","Not to be used with
secondary and/or tertiary
amines or other substances
forming nitrosamines",,0
III,27,18,0,active,▼B,,158,Nitromethane,,Nitromethane,75-52-5,200-876-6,,Rust inhibitor,"0,3 %",,,0
III,28,19,0,moved_or_deleted,▼B,,158,Moved or deleted,,,,,,,,,,0
III,29,20,0,moved_or_deleted,▼B,,158,Moved or deleted,,,,,,,,,,0
III,30,21,0,active,▼B,,"158,159","Cinchonan-9-ol, 6'-
methoxy-, (8.alpha.,
9R)- and its salts",,Quinine,130-95-0,205-003-2,,"(a) Hair rinse-off
products
(b) Hair leave-on
products","(a) 0,5 % (as
quinine
base)
(b) 0,2 % (as
quinine
base)",,,0
III,31,22,0,active,▼M3,►M4,"159,160,161","1,3-benzenediol",,Resorcinol,108-46-3,203-585-2,,"(a) Hair dye
substance in
oxidative hair
dye products
►M4 (b) Products
intended
for
colouring
eyelashes
►M4 (c) Hair
lotions
and
shampoos","(c) 0,5 % ◄","For (a) and (b):
After mixing under
oxidative conditions the
maximum concentration
applied to hair or eyelashes
must not exceed 1,25 % ◄
(b) For professional use
only. ◄","►M4 (a) To be printed on the
label:
The mixing ratio.
‘ Hair colorants can
cause severe allergic
reactions.
Read and follow instructions.
This product is not
intended for use on
persons under the age
of 16.
Temporary “black
henna” tattoos may
increase your risk of
allergy.
Do not colour your hair
if:
— you have a rash on
your face or
sensitive, irritated
and damaged scalp,
— you have ever
experienced any
reaction after
colouring your hair,
— you have experienced
a reaction to a
temporary “black
henna” tattoo in the
past.
Contains resorcinol.
Rinse hair well after
application.
Rinse eyes immediately
if product comes into
contact with them.
►M47 Do not use to
dye eyelashes.’ ◄ ◄
►M4 (b) To be printed on the
label:
The mixing ratio.
‘For professional use
only.
Contains resorcinol.
This product can
cause severe allergic
reactions.
Read and follow instructions.
This product is not
intended for use on
persons under the age
of 16.
Temporary “black
henna” tattoos may
increase the risk of
allergy.
Eyelashes shall not be
coloured if the
consumer:
— has a rash on the face
or sensitive, irritated
and damaged scalp,
— has experienced any
reaction after
colouring hair or
eyelashes,
— has experienced a
reaction to a
temporary “black
henna” tattoo in the
past.
Rinse eyes immediately
if product comes into
contact with them.’ ◄
►M4 (c) Contains resorcinol. ◄",0
III,32,23,0,active,▼B,,162,"(a) Alkali sulphides
(b) Alkaline earth
sulphides",,,,,,"(a) Depilatories
(b) Depilatories","(a) 2 % (as
sulphur)
(b) 6 % (as
sulphur)","pH ≤ 12,7","(a) (b) Keep out of reach of
children
Avoid contact with eyes",0
III,33,24,0,active,▼M54,,162,"Water-soluble zinc
salts with the
exception of zinc 4-
hydroxy-benzene
sulphonate (entry 25
of Annex III) (46)",,"Zinc Acetate
Zinc Chloride
Zinc Gluconate
Zinc Glutamate
Zinc Citrate
Zinc Sulphate","557-34-6/
5970-45-6
7646-85-7
4468-02-4
1949-15-1
546-46-3
7733-02-0/
7446-19-7/
7446-20-0","209-170-2/
-
231-592-0
224-736-9
-
208-901-2
231-793-3",,"(a) Toothpaste
intended for
users above 1
year of age
(b) Toothpaste
intended for
children
between 6
months and 1
year of age
(c) Mouthwash
intended for
users above 6
years of age
(d) Other products","(a) 1 % (as
zinc)
(b) 0,72 % (as
zinc)
(c) 0,1 % (as
zinc)
(d) 1 % (as
zinc)",,,1
III,34,25,0,active,▼B,,162,Zinc 4-hydroxybenzene sulphonate,,Zinc phenolsulfonate,127-82-2,204-867-8,,"Deodorants, antiperspirants and
astringent lotions","6 % (as %
anhydrous
substance)",,Avoid contact with eyes,0
III,35,26,0,active,▼M1,,163,Ammonium monofluorophosphate,,"Ammonium
Monofluorophosphate","20859-38-5 /
66115-19-3",— / —,,Oral products,"0,15 %
calculated as F.
When mixed
with other
fluorine
compounds
permitted under
this Annex, total
F concentration
must not exceed
0,15 %",,"Contains ammonium monofluorophosphate.
For any toothpaste with compounds
containing fluorine in a concentration of 0,1 to 0,15 % calculated as
F unless it is already labelled as
contra-indicated for children (e.g.
‘for adult use only’) the following
labelling is obligatory:
‘Children of 6 years and younger: use
a pea-sized amount for supervised
brushing to minimise swallowing. In
case of intake of fluoride from other
sources consult a dentist or doctor.’",1
III,36,27,0,active,▼M1,,"163,164",Disodium fluorophosphate,,Sodium Monofluorophosphate,"10163-15-2
/ 7631-97-2","233-433-0 /
231-552-2",,Oral products,"0,15 %
calculated as F.
When mixed
with other
fluorine
compounds
permitted under
this Annex,
total F concentration must not
exceed 0,15 %",,"Contains sodium monofluorophosphate.
For any toothpaste with compounds
containing fluorine in a concentration
of 0,1 to 0,15 % calculated as F
unless it is already labelled as contra-
indicated for children (e.g. ‘for adult
use only’) the following labelling is
obligatory:
‘Children of 6 years and younger: use
a pea-sized amount for supervised
brushing to minimise swallowing. In
case of intake of fluoride from other
sources consult a dentist or doctor.’",0
III,37,28,0,active,▼M1,,164,"Dipotassium
fluorophosphate",,"Potassium
Monofluorophosphate",14104-28-0,237-957-0,,Oral products,"0,15 %
calculated as F.
When mixed
with other
fluorine
compounds
permitted under
this Annex,
total F concentration must not
exceed 0,15 %",,"Contains potassium monofluorophosphate.
For any toothpaste with compounds
containing fluorine in a concentration of 0,1 to 0,15 % calculated
as F unless it is already labelled as
contra-indicated for children (e.g.
‘for adult use only’) the following
labelling is obligatory:
‘Children of 6 years and younger:
use a pea-sized amount for
supervised brushing to minimise
swallowing. In case of intake of
fluoride from other sources consult
a dentist or doctor.’",0
III,38,29,0,active,▼M1,,165,Calcium fluorophosphate,,Calcium Monofluorophosphate,7789-74-4,232-187-1,,Oral products,"0,15 %
calculated as F.
When mixed
with other
fluorine
compounds
permitted under
this Annex,
total F concentration must not
exceed 0,15 %",,"Contains calcium monofluorophosphate.
For any toothpaste with compounds
containing fluorine in a concentration of 0,1 to 0,15 % calculated
as F unless it is already labelled as
contra-indicated for children (e.g.
‘for adult use only’) the following
labelling is obligatory:
‘Children of 6 years and younger:
use a pea-sized amount for
supervised brushing to minimise
swallowing. In case of intake of
fluoride from other sources consult
a dentist or doctor.’",0
III,39,30,0,active,▼M1,,"165,166",Calcium fluoride,,"Calcium
Fluoride",7789-75-5,232-188-7,,Oral products,"0,15 %
calculated as F.
When mixed
with other
fluorine
compounds
permitted under
this Annex,
total F concentration must not
exceed 0,15 %",,"Contains calcium fluoride.
For any toothpaste with compounds
containing fluorine in a concentration of 0,1 to 0,15 % calculated
as F unless it is already labelled as
contra-indicated for children (e.g.
‘for adult use only’) the following
labelling is obligatory:
‘Children of 6 years and younger:
use a pea-sized amount for
supervised brushing to minimise
swallowing. In case of intake of
fluoride from other sources consult
a dentist or doctor.’",0
III,40,31,0,active,▼M1,,166,Sodium fluoride,,"Sodium
Fluoride",7681-49-4,231-667-8,,Oral products,"0,15 %
calculated as F.
When mixed
with other
fluorine
compounds
permitted under
this Annex,
total F concentration must not
exceed 0,15 %",,"Contains sodium fluoride.
For any toothpaste with compounds
containing fluorine in a concentration of 0,1 to 0,15 % calculated
as F unless it is already labelled as
contra-indicated for children (e.g.
‘for adult use only’) the following
labelling is obligatory:
‘Children of 6 years and younger:
use a pea-sized amount for
supervised brushing to minimise
swallowing. In case of intake of
fluoride from other sources consult
a dentist or doctor.’",0
III,41,32,0,active,▼M1,,167,Potassium fluoride,,"Potassium
Fluoride",7789-23-3,232-151-5,,Oral products,"0,15 %
calculated as F.
When mixed
with other
fluorine
compounds
permitted under
this Annex,
total F concentration must not
exceed 0,15 %",,"Contains potassium fluoride.
For any toothpaste with compounds
containing fluorine in a concentration of 0,1 to 0,15 % calculated
as F unless it is already labelled as
contra-indicated for children (e.g.
‘for adult use only’) the following
labelling is obligatory:
‘Children of 6 years and younger:
use a pea-sized amount for
supervised brushing to minimise
swallowing. In case of intake of
fluoride from other sources consult
a dentist or doctor.’",0
III,42,33,0,active,▼M1,,"167,168",Ammonium fluoride,,"Ammonium
Fluoride",12125-01-8,235-185-9,,Oral products,"0,15 %
calculated as F.
When mixed
with other
fluorine
compounds
permitted under
this Annex,
total F concentration must not
exceed 0,15 %",,"Contains ammonium fluoride.
For any toothpaste with compounds
containing fluorine in a concentration of 0,1 to 0,15 % calculated
as F unless it is already labelled as
contra-indicated for children (e.g.
‘for adult use only’) the following
labelling is obligatory:
‘Children of 6 years and younger:
use a pea-sized amount for
supervised brushing to minimise
swallowing. In case of intake of
fluoride from other sources consult
a dentist or doctor.’",0
III,43,34,0,active,▼M1,,168,Aluminium fluoride,,"Aluminum
Fluoride",7784-18-1,232-051-1,,Oral products,"0,15 %
calculated as F.
When mixed
with other
fluorine
compounds
permitted under
this Annex,
total F concentration must not
exceed 0,15 %",,"Contains aluminium fluoride.
For any toothpaste with compounds
containing fluorine in a concentration of 0,1 to 0,15 % calculated
as F unless it is already labelled as
contra-indicated for children (e.g.
‘for adult use only’) the following
labelling is obligatory:
‘Children of 6 years and younger:
use a pea-sized amount for
supervised brushing to minimise
swallowing. In case of intake of
fluoride from other sources consult
a dentist or doctor.’",0
III,44,35,0,active,▼M1,,169,Tin difluoride,,"Stannous
Fluoride",7783-47-3,231-999-3,,Oral products,"0,15 %
calculated as F.
When mixed
with other
fluorine
compounds
permitted under
this Annex,
total F concentration must not
exceed 0,15 %",,"Contains stannous fluoride.
For any toothpaste with compounds
containing fluorine in a concentration of 0,1 to 0,15 % calculated
as F unless it is already labelled as
contra-indicated for children (e.g.
‘for adult use only’) the following
labelling is obligatory:
‘Children of 6 years and younger:
use a pea-sized amount for
supervised brushing to minimise
swallowing. In case of intake of
fluoride from other sources consult
a dentist or doctor.’",0
III,45,36,0,active,▼M1,,"169,170","Hexadecyl
ammonium fluoride",,"Cetylamine
Hydrofluoride",3151-59-5,221-588-7,,Oral products,"0,15 %
calculated as F.
When mixed
with other
fluorine
compounds
permitted under
this Annex,
total F concentration must not
exceed 0,15 %",,"Contains Cetylamine hydrofluoride.
For any toothpaste with compounds
containing fluorine in a concentration of 0,1 to 0,15 % calculated
as F unless it is already labelled as
contra-indicated for children (e.g.
‘for adult use only’) the following
labelling is obligatory:
‘Children of 6 years and younger:
use a pea-sized amount for
supervised brushing to minimise
swallowing. In case of intake of
fluoride from other sources consult
a dentist or doctor.’",0
III,46,37,0,active,▼M1,,170,"3-(N-Hexadecyl-N-
2-hydroxyethylammonio)propylbis(2-
hydroxyethyl)
ammonium
difluoride",,—,—,—,,Oral products,"0,15 %
calculated as F.
When mixed
with other
fluorine
compounds
permitted under
this Annex,
total F concentration must not
exceed 0,15 %",,"Contains 3-(N-Hexadecyl-N-2-
hydroxyethylammonio) propylbis
(2-hydroxyethyl) ammonium difluoride.
For any toothpaste with compounds
containing fluorine in a concentration of 0,1 to 0,15 % calculated
as F unless it is already labelled as
contra-indicated for children (e.g.
‘for adult use only’) the following
labelling is obligatory:
‘Children of 6 years and younger:
use a pea-sized amount for
supervised brushing to minimise
swallowing. In case of intake of
fluoride from other sources consult
a dentist or doctor.’",0
III,47,38,0,active,▼M1,,171,"N,N′,N′-Tris(polyoxyethylene)-N-
hexadecylpropylenediamine dihydrofluoride",,—,—,—,,Oral products,"0,15 %
calculated as F.
When mixed
with other
fluorine
compounds
permitted under
this Annex,
total F concentration must not
exceed 0,15 %",,"Contains N,N′,N′-tris(polyoxyethylene)-N-hexadecylpropylenediamine
dihydrofluoride.
For any toothpaste with compounds
containing fluorine in a concentration of 0,1 to 0,15 % calculated
as F unless it is already labelled as
contra-indicated for children (e.g.
‘for adult use only’) the following
labelling is obligatory:
‘Children of 6 years and younger:
use a pea-sized amount for
supervised brushing to minimise
swallowing. In case of intake of
fluoride from other sources consult
a dentist or doctor.’",0
III,48,39,0,active,▼M1,,"171,172","9-Octadecen-1-
amine hydrofluoride",,"Octadecenyl-
Ammonium
Fluoride",36505-83-6,—,,Oral products,"0,15 %
calculated as F.
When mixed
with other
fluorine
compounds
permitted under
this Annex,
total F concentration must not
exceed 0,15 %",,"Contains octadecenyl-ammonium
fluoride.
For any toothpaste with compounds
containing fluorine in a concentration of 0,1 to 0,15 % calculated
as F unless it is already labelled as
contra-indicated for children (e.g.
‘for adult use only’) the following
labelling is obligatory:
‘Children of 6 years and younger:
use a pea-sized amount for
supervised brushing to minimise
swallowing. In case of intake of
fluoride from other sources consult
a dentist or doctor.’",0
III,49,40,0,active,▼M1,,172,Disodium hexafluorosilicate,,Sodium Fluorosilicate,16893-85-9,240-934-8,,Oral products,"0,15 %
calculated as F.
When mixed
with other
fluorine
compounds
permitted under
this Annex,
total F concentration must not
exceed 0,15 %",,"Contains sodium fluorosilicate.
For any toothpaste with compounds
containing fluorine in a concentration of 0,1 to 0,15 % calculated
as F unless it is already labelled as
contra-indicated for children (e.g.
‘for adult use only’) the following
labelling is obligatory:
‘Children of 6 years and younger:
use a pea-sized amount for
supervised brushing to minimise
swallowing. In case of intake of
fluoride from other sources consult
a dentist or doctor.’",0
III,50,41,0,active,▼M1,,173,"Dipotassium
hexafluorosilicate",,"Potassium
Fluorosilicate",16871-90-2,240-896-2,,Oral products,"0,15 %
calculated as F.
When mixed
with other
fluorine
compounds
permitted under
this Annex,
total F concentration must not
exceed 0,15 %",,"Contains potassium fluorosilicate.
For any toothpaste with compounds
containing fluorine in a concentration of 0,1 to 0,15 % calculated
as F unless it is already labelled as
contra-indicated for children (e.g.
‘for adult use only’) the following
labelling is obligatory:
‘Children of 6 years and younger:
use a pea-sized amount for
supervised brushing to minimise
swallowing. In case of intake of
fluoride from other sources consult
a dentist or doctor.’",0
III,51,42,0,active,▼M1,,"173,174","Ammonium
hexafluorosilicate",,"Ammonium
Fluorosilicate",16919-19-0,240-968-3,,Oral products,"0,15 %
calculated as F.
When mixed
with other
fluorine
compounds
permitted under
this Annex,
total F concentration must not
exceed 0,15 %",,"Contains ammonium fluorosilicate.
For any toothpaste with compounds
containing fluorine in a concentration of 0,1 to 0,15 % calculated
as F unless it is already labelled as
contra-indicated for children (e.g.
‘for adult use only’) the following
labelling is obligatory:
‘Children of 6 years and younger:
use a pea-sized amount for
supervised brushing to minimise
swallowing. In case of intake of
fluoride from other sources consult
a dentist or doctor.’",0
III,52,43,0,active,▼M1,,174,"Magnesium
hexafluorosilicate",,"Magnesium
Fluorosilicate",16949-65-8,241-022-2,,Oral products,"0,15 %
calculated as F.
When mixed
with other
fluorine
compounds
permitted under
this Annex,
total F concentration must not
exceed 0,15 %",,"Contains magnesium fluorosilicate.
For any toothpaste with compounds
containing fluorine in a concentration of 0,1 to 0,15 % calculated
as F unless it is already labelled as
contra-indicated for children (e.g.
‘for adult use only’) the following
labelling is obligatory:
‘Children of 6 years and younger:
use a pea-sized amount for
supervised brushing to minimise
swallowing. In case of intake of
fluoride from other sources consult
a dentist or doctor.’",0
III,53,44,0,active,▼B,,175,"1,3-Bis (hydroxymethyl)imidazolidine-2-thione",,"Dimethylol
ethylene
thiourea",15534-95-9,239-579-1,,"(a) Hair- products
(b) Nail- products","(a) 2 %
(b) 2 %","(a) Not to be used in
aerosol dispensers
(sprays)
(b) pH < 4","Contains Dimethylol ethylene
thiourea",0
III,54,45,0,active,▼M49,,175,Benzyl alcohol (38),,Benzyl Alcohol,100-51-6,202-859-9,,,,"For purposes other than
inhibiting the development
of microorganisms in the
product. This purpose has to
be apparent from the presentation of the product.
The presence of the
substance shall be indicated
in the list of ingredients
referred to in Article 19(1),
point (g), when its concentration exceeds:
— 0,001 % in leave-on
products
— 0,01 % in rinse-off
products.",,0
III,55,46,0,active,▼M49,,"175,176","6-Methyl-
coumarin (38)",,"6-Methyl
Coumarin",92-48-8,202-158-8,,Oral products,"0,003 %","The presence of the
substance shall be indicated
in the list of ingredients
referred to in Article 19(1),
point (g), when its concentration exceeds:
— 0,001 % in leave-on
products
— 0,01 % in rinse-off
products.",,0
III,56,47,0,active,▼M1,,176,"3-Pyridinemethanol
hydrofluoride",,"Nicomethanol
Hydrofluoride",62756-44-9,—,,Oral products,"0,15 %
calculated as F.
When mixed
with other
fluorine
compounds
permitted under
this Annex,
total F concentration must not
exceed 0,15 %",,"Contains nicomethanol hydrofluoride.
For any toothpaste with compounds
containing fluorine in a concentration of 0,1 to 0,15 % calculated
as F unless it is already labelled as
contra-indicated for children (e.g.
‘for adult use only’) the following
labelling is obligatory:
‘Children of 6 years and younger:
use a pea-sized amount for
supervised brushing to minimise
swallowing. In case of intake of
fluoride from other sources consult
a dentist or doctor.’",0
III,57,48,0,active,▼B,,176,Silver nitrate,,Silver nitrate,7761-88-8,231-853-9,,"Only for colouring
eyelashes and
eyebrows",4 %,,"Contains silver nitrate
Rinse eyes immediately if product
comes into contact with them",0
III,58,49,0,active,▼B,,177,Selenium sulfide,,"Selenium
disulphide",7488-56-4,231-303-8,,"Antidandruff
shampoos",1 %,,"Contains selenium disulphide
Avoid contact with eyes or
damaged skin",0
III,59,50,0,active,▼B,,177,"Aluminium
zirconium chloride
hydroxide
complexes
AlxZr(OH)yClz and
the aluminium
zirconium chloride
hydroxide glycine
complexes",,,,,,Anti-perspirants,"20 % (as
anhydrous
aluminium
zirconium
chloride
hydroxide)
5,4 % (as
zirconium)","1. The ratio of the number
of aluminium atoms to
that of zirconium atoms
must be between 2
and 10
2. The ratio of the number
of (Al + Zr) atoms to
that of chlorine atoms
must be between 0,9 and
2,1
3. Not to be used in aerosol
dispensers (sprays)","Do not apply to irritated or
damaged skin",0
III,60,,0,deleted,▼M32,,177,,,,,,,,,,,0
III,61,51,0,active,▼C6,,"177,178",Bis(8-hydroxyquinolinium) sulphate,,"Oxyqui-noline
sulphate",134-31-6,205-137-1,,"Stabilizer for
hydrogen peroxide
in rinse-off hair
products
Stabilizer for
hydrogen peroxide
in leave-on hair
products","(0,3 % as base)
(0,03 % as base)",,,0
III,62,52,0,active,▼B,,178,Methanol,,Methyl alcohol,67-56-1,200-659-6,,"Denaturant for
ethanol and
isopropyl alcohol","5 % (as a %
ethanol and
isopropyl
alcohol)",,,0
III,63,53,0,active,▼B,,178,"(1-Hydroxyethylidene-diphosphonic acid) and its
salts",,Etidronic acid,2809-21-4,220-552-8,,"(a) Hair- product
(b) Soap","1,5 % (as
etidronic acid)
0,2 % (as
etidronic acid)",,,0
III,64,54,0,active,▼B,,179,"1-Phenoxypropan-2-
ol (7)",,Phenoxyisopropanol,770-35-4,212-222-7,,"Use only in rinse-
off products
Not to be used in
oral products",2 %,"For purposes other than
inhibiting the development
of micro-organisms in the
product. This purpose has to
be apparent from the presentation of the product",,0
III,65,55,0,moved_or_deleted,▼B,,179,Moved or deleted,,,,,,,,,,0
III,66,56,0,active,▼M1,,179,Magnesium fluoride,,"Magnesium
Fluoride",7783-40-6,231-995-1,,Oral products,"0,15 %
calculated as F.
When mixed
with other
fluorine
compounds
permitted under
this Annex,
total F concentration must not
exceed 0,15 %",,"Contains magnesium fluoride.
For any toothpaste with compounds
containing fluorine in a concentration of 0,1 to 0,15 % calculated
as F unless it is already labelled as
contra-indicated for children (e.g.
‘for adult use only’) the following
labelling is obligatory:
‘Children of 6 years and younger:
use a pea-sized amount for
supervised brushing to minimise
swallowing. In case of intake of
fluoride from other sources consult
a dentist or doctor.’",0
III,67,57,0,active,▼B,,180,"Strontium chloride
hexahydrate",,"Strontium
chloride",10476-85-4,233-971-6,,"(a) Oral products
(b) Shampoo and
face products","3,5 % (as strontium). When
mixed with
other permitted
strontium
compounds the
total strontium
content must
not exceed
3,5 %
2,1 % (as strontium). When
mixed with
other permitted
strontium
compounds the
total strontium
content must
not exceed
2,1 %",,"Contains strontium chloride
Frequent use by children is not
advisable",0
III,68,58,0,active,▼B,,181,"Strontium acetate
hemihydrate",,"Strontium
acetate",543-94-2,208-854-8,,Oral products,"3,5 % (as strontium). When
mixed with
other permitted
strontium
compounds the
total strontium
content must
not exceed
3,5 %",,"Contains strontium acetate
Frequent use by children is not
advisable",0
III,69,59,0,active,▼B,,181,"Talc: Hydrated
magnesium silicate",,Talc,14807-96-6,238-877-9,,"(a) Powdery
products
intended to be
used for
children under
3 years of age
(b) Other products",,,"(a) Keep powder away from
children's nose and mouth",0
III,70,60,0,active,▼B,,181,Fatty acid dialkylamides and dialkanolamides,,,,,,,"Maximum
secondary
amine content:
0,5 %","— Not to be used with
nitrosating systems
— Maximum secondary
amine content: 5 %
(applies to raw
materials)
— Maximum nitrosamine
content: 50 μg/kg
— Keep in nitrite-free
containers",,0
III,71,61,0,active,▼B,,182,"Monoalkylamines,
monoalkanolamines
and their salts",,,,,,,"Maximum
secondary
amine content:
0,5 %","— Not to be used with
nitrosating systems-
Minimum purity: 99 %
— Maximum secondary
amine content: 0,5 %
(applies to raw
materials)
— Maximum nitrosamine
content: 50 μg/kg
— Keep in nitrite-free
containers",,0
III,72,62,0,active,▼B,,182,"Trialkylamines,
trialkanolamines and
their salts",,,,,,"(a) Leave-on
products
(b) Rinse-off
products","(a) 2,5 %","(a) (b)
— Not to be used with
nitrosating systems
— Minimum purity: 99 %
— Maximum secondary
amine content: 0,5 %
(applies to raw
materials)
— Maximum nitrosamine
content: 50 μg/kg
— Keep in nitrite-free
containers",,0
III,73,63,0,active,▼B,,183,Strontium hydroxide,,"Strontium
hydroxide",18480-07-4,242-367-1,,"pH adjuster for
depilatories","3,5 % (as
strontium)","pH ≤ 12,7","Keep out of reach of children
Avoid contact with eyes",0
III,74,64,0,active,▼B,,183,Strontium peroxide,,"Strontium
peroxide",1314-18-7,215-224-6,,"Rinse-off hair
products","4,5 % (as
strontium)","All products must meet the
hydrogen peroxide release
requirements
Professional use","Avoid contact with eyes
Rinse eyes immediately if product
comes into contact with them
For professional use only
Wear suitable gloves",0
III,75,65,0,active,▼B,,183,"Benzalkonium
chloride, bromide
and saccharinate (8)",,"Benzalkonium
bromide
Benzalkonium
chloride
Benzalkonium
saccharinate","91080-29-4
63449-41-2/
68391-01-5/
68424-85-1/
85409-22-9
68989-01-5","293-522-5
264-151-6/
269-919-4/
270-325-2/
287-089-1
273-545-7",,"Rinse-off hair
(head) products","3 % (as benzalkonium
chloride)","In the final products the
concentrations of benzalkonium chloride, bromide
and saccharinate with an
alkyl chain of C14, or less
must not exceed 0,1 % (as
benzalkonium chloride)
For purposes other than
inhibiting the development
of micro-organisms in the
product. This purpose has to
be apparent from the presentation of the product",Avoid contact with eyes,1
III,76,66,0,active,▼B,,184,Polyacrylamides,,,,,,"(a) Body- leave-on
products
(b) Other products",,"(a) Maximum residual
acrylamide content
0,1 mg/kg
(b) Maximum residual
acrylamide content
0,5 mg/kg",,0
III,77,67,0,active,▼B,,184,2-Benzylideneheptanal,,Amyl cinnamal,122-40-7,204-541-5,,,,"The presence of the
substance must be indicated
in the list of ingredients
referred to in Article 19(1)
(g) when its concentration
exceeds:
— 0,001 % in leave-on
products
— 0,01 % in rinse-off
products",,0
III,78,68,0,deleted,▼M1,,184,,,,,,,,,,,0
III,79,69,0,active,▼B,,185,Cinnamyl alcohol,,"Cinnamyl
alcohol",104-54-1,203-212-3,,,,"The presence of the
substance must be indicated
in the list of ingredients
referred to in Article 19(1)
(g) when its concentration
exceeds:
— 0,001 % in leave-on
products
— 0,01 % in rinse-off
products",,0
III,80,70,0,active,▼M54,,"185,186,187","3,7-Dimethyl-2,6-
octadienal (46)
(E)-3,7-
dimethylocta-2,6-
dienal (47)
(Z)-3,7-
dimethylocta-2,6-
dienal (47)",,"Citral
Geranial
Neral","5392-40-5
141-27-5
106-26-3","226-394-6
205-476-5
203-379-2",,"(a) Lip make-up
products,
lipstick, lip
salves
(b) Deodorants
and antiperspirants
(c) Eye products,
face make-up
and make-up
remover
(d) Fragrance
products
(hydroalcoholic and
non-hydroalcoholic, spray
and non-spray)
(e) Leave-on skin
products
(except lip
products,
deodorants and
antiperspirants,
fragrance
products, eye
products, face
make-up and
make-up
remover) and
nail products
(f) Oral products
(g) Hair leave-on
products
(h) Skin and hair
rinse-off
products
(i) Leave-on
products for
the anogenital
area (baby
wipes and
intimate wipes)","(a) 0,11 %
(b) 0,032 %
(c) 0,65 %
(d) 0,6 %
(e) 0,15 %
(f) 0,35 %
(g) 1,2 %
(h) 1,2 %
(i) 0,063 %","The presence of the
substance or substances
shall be indicated as ‘Citral’
in the list of ingredients
referred to in Article 19(1),
point (g), when the concentration of the substance or
substances exceeds:
— 0,001 % in leave-on
products
— 0,01 % in rinse-off
products.",,0
III,81,71,0,active,▼B,,188,"Phenol, 2-methoxy-
4-(2-propenyl)",,Eugenol,97-53-0,202-589-1,,,,"The presence of the
substance must be indicated
in the list of ingredients
referred to in Article 19(1)
(g) when its concentration
exceeds:
— 0,001 % in leave-on
products
— 0,01 % in rinse-off
products",,0
III,82,72,0,active,▼M1,,188,7-Hydroxycitronellal,,Hydroxycitronellal,107-75-5,203-518-7,,"(a) Oral products
(b) Other products","(b) 1,0 %","(a) (b)
The presence of the
substance must be indicated
in the list of ingredients
referred to in Article 19(1)
(g) when its concentration
exceeds:
— 0,001 % in leave-on
products
— 0,01 % in rinse-off
products",,0
III,83,73,0,active,▼M49,,189,"Phenol, 2-methoxy-
4-(1-propenyl)
(E)-2-methoxy-4-
(prop-1-enyl)phenol;
(trans-Isoeugenol)
(Z)-2-methoxy-4-
(prop-1-enyl)phenol;
(cis-Isoeugenol)",,Isoeugenol,"97-54-1
5932-68-3
5912-86-7","202-590-7
227-678-2
227-633-7",,"(a) Oral products
(b) Other products","(b) 0,02 %","(a) (b)
The presence of the
substance shall be indicated
in the list of ingredients
referred to in Article 19(1),
point (g), when its concentration exceeds:
— 0,001 % in leave-on
products
— 0,01 % in rinse-off
products.",,0
III,84,74,0,active,▼B,,189,"2-Pentyl-3-
phenylprop-2-en-1-
ol",,"Amylcinnamyl
alcohol",101-85-9,202-982-8,,,,"The presence of the
substance must be indicated
in the list of ingredients
referred to in Article 19(1)
(g) when its concentration
exceeds:
— 0,001 % in leave-on
products
— 0,01 % in rinse-off
products",,0
III,85,75,0,active,▼M54,,"190,191","2-hydroxybenzoic
acid phenylmethyl
ester (46)",,"Benzyl
Salicylate",118-58-1,204-262-9,,"(a) Fragrance
products
(hydroalcoholic and
non-hydroalcoholic, spray
and non-spray)
(b) Rinse-off skin
and hair
products
(except shower
gel/bath
products)
(c) Shower gel/
bath products
(d) Leave-on skin
and hair
products (non-
spray/non-
aerosol)
(except body
lotion)
(e) Leave-on hair
products
(spray/aerosol)
(f) Body lotion
(g) Face make-up
and make-up
remover
products
(h) Oral products
(i) Deodorant
products
(spray/aerosol)","(a) 4 %
(b) 0,5 %
(c) 1,3 %
(d) 0,5 %
(e) 0,5 %
(f) 0,7 %
(g) 0,2 %
(h) 0,004 %
(i) 0,91 %","The presence of the
substance shall be indicated
in the list of ingredients
referred to in Article 19(1),
point (g), when its concentration exceeds:
— 0,001 % in leave-on
products
— 0,01 % in rinse-off
products.",,0
III,86,76,0,active,▼B,,191,"2-Propenal, 3-
phenyl-",,Cinnamal,104-55-2,203-213-9,,,,"The presence of the
substance must be indicated
in the list of ingredients
referred to in Article 19(1)
(g) when its concentration
exceeds:
— 0,001 % in leave-on
products
— 0,01 % in rinse-off
products",,0
III,87,77,0,active,▼B,,192,"2H-1-Benzopyran-2-
one",,Coumarin,91-64-5,202-086-7,,,,"The presence of the
substance must be indicated
in the list of ingredients
referred to in Article 19(1)
(g) when its concentration
exceeds:
— 0,001 % in leave-on
products
— 0,01 % in rinse-off
products",,0
III,88,78,0,active,▼B,,192,"2,6-Octadien-1-ol,
3,7-dimethyl-, (2E)-",,Geraniol,106-24-1,203-377-1,,,,"The presence of the
substance must be indicated
in the list of ingredients
referred to in Article 19(1)
(g) when its concentration
exceeds:
— 0,001 % in leave-on
products
— 0,01 % in rinse-off
products",,0
III,89,79,1,deleted,▼M23,,193,,,,,,,,,,,0
III,90,80,0,active,▼B,,193,"4-Methoxybenzyl
alcohol",,Anise alcohol,105-13-5,203-273-6,,,,"The presence of the
substance must be indicated
in the list of ingredients
referred to in Article 19(1)
(g) when its concentration
exceeds:
— 0,001 % in leave-on
products
— 0,01 % in rinse-off
products",,0
III,91,81,0,active,▼B,,193,"2-Propenoic acid, 3-
phenyl-,
phenylmethyl ester",,"Benzyl
cinnamate",103-41-3,203-109-3,,,,"The presence of the
substance must be indicated
in the list of ingredients
referred to in Article 19(1)
(g) when its concentration
exceeds:
— 0,001 % in leave-on
products
— 0,01 % in rinse-off
products",,0
III,92,82,0,active,▼B,,194,"2,6,10-Dodecatrien-
1-ol, 3,7,11-
trimethyl-",,Farnesol,4602-84-0,225-004-1,,,,"The presence of the
substance must be indicated
in the list of ingredients
referred to in Article 19(1)
(g) when its concentration
exceeds:
— 0,001 % in leave-on
products
— 0,01 % in rinse-off
products",,0
III,93,83,1,deleted,▼M42,,194,,,,,,,,,,,0
III,94,84,0,active,▼B,,194,"1,6-Octadien-3-ol,
3,7-dimethyl-",,Linalool,78-70-6,201-134-4,,,,"The presence of the
substance must be indicated
in the list of ingredients
referred to in Article 19(1)
(g) when its concentration
exceeds:
— 0,001 % in leave-on
products
— 0,01 % in rinse-off
products",,0
III,95,85,0,active,▼B,,195,Benzyl benzoate,,"Benzyl
benzoate",120-51-4,204-402-9,,,,"The presence of the
substance must be indicated
in the list of ingredients
referred to in Article 19(1)
(g) when its concentration
exceeds:
— 0,001 % in leave-on
products
— 0,01 % in rinse-off
products",,0
III,96,86,0,active,▼M49,,195,"Citronellol/ (±)
3,7-Dimethyl-6-
octen-1-ol
(3R)-3,7-
dimethyloct-6-en-1-
ol
(3S)-3,7-
dimethyloct-6-en-1-
ol",,Citronellol,"106-22-9/
26489-01-0
1117-61-9
7540-51-4","203-375-0/
247-737-6
214-250-5
231-415-7",,,,"The presence of the
substance shall be indicated
in the list of ingredients
referred to in Article 19(1),
point (g), when its concentration exceeds:
— 0,001 % in leave-on
products
— 0,01 % in rinse-off
products.",,0
III,97,87,0,active,▼B,,196,2-Benzylideneoctanal,,Hexyl cinnamal,101-86-0,202-983-3,,,,"The presence of the
substance must be indicated
in the list of ingredients
referred to in Article 19(1)
(g) when its concentration
exceeds:
— 0,001 % in leave-on
products
— 0,01 % in rinse-off
products",,0
III,98,88,0,active,▼M49,,196,"1-methyl-4-prop-1-
en-2-yl-cyclohexene; dl-limonene
(racemic);
Dipentene (37)
(R)-p-mentha-1,8-
diene; (d-limonene)
(S)-p-mentha-1,8-
diene; (l-limon-
ene) (37)",,Limonene,"138-86-3/
7705-14-8
5989-27-5
5989-54-8","205-341-0/
231-732-0
227-813-5
227-815-6",,,,"The presence of the
substance shall be indicated
in the list of ingredients
referred to in Article 19(1),
point (g), when its concentration exceeds:
— 0,001 % in leave-on
products
— 0,01 % in rinse-off
products.
The peroxide value for each
substance shall be less than
20 mmoles/L (15)",,0
III,99,89,0,active,▼M1,,197,"Methyl Oct-2-
ynoate; Methyl
heptine carbonate",,"Methyl 2-
Octynoate",111-12-6,203-836-6,,"(a) Oral products
(b) Other products","(b) 0,01 %
when used
alone
When
present in
combination
with methyl
octine
carbonate,
the
combined
level in the
finished
product
shall not
exceed
0,01 % (of
which
methyl
octine
carbonate
shall not be
more than
0,002 %)","(a) (b)
The presence of the
substance must be indicated
in the list of ingredients
referred to in Article 19(1)
(g) when its concentration
exceeds:
— 0,001 % in leave-on
products
— 0,01 % in rinse-off
products",,0
III,100,90,0,active,▼B,,198,"3-Methyl-4-(2,6,6-
trimethyl-2-cyclohexen-1-yl)-3-buten-
2-one",,"alpha-
Isomethyl
ionone",127-51-5,204-846-3,,,,"The presence of the
substance must be indicated
in the list of ingredients
referred to in Article 19(1)
(g) when its concentration
exceeds:
— 0,001 % in leave-on
products
— 0,01 % in rinse-off
products",,0
III,101,91,0,active,▼B,,198,Oak moss extract,,"Evernia
prunastri
extract",90028-68-5,289-861-3,,,,"The presence of the
substance must be indicated
in the list of ingredients
referred to in Article 19(1)
(g) when its concentration
exceeds:
— 0,001 % in leave-on
products
— 0,01 % in rinse-off
products",,0
III,102,92,0,active,▼B,,"198,199",Treemoss extract,,"Evernia
furfuracea
extract",90028-67-4,289-860-8,,,,"The presence of the
substance must be indicated
in the list of ingredients
referred to in Article 19(1)
(g) when its concentration
exceeds:
— 0,001 % in leave-on
products
— 0,01 % in rinse-off
products",,0
III,103,93,0,active,▼B,,199,"2,4-Pyrimidinediamine, 3-oxide",,Diaminopyrimidine oxide,74638-76-9,—,,Hair products,"1,5 %",,,0
III,104,94,0,active,▼B,,199,Dibenzoyl peroxide,,"Benzoyl
peroxide",94-36-0,202-327-6,,"Artificial nail
systems","0,7 % (after
mixing for use)",Professional use,"For professional use only
Avoid skin contact
Read directions for use carefully",0
III,105,95,0,active,▼B,,199,"Hydroquinone
methylether/
Mequinol",,p-Hydroxyanisol,150-76-5,205-769-8,,"Artificial nail
systems","0,02 % (after
mixing for use)",Professional use,"For professional use only
Avoid skin contact
Read directions for use carefully",0
III,106,96,0,active,▼B,,199,"5-tert-Butyl-2,4,6-
trinitro-m-xylene",,Musk xylene,81-15-2,201-329-4,,"All cosmetic
products, with the
exception of oral
products","(a) 1,0 % in
fine
fragrance
(b) 0,4 % in
eau de
toilette
(c) 0,03 % in
other
products",,,0
III,107,97,0,active,▼B,,200,"4'-tert-Butyl-2',6'-
dimethyl-3',5'-dinitroacetophenone",,Musk ketone,81-14-1,201-328-9,,"All cosmetic
products, with the
exception of oral
products","(a) 1,4 % in
fine
fragrance
(b) 0,56 % in
eau de
toilette
(c) 0,042 % in
other
products",,,0
III,108,98,0,active,▼C9,,200,"Benzoic acid, 2-
hydroxy- (9)",,Salicylic acid,69-72-7,200-712-3,,"(a) Rinse-off hair
products
(b) Other products
except body
lotion, eye
shadow,
mascara,
eyeliner,
lipstick, roll-
on deodorant
(c) Body lotion,
eye shadow,
mascara,
eyeliner,
lipstick, roll-
on deodorant","(a) 3,0 %
(b) 2,0 %
(c) 0,5 %","(a) (b) (c)
Not to be used in preparations for children under 3
years of age. Not to be used
in applications that may lead
to exposure of the end-
user’s lungs by inhalation.
Not to be used in oral
products. For purposes other
than inhibiting the development of micro-organisms in
the product. This purpose
has to be apparent from the
presentation of the product.
These levels are inclusive of
any use of salicylic acid.","(a) (b) (c)
Not to be used for children under 3
years of age (10)",0
III,109,99,0,active,▼B,,201,"Inorganic sulfites
and bisulfites (11)",,,,,,"(a) Oxidative hair
dye products
(b) Hair
straightening
products
(c) Self-tanning
products for
the face
(d) Other self-
tanning
products","(a) 0,67 %
(as free
SO2)
(b) 6,7 %
(as free
SO2)
(c) 0,45 % (as
free SO2)
(d) 0,40 % (as
free SO2)","For purposes other than
inhibiting the development
of micro-organisms in the
product. This purpose has to
be apparent from the presentation of the product",,0
III,110,100,0,active,▼B,,201,"1-(4-Chlorophenyl)-
3-(3,4-dichlorophenyl)urea (12)",,Triclocarban,101-20-2,202-924-1,,Rinse-off products,"1,5 %","Purity criteria:
3,3',4,4'-Tetrachloroazobenzene ≤ 1 ppm
3,3',4,4'-Tetrachloroazoxybenzene ≤ 1 ppm
For purposes other than
inhibiting the development
of micro-organisms in the
product. This purpose has to
be apparent from the presentation of the product",,0
III,111,101,1,deleted,▼M42,,201,,,,,,,,,,,0
III,112,102,0,active,▼B,,"201,202","1,2-Dimethoxy-4-(2-
propenyl)-benzene",,Methyl eugenol,93-15-2,202-223-0,,"Fine fragrance
Eau de toilette
Fragrance cream
Other leave-on
products and oral
products
Rinse-off products","0,01 %
0,004 %
0,002 %
0,0002 %
0,001 %",,,0
III,113,103,0,active,▼M1,,202,"Abies alba oil and
extract",,"Abies Alba
Cone Oil;
Abies Alba
Cone Extract;
Abies Alba
Leaf Oil;
Abies Alba
Leaf Cera;
Abies Alba
Needle Extract;
Abies Alba
Needle Oil",90028-76-5,289-870-2,,,,"Peroxide value less than
10 mmoles/L (15)",,0
III,114,104,0,deleted,▼M1,,202,,,,,,,,,,,0
III,115,105,0,active,▼M1,,"202,203","Abies pectinata oil
and extract",,"Abies Pectinata
Oil;
Abies Pectinata
Leaf Extract;
Abies Pectinata
Needle Extract
Abies Pectinata
Needle Oil",92128-34-2,295-728-0,,,,"Peroxide value less than
10 mmoles/L (15)",,0
III,116,106,0,active,▼M1,,203,"Abies sibirica oil
and extract",,"Abies Sibirica
Oil;
Abies Sibirica
Needle Extract
Abies Sibirica
Needle Oil",91697-89-1,294-351-9,,,,"Peroxide value less than
10 mmoles/L (15)",,0
III,117,107,0,active,▼M1,,"203,204","Abies balsamea oil
and extract",,"Abies
Balsamea
Needle Oil;
Abies
Balsamea
Needle Extract
Abies
Balsamea
Resin;
Abies
Balsamea
Extract
Abies
Balsamea
Balsam Extract",85085-34-3,285-364-0,,,,"Peroxide value less than
10 mmoles/L (15)",,0
III,118,108,0,active,▼M1,,204,"Pinus mugo pumilio
oil and extract",,"Pinus Mugo
Pumilio Twig
Leaf Extract;
Pinus Mugo
Pumilio Twig
Leaf Oil",90082-73-8,290-164-1,,,,"Peroxide value less than
10 mmoles/L (15)",,0
III,119,109,0,active,▼M49,,204,"Pinus mugo leaf and
twig oil and
extract (38)",,"Pinus Mugo
Leaf Oil; Pinus
Mugo Twig
Leaf Extract;
Pinus Mugo
Twig Oil",90082-72-7,290-163-6,,,,"The presence of the
substance or substances
shall be indicated as ‘Pinus
Mugo’ in the list of
ingredients referred to in
Article 19(1), point (g),
when the concentration of
the substance or substances
exceeds:
— 0,001 % in leave-on
products
— 0,01 % in rinse-off
products.
The peroxide value shall be
less than 10 mmoles/L (15)",,0
III,120,110,0,active,▼M1,,205,"Pinus sylvestris oil
and extract",,"Pinus Sylvestris
Oil;
Pinus Sylvestris
Leaf extract;
Pinus Sylvestris
Leaf Oil;
Pinus Sylvestris
Leaf Water;
Pinus Sylvestris
Cone Extract;
Pinus Sylvestris
Bark Extract;
Pinus Sylvestris
Bud Extract
Pinus Sylvestris
Twig Leaf
Extract
Pinus Sylvestris
twig Leaf Oil",84012-35-1,281-679-2,,,,"Peroxide value less than
10 mmoles/L (15)",,0
III,121,111,0,active,▼M1,,205,"Pinus nigra oil and
extract",,"Pinus Nigra
Bud/Needle
Extract
Pinus Nigra
Twig Leaf
Extract
Pinus Nigra
Twig Leaf Oil",90082-74-9,290-165-7,,,,"Peroxide value less than
10 mmoles/L (15)",,0
III,122,112,0,active,▼M1,,206,"Pinus palustris oil
and extract",,"Pinus Palustris
Leaf Extract;
Pinus Palustris
Oil
Pinus Palustris
Twig Leaf
Extract
Pinus Palustris
Twig Leaf Oil","97435-14-8
/ 8002-09-3","306-895-7 /
—",,,,"Peroxide value less than
10 mmoles/L (15)",,1
III,123,113,0,active,▼M1,,206,"Pinus pinaster oil
and extract",,"Pinus Pinaster
Twig Leaf Oil;
Pinus Pinaster
Twig Leaf
Extract",90082-75-0,290-166-2,,,,"Peroxide value less than
10 mmoles/L (15)",,0
III,124,114,0,active,▼M49,,"206,207","Pinus pumila leaf
and twig oil and
extract (38)",,"Pinus Pumila
Needle Extract;
Pinus Pumila
Twig Leaf
Extract;
Pinus Pumila
Twig Leaf Oil",97676-05-6,307-681-6,,,,"The presence of the
substance or substances
shall be indicated as ‘Pinus
Pumila’ in the list of
ingredients referred to in
Article 19(1), point (g),
when the concentration of
the substance or substances
exceeds:
— 0,001 % in leave-on
products
— 0,01 % in rinse-off
products.
The peroxide value shall be
less than 10 mmoles/L (15)",,0
III,125,115,0,active,▼M1,,207,"Pinus species oil
and extract",,"Pinus Strobus
Bark Extract;
Pinus Strobus
Cone Extract;
Pinus Strobus
Twig Oil
Pinus Species
Twig Leaf
Extract
Pinus Species
Twig Leaf Oil",94266-48-5,304-455-9,,,,"Peroxide value less than
10 mmoles/L (15)",,0
III,126,116,0,active,▼M1,,207,"Pinus cembra oil
and extract",,"Pinus Cembra
Twig Leaf Oil
Pinus Cembra
Twig Leaf
Extract",92202-04-5,296-036-1,,,,"Peroxide value less than
10 mmoles/L (15)",,0
III,127,117,0,active,▼M1,,207,"Pinus cembra
extract acetylated",,"Pinus Cembra
Twig Leaf
Extract
Acetylated",94334-26-6,305-102-1,,,,"Peroxide value less than
10 mmoles/L (15)",,0
III,128,118,0,active,▼M1,,208,"Picea mariana oil
and extract",,"Picea Mariana
Leaf Extract;
Picea Mariana
Leaf Oil",91722-19-9,294-420-3,,,,"Peroxide value less than
10 mmoles/L (15)",,0
III,129,119,0,active,▼M1,,208,"Thuja occidentalis
oil and extract",,"Thuja Occidentalis Bark
Extract;
Thuja Occidentalis Leaf;
Thuja Occidentalis Leaf
Extract;
Thuja Occidentalis Leaf
Oil;
Thuja Occidentalis Stem
Extract;
Thuja Occidentalis Stem
Oil;
Thuja Occidentalis Root
Extract",90131-58-1,290-370-1,,,,"Peroxide value less than
10 mmoles/L (15)",,0
III,130,120,0,deleted,▼M1,,208,,,,,,,,,,,0
III,131,121,0,active,▼M1,,209,"3-Carene; 3,7,7-
Trimethylbicyclo
[4.1.0]hept-3-ene
(isodiprene)",,,13466-78-9,236-719-3,,,,"Peroxide value less than
10 mmoles/L (15)",,0
III,132,122,0,active,▼M49,,209,"Cedrus atlantica oil
and extract (38)",,"Cedrus
Atlantica Bark
Extract;
Cedrus
Atlantica Bark
Oil;
Cedrus
Atlantica Bark
Water;
Cedrus
Atlantica Leaf
Extract;
Cedrus
Atlantica Wood
Extract;
Cedrus
Atlantica Wood
Oil","92201-55-3/
8023-85-6","295-985-9/
-",,,,"The presence of the
substance or substances
shall be indicated as ‘Cedrus
Atlantica Oil/ Extract’ in the
list of ingredients referred to
in Article 19(1), point (g),
when the concentration of
the substance or substances
exceeds:
— 0,001 % in leave-on
products
— 0,01 % in rinse-off
products.
The peroxide value shall be
less than 10 mmoles/L (15)",,1
III,133,123,0,active,▼M1,,210,"Cupressus sempervirens oil and
extract",,"Cupressus
Sempervirens
Leaf Oil;
Cupressus
Sempervirens
Bark Extract;
Cupressus
Sempervirens
Cone Extract;
Cupressus
Sempervirens
Fruit Extract;
Cupressus
Sempervirens
Leaf Extract;
Cupressus
Sempervirens
Leaf/Nut/Stem
Oil;
Cupressus
Sempervirens
Leaf/Stem
Extract;
Cupressus
Sempervirens
Leaf Water;
Cupressus
Sempervirens
Seed Extract;
Cupressus
Sempervirens
Oil",84696-07-1,283-626-9,,,,"Peroxide value less than
10 mmoles/L (15)",,0
III,134,124,0,active,▼M49,,211,"Turpentine gum
(Pinus spp.);
Turpentine oil and
rectified oil;
Turpentine, steam
distilled (Pinus
spp.) (38)",,Turpentine,"9005-90-7;
8006-64-2;
8052-14-0","232-688-5;
232-350-7;
-",,,,"The presence of the
substance shall be indicated
in the list of ingredients
referred to in Article 19(1),
point (g), when its concentration exceeds:
— 0,001 % in leave-on
products
— 0,01 % in rinse-off
products.
The peroxide value for each
substance shall be less than
10 mmoles/L (15)",,0
III,135,125-126,1,deleted,▼M49,,211,,,,,,,,,,,0
III,136,127,0,active,▼M1,,211,"Terpene alcohols
acetates",,"Terpene
alcohols
acetates",69103-01-1,273-868-3,,,,"Peroxide value less than
10 mmoles/L (15)",,0
III,137,128,0,active,▼M1,,211,Terpene hydrocarbons,,Terpene hydrocarbons,68956-56-9,273-309-3,,,,"Peroxide value less than
10 mmoles/L (15)",,0
III,138,129,0,active,▼M1,,212,"Terpenes and
terpenoids with the
exception of
limonene (d-, l-, and
dl-isomers) listed
under reference
numbers 88, 167
and 168 of this
Annex III",,"Terpenes and
terpenoids",65996-98-7,266-034-5,,,,"Peroxide value less than
10 mmoles/L (15)",,0
III,139,130,0,active,▼M1,,212,"Terpenes and
terpenoids",,,68917-63-5,272-842-9,,,,"Peroxide value less than
10 mmoles/L (15)",,0
III,140,131,0,active,▼M49,,212,"p-Mentha-1,3-
diene (38)",,"Alpha-
Terpinene",99-86-5,202-795-1,,,,"The presence of the
substance shall be indicated
in the list of ingredients
referred to in Article 19(1),
point (g), when its concentration exceeds:
— 0,001 % in leave-on
products
— 0,01 % in rinse-off
products.
The peroxide value shall be
less than 10 mmoles/L (15)",,0
III,141,132,0,active,▼M1,,213,"gamma-Terpinene;
p-Mentha-1,4-diene",,"gamma-
Terpinene",99-85-4,202-794-6,,,,"Peroxide value less than
10 mmoles/L (15)",,0
III,142,133,0,active,▼M49,,213,"p-Mentha-1,4(8)-
diene (38)",,Terpinolene,586-62-9,209-578-0,,,,"The presence of the
substance shall be indicated
in the list of ingredients
referred to in Article 19(1),
point (g), when its concentration exceeds:
— 0,001 % in leave-on
products
— 0,01 % in rinse-off
products
The peroxide value shall be
less than 10 mmoles/L (15)",,0
III,143,134,0,active,▼M1,,213,"1,1,2,3,3,6-
Hexamethylindan-5-
yl methyl ketone",,"Acetyl
Hexamethyl
indan",15323-35-0,239-360-0,,"(a) Leave-on
products
(b) Rinse-off
products",(a) 2 %,,,0
III,144,135,0,active,▼M1,,214,"Allyl butyrate; 2-
Propenyl Butanoate",,Allyl butyrate,2051-78-7,218-129-8,,,,"Level of free allyl alcohol in
the ester shall be less than
0,1 %",,0
III,145,136,0,active,▼M1,,214,"Allyl cinnamate; 2-
Propenyl 3-Phenyl-
2-propenoate",,"Allyl
cinnamate",1866-31-5,217-477-8,,,,"Level of free allyl alcohol in
the ester shall be less than
0,1 %",,0
III,146,137,0,active,▼M1,,214,"Allyl cyclohexylacetate; 2-Propenyl
Cyclohexane acetate",,Allyl cyclohexylacetate,4728-82-9,225-230-0,,,,"Level of free allyl alcohol in
the ester shall be less than
0,1 %",,0
III,147,138,0,active,▼M1,,214,"Allyl cyclohexylpropionate; 2-
Propenyl 3-Cyclohexanepropanoate",,Allyl cyclohexylpropionate,2705-87-5,220-292-5,,,,"Level of free allyl alcohol in
the ester shall be less than
0,1 %",,0
III,148,139,0,active,▼M1,,214,"Allyl heptanoate; 2-
Propenyl heptanoate",,Allyl heptanoate,142-19-8,205-527-1,,,,"Level of free allyl alcohol in
the ester shall be less than
0,1 %",,0
III,149,140,0,active,▼M1,,215,Allyl hexanoate,,Allyl Caproate,123-68-2,204-642-4,,,,"Level of free allyl alcohol in
the ester shall be less than
0,1 %",,0
III,150,141,0,active,▼M1,,215,"Allyl isovalerate; 2-
Propenyl 3-Methylbutanoate",,"Allyl
isovalerate",2835-39-4,220-609-7,,,,"Level of free allyl alcohol in
the ester shall be less than
0,1 %",,0
III,151,142,0,active,▼M1,,215,"Allyl octanoate; 2-
Allyl caprylate",,"Allyl
octanoate",4230-97-1,224-184-9,,,,"Level of free allyl alcohol in
the ester shall be less than
0,1 %",,0
III,152,143,0,active,▼M1,,215,"Allyl phenoxyacetate; 2-Propenyl
Phenoxyacetate",,"Allyl
phenoxyacetate",7493-74-5,231-335-2,,,,"Level of free allyl alcohol in
the ester shall be less than
0,1 %",,0
III,153,144,0,active,▼M1,,215,"Allyl phenylacetate;
2-Propenyl Benzeneacetate",,"Allyl
phenylacetate",1797-74-6,217-281-2,,,,"Level of free allyl alcohol in
the ester shall be less than
0,1 %",,0
III,154,145,0,active,▼M1,,215,"Allyl 3,5,5-
trimethylhexanoate",,"Allyl 3,5,5-
trimethylhexanoate",71500-37-3,275-536-3,,,,"Level of free allyl alcohol in
the ester shall be less than
0,1 %",,0
III,155,146,0,active,▼M1,,215,Allyl cyclohexyloxyacetate,,Allyl cyclohexyloxyacetate,68901-15-5,272-657-3,,,,"Level of free allyl alcohol in
the ester shall be less than
0,1 %",,0
III,156,147,0,active,▼M1,,215,Allyl isoamyloxyacetate,,"Isoamyl
Allylglycolate",67634-00-8,266-803-5,,,,"Level of free allyl alcohol in
the ester shall be less than
0,1 %",,0
III,157,148,0,active,▼M1,,215,Allyl 2-methylbutoxyacetate,,"Allyl
2-methylbutoxyacetate",67634-01-9,266-804-0,,,,"Level of free allyl alcohol in
the ester shall be less than
0,1 %",,0
III,158,149,0,active,▼M1,,216,Allyl nonanoate,,"Allyl
nonanoate",7493-72-3,231-334-7,,,,"Level of free allyl alcohol in
the ester shall be less than
0,1 %",,0
III,159,150,0,active,▼M1,,216,Allyl propionate,,"Allyl
propionate",2408-20-0,219-307-8,,,,"Level of free allyl alcohol in
the ester shall be less than
0,1 %",,0
III,160,151,0,active,▼M1,,216,Allyl trimethylhexanoate,,Allyl trimethylhexanoate,68132-80-9,268-648-9,,,,"Level of free allyl alcohol in
the ester shall be less than
0,1 %",,0
III,161,151a,0,active,▼M1,,216,"Allyl phenethyl
ether",,"Allyl phenethyl
ether",14289-65-7,238-212-2,,,,"Level of free allyl alcohol in
the ether shall be less than
0,1 %",,0
III,162,152,0,active,▼M1,,216,"Allyl heptine
carbonate (allyl oct-
2-ynoate)",,"Allyl heptine
carbonate",73157-43-4,277-303-1,,,"0,002 %","This material shall not be
used in combination with
any other 2-alkynoic acid
ester (e.g. methyl heptine
carbonate)",,0
III,163,153,0,active,▼M1,,216,Amylcyclopentenone; 2-Pentylcyclopent-2-en-1-one,,Amylcyclopentenone,25564-22-1,247-104-4,,,"0,1 %",,,0
III,164,154,0,active,▼M49,,217,"Myroxylon
balsamum var.
pereirae; extracts
and distillates;
Balsam Peru oil,
absolute and
anhydrol (Balsam
Oil Peru) (38)",,"Myroxylon
Balsamum
Pereirae
Balsam
Extract;
Myroxylon
Balsamum
Pereirae
Balsam Oil;
Myroxylon
Pereirae Oil;
Myroxylon
Pereirae Resin
Extract;
Myroxylon
Pereirae Resin",8007-00-9,232-352-8,,,"0,4 %","The presence of the
substance or substances
shall be indicated as ‘Myroxylon Pereirae Oil/
Extract’ in the list of
ingredients referred to in
Article 19(1), point (g),
when the concentration of
the substance or substances
exceeds:
— 0,001 % in leave-on
products
— 0,01 % in rinse-off
products.",,0
III,165,155,0,active,▼M1,,217,"4-tert.-Butyldihydrocinnamaldehyde; 3-
(4-tert-Butylphenyl)
propionaldehyde",,"4-tert.-
Butyldihydrocinnamaldehyde",18127-01-0,242-016-2,,,"0,6 %",,,0
III,166,156,0,active,▼M1,,"217,218","Cuminum cyminum
oil and extract",,"Cuminum
Cyminum Fruit
Oil;
Cuminum
Cyminum Fruit
Extract;
Cuminum
Cyminum Seed
Oil;
Cuminum
Cyminum Seed
Extract;
Cuminum
Cyminum Seed
Powder",84775-51-9,283-881-6,,"(a) Leave-on
products
(b) Rinse-off
products","(a) 0,4 % of
Cumin oil",,,0
III,167,157,0,active,▼C13,,"218,219","1-(2,6,6-trimethyl-2-
cyclohexen-1-yl)-2-
buten-1-one (16) (38)
1-(2,6,6-Trimethyl
cyclohexa-1,3-dien-
1-yl)-2-buten-1-
one (16) (38)
1-(2,6,6-Trimethyl-
3-cyclohexen-1-yl)-
2-buten-1-
one (16) (38)
(Z)-1-(2,6,6-
trimethyl-1-cyclo
hexen-1-yl)-2-buten-
1-one (16) (38)
(E)-1-(2,6,6-
Trimethyl-1-cyclo
hexen-1-yl)-2-buten-
1-one (16) (38)",,"Alpha-
Damascone;
cis-Rose ket-
one 1
trans-Rose
ketone 1
Rose ketone 4
(Damascenone)
Rose ketone 3
(delta-
Damascone)
trans-Rose
ketone 3
cis-Rose
ketone 2
(cis-beta-
Damascone)
trans-Rose
ketone 2
(trans-beta-
Damascone)","43052-87-5/
23726-94-5
24720-09-0
23696-85-7
57378-68-4
71048-82-3
23726-92-3
23726-91-2","-/
245-845-8
246-430-4
245-833-2
260-709-8
275-156-8
245-843-7
245-842-1",,"(a) Oral products
(b) Other products","(b) 0,02 %","(a) (b)
The presence of the
substance or substances
shall be indicated as ‘Rose
Ketones’ in the list of
ingredients referred to in
Article 19(1), point (g),
when the concentration of
the substance or substances
exceeds:
— 0,001 % in leave-on
products
— 0,01 % in rinse-off
products.",,1
III,168,158,1,deleted,▼M49,,219,,,,,,,,,,,0
III,169,159,0,active,▼M1,,219,"trans-Rose ketone-
5 (16); (E)-1-(2,4,4-
Trimethyl-2-cyclohexen-1-yl)-2-buten-
1-one (Isodamascone)",,"trans-Rose
ketone-5",39872-57-6,254-663-8,,,"0,02 %",,,0
III,170,160-163,1,deleted,▼M49,,219,,,,,,,,,,,0
III,171,164,0,active,▼M1,,219,"Rose ketone-5 (16);
1-(2,4,4-Trimethyl-
2-cyclohexen-1-yl)-
2-buten-1-one",,Rose ketone-5,33673-71-1,251-632-0,,,"0,02 %",,,0
III,172,165,1,deleted,▼M49,,220,,,,,,,,,,,0
III,173,166,0,active,▼M1,,220,trans-2-hexenal,,trans-2-hexenal,6728-26-3,229-778-1,,"(a) Oral products
(b) Other products","(b) 0,002 %",,,0
III,174,167-168,1,deleted,▼M49,,220,,,,,,,,,,,0
III,175,169,0,active,▼M1,,220,"p-Mentha-1,8-dien-
7-al",,Perillaldehyde,2111-75-3,218-302-8,,"(a) Oral products
(b) Other products","(b) 0,1 %",,,0
III,176,170,0,active,▼M1,,220,"Isobergamate;
Menthadiene-7-
methyl formate",,Isobergamate,68683-20-5,272-066-0,,,"0,1 %",,,0
III,177,171,0,active,▼M1,,220,"Methoxy dicyclopentadiene carboxaldehyde;
Octahydro-5-
methoxy-4,7-
Methano-1H-indene-
2-carboxaldehyde",,Scentenal,86803-90-9,—,,,"0,5 %",,,0
III,178,172,0,active,▼M1,,220,"3-Methylnon-2-
enenitrile",,"3-Methylnon-2-
enenitrile",53153-66-5,258-398-9,,,"0,2 %",,,0
III,179,173,0,active,▼M1,,221,"Methyl octine
carbonate; Methyl
non-2-ynoate",,"Methyl octine
carbonate",111-80-8,203-909-2,,"(a) Oral products
(b) Other products","(b) 0,002 %
when used
alone.
When
present in
combination
with methyl
heptine
carbonate,
the
combined
level in the
finished
product
shall not
exceed
0,01 % (of
which
methyl
octine
carbonate
shall not be
more than
0,002 %)",,,0
III,180,174,0,active,▼M1,,221,"Amylvinylcarbinyl
acetate; 1-Octen-3-
yl acetate",,"Amylvinylcarbinyl
acetate",2442-10-6,219-474-7,,"(a) Oral products
(b) Other products","(b) 0,3 %",,,0
III,181,175,0,active,▼M49,,222,"3-Propylidene-1
(3H)-isobenzofuranone;
3-Propylidenephthalide (38)",,3-Propylidenephthalide,17369-59-4,241-402-8,,"(a) Oral products
(b) Other products","b) 0,01 %","(a)
The presence of the
substance shall be indicated
in the list of ingredients
referred to in Article 19(1),
point (g), when its concentration exceeds:
— 0,001 % in leave-on
products
— 0,01 % in rinse-off
products.",,0
III,182,176,0,active,▼M1,,222,"Isocyclogeraniol;
2,4,6-Trimethyl-3-
cyclohexene-1-
methanol",,Isocyclogeraniol,68527-77-5,271-282-2,,,"0,5 %",,,0
III,183,177,0,active,▼M1,,222,2-Hexylidene cyclopentanone,,"2-Hexylidene
cyclopentanone",17373-89-6,241-411-7,,"(a) Oral products
(b) Other products","(b) 0,06 %",,,0
III,184,178,0,active,▼M1,,223,"Methyl heptadienone; 6-Methyl-
3,5-heptadien-2-one",,Methyl heptadienone,1604-28-0,216-507-7,,"(a) Oral products
(b) Other products","(b) 0,002 %",,,0
III,185,179,0,active,▼M1,,223,"p-methylhydrocinnamic aldehyde;
Cresylpropionaldehyde; p-Methyldihydrocinnamaldehyde",,"p-methylhydrocinnamic
aldehyde",5406-12-2,226-460-4,,,"0,2 %",,,0
III,186,180,0,active,▼M1,,223,"Liquidambar
orientalis oil and
extract (styrax)",,"Liquidambar
Orientalis
Resin Extract;
Liquidambar
Orientalis
Balsam
Extract;
Liquidambar
Orientalis
Balsam Oil",94891-27-7,305-627-6,,,"0,6 %",,,0
III,187,181,0,active,▼M1,,223,"Liquidambar
styraciflua oil and
extract (styrax)",,"Liquidambar
Styraciflua Oil;
Liquidambar
Styraciflua
Balsam
Extract;
Liquidambar
Styraciflua
Balsam Oil","8046-19-3
94891-28-8","232-458-4
305-628-1",,,"0,6 %",,,0
III,188,182,0,active,▼M1,,224,"1-(5,6,7,8-
Tetrahydro-
3,5,5,6,8,8,-
hexamethyl-2-
naphthyl)ethan-1-
one (AHTN)",,"Acetyl
hexamethyl
tetralin","21145-77-7
/ 1506-02-1","244-240-6 /
216-133-4",,"All cosmetic
products with the
exception of oral
products","(a) leave-on
products:
0,1 %
except:
hydroalcoholic
products:
1 %
fine
fragrance:
2,5 %
fragrance
cream: 0,5 %
(b) rinse-off
products:
0,2 %",,,0
III,189,183,0,active,▼M1,,224,"Commiphora
erythrea Engler var.
glabrescens Engler
gum extract and oil",,Opoponax oil,93686-00-1,297-649-7,,,"0,6 %",,,0
III,190,184,0,active,▼M1,,224,"Opopanax
chironium resin",,,93384-32-8,,,,"0,6 %",,,0
III,191,185,0,active,▼M1,,224,"Benzene, methyl-",,Toluene,108-88-3,203-625-9,,Nail products,25 %,,"Keep out of reach of children
To be used by adults only",0
III,192,186,0,active,▼M1,,225,"2,2′-oxydiethanol
Diethylene glycol
(DEG)",,"Diethylene
glycol",111-46-6,203-872-2,,"As traces in
ingredients","0,1 %",,,0
III,193,187,0,active,▼M1,,225,"Diethylene glycol
monobutyl ether
(DEGBE)",,Butoxydiglycol,112-34-5,203-961-6,,"Solvent in hair dye
products",9 %,"No use in aerosol dispensers
(sprays)",,0
III,194,188,0,active,▼M1,,225,"Ethylene glycol
monobutyl ether
(EGBE)",,Butoxyethanol,111-76-2,203-905-0,,"(a) Solvent in
oxidative hair
dye products
(b) Solvent in non-
oxidative hair
dye products","(a) 4,0 %
(b) 2,0 %","(a) (b)
No use in aerosol dispensers
(sprays)",,0
III,195,189,0,active,▼M1,,225,"Trisodium 5-
hydroxy-1-(4-
sulphophenyl)-4-(4-
sulphophenylazo)
pyrazole-3-
carboxylate and
aluminium lake (17);
(CI 19140)",,"Acid
Yellow 23;
Acid Yellow
23 Aluminum
lake","1934-21-0 /
12225-21-7","217-699-5 /
235-428-9",,"Hair dye substance
in non-oxidative
hair dye products","0,5 %",,,0
III,196,190,0,active,▼M1,,226,"Benzenemethanaminium, N-ethyl-N-
[4-[[4-[ethyl-[(3-
sulfophenyl)-
methyl]-amino]-
phenyl](2-sulfophenyl)methylene]-
2,5-cyclohexadien-
1-ylidene]-3-sulfo,
inner salts, disodium
salt and its
ammonium and
aluminium salts (17);
(CI 42090)",,"Acid Blue 9;
Acid Blue 9
Ammonium
Salt;
Acid Blue 9
Aluminum
Lake","3844-45-9 /
2650-18-2 /
68921-42-6","223-339-8 /
220-168-0 /
272-939-6",,"Hair dye substance
in non-oxidative
hair dye products","0,5 %",,,0
III,197,191,0,active,▼M1,,226,"Disodium 6-
hydroxy-5-[(2-
methoxy-4-
sulphonato-m-tolyl)
azo]naphthalene-2-
sulphonate (17); (CI
16035)",,Curry Red,25956-17-6,247-368-0,,"Hair dye substance
in non-oxidative
hair dye products","0,4 %",,,0
III,198,192,0,active,▼M1,,226,"Trisodium 1-(1-
naphthylazo)-2-
hydroxynaphthalene-4′,6,8-trisulphonate and
aluminium lake (17);
(CI 16255)",,"Acid Red 18;
Acid Red 18
Aluminum
Lake","2611-82-7 /
12227-64-4","220-036-2 /
235-438-3",,"Hair dye substance
in non-oxidative
hair dye products","0,5 %",,,0
III,199,193,0,active,▼M1,,227,"Hydrogen 3,6-bis
(diethylamino)-9-
(2,4-disulphonatophenyl)xanthylium,
sodium salt (17); (CI
45100)",,Acid Red 52,3520-42-1,222-529-8,,"(a) Hair dye
substance in
oxidative hair
dye products
(b) Hair dye
substance in
non-oxidative
hair dye
products","(b) 0,6 %","(a) After mixing under
oxidative conditions the
maximum concentration
applied to hair must not
exceed 1,5 %.","(a) To be printed on the label:
The mixing ratio.
‘ Hair colourants can cause
severe allergic reactions.
Read and follow instructions.
This product is not intended for
use on persons under the age
of 16.
Temporary “black henna” tattoos
may increase your risk of allergy.
Do not colour your hair if:
— you have a rash on your face
or sensitive, irritated and
damaged scalp,
— you have ever experienced
any reaction after colouring
your hair,
— you have experienced a
reaction to a temporary
“black henna” tattoo in the
past.’",0
III,200,194,0,active,▼M1,,227,Glyoxal,,Glyoxal,107-22-2,203-474-9,,,100 mg/kg,,,0
III,201,195,0,active,▼M1,,228,"Sodium 1-amino-4-
(cyclohexylamino)-
9,10-dihydro-9,10-
dioxoanthracene-2-
sulphonate (17); (CI
62045)",,Acid Blue 62,4368-56-3,224-460-9;,,"Hair dye substance
in non-oxidative
hair dye products","0,5 %","— Do not use with nitrosating agents
— Maximum nitrosamine
content: 50 μg /kg
— Keep in nitrite-free
containers",,0
III,202,196,0,active,▼M49,,228,"Verbena
absolute (38) (39)",,"Lippia
citriodora
absolute","8024-12-2/
85116-63-8","-
285-515-0",,,"0,2 %","The presence of the
substance shall be indicated
in the list of ingredients
referred to in Article 19(1),
point (g), when its concentration exceeds:
— 0,001 % in leave-on
products
— 0,01 % in rinse-off
products.",,1
III,203,197,0,active,▼M1,,228,"Ethyl-N-alpha-
dodecanoyl-L-
arginate hydrochloride (18)",,"Ethyl Lauroyl
Arginate HCl",60372-77-2,434-630-6,,"(a) soap
(b) anti-dandruff
shampoos
(c) deodorants, not
in form of
spray","0,8 %","For purposes other than
inhibiting the development
of micro-organisms in the
product. This purpose has to
be apparent from the presentation of the product",,0
III,204,198,0,active,▼M3,,229,"2,2'-[(4-Aminophenyl)imino]bis(ethanol) sulphate",,"N,N-bis(2-
Hydroxyethyl)-
p-Phenylenediamine Sulfate",54381-16-7,259-134-5,,"Hair dye
substance in
oxidative hair dye
products",,"After mixing under
oxidative conditions the
maximum concentration
applied to hair must not
exceed 2,5 % (calculated as
sulphate)
— Do not use with nitrosating agents
— Maximum nitrosamine
content: 50 μg/kg
— Keep in nitrite-free
containers","To be printed on the label:
The mixing ratio.
‘ Hair colorants can cause severe
allergic reactions.
Read and follow instructions.
This product is not intended for use
on persons under the age of 16.
Temporary “black henna” tattoos
may increase your risk of allergy.
Do not colour your hair if:
— you have a rash on your face or
sensitive, irritated and damaged
scalp,
— you have ever experienced any
reaction after colouring your
hair,
— you have experienced a reaction
to a temporary “black henna”
tattoo in the past.’",1
III,205,199,0,active,▼M3,,230,"1,3-Benzenediol, 4-
chloro-",,4-Chlororesorcinol,95-88-5,202-462-0,,"Hair dye
substance in
oxidative hair dye
products",,"After mixing under
oxidative conditions the
maximum concentration
applied to hair must not
exceed 2,5 %","To be printed on the label:
The mixing ratio.
‘ Hair colorants can cause severe
allergic reactions.
Read and follow instructions.
This product is not intended for use
on persons under the age of 16.
Temporary “black henna” tattoos
may increase your risk of allergy.
Do not colour your hair if:
— you have a rash on your face or
sensitive, irritated and damaged
scalp,
— you have ever experienced any
reaction after colouring your
hair,
— you have experienced a reaction
to a temporary “black henna”
tattoo in the past.’",0
III,206,200,0,active,▼M18,,"231,232","2,4,5,6-Tetraaminopyrimidine
sulphate",,"Tetraaminopyrimidine
Sulfate",5392-28-9,226-393-0,,"(a) Hair dye
substance in
oxidative hair
dye products
(b) Hair dye
substance in
non-oxidative
hair dye
products
(c) Products
intended for
colouring
eyelashes","(b) 3,4 % (calculated as
sulfate)","(a) (c) After mixing under
oxidative conditions
the maximum
concentration
applied to hair or
eyelashes must not
exceed 3,4 % (calculated as sulfate)
(c) Professional use","(a) To be printed on the label:
The mixing ratio.
‘ Hair colourants can cause
severe allergic reactions.
Read and follow instructions.
This product is not intended for
use on persons under the age
of 16.
Temporary “black henna”
tattoos may increase your risk
of allergy.
Do not colour your hair if:
— you have a rash on your
face or sensitive, irritated
and damaged scalp,
— you have ever experienced
any reaction after colouring
your hair,
— you have experienced a
reaction to a temporary
“black henna” tattoo in the
past.’
(c) As from 3 March 2018, to be
printed on the label:
The mixing ratio.
‘ This product can cause
severe allergic reactions. Read
and follow instructions.
This product is not intended for
use on persons under the age of
16. Temporary “black henna”
tattoos may increase the risk of
allergy.
Eyelashes shall not be coloured
if the consumer:
— has a rash on the face or
sensitive, irritated and
damaged scalp,
— has experienced any reaction
after colouring hair or
eyelashes,
— has experienced a reaction to
a temporary “black henna”
tattoo in the past.
For professional use only.
Rinse eyes immediately if
product comes into contact with
them’.",0
III,207,201,0,active,▼M1,,233,"Phenol, 2-Chloro-6-
(ethylamino)-4-
nitro-",,"2-Chloro-6-
ethylamino-4-
nitrophenol",131657-78-8,411-440-1,,"(a) Hair dye
substance in
oxidative hair
dye products
(b) Hair dye
substance in
non-oxidative
hair dye
products","(b) 3,0 %","(a) After mixing under
oxidative conditions the
maximum concentration
applied to hair must not
exceed 1,5 %
(a) and (b):
— Do not use with nitrosating agents
— Maximum nitrosamine
content: 50 μg /kg
— Keep in nitrite-free
containers","(a) To be printed on the label:
The mixing ratio.
‘ Hair colourants can cause
severe allergic reactions.
Read and follow instructions.
This product is not intended for
use on persons under the age
of 16.
Temporary “black henna”
tattoos may increase your risk
of allergy.
Do not colour your hair if:
— you have a rash on your face
or sensitive, irritated and
damaged scalp,
— you have ever experienced
any reaction after colouring
your hair,
— you have experienced a
reaction to a temporary
“black henna” tattoo in the
past.’",0
III,208,202,0,active,▼M1,,233,See 226,,,,,,,,,,0
III,209,203,0,active,▼M1,►M4,"234,235,236","6-Methoxy-N2-
methyl-2,3-pyridinediamine hydrochloride and dihydrochloride salt (17)",,"6-Methoxy-2-
Methylamino-
3-Aminopyridine HCl","90817-34-8 /
83732-72-3",–/280-622-9,,"(a) Hair dye
substance in
oxidative hair
dye products
►M4 (b) Hair
dye
substance in
non-
oxidative hair
dye
products
►M4 (c) Products
intended
for
colouring
eyelashes","(b) 0,68 % as
free base
(1,0 % as
dihydrochloride)","For (a) and (c): After mixing
under oxidative conditions
the maximum concentration
applied to hair or eyelashes
must not exceed 0,68 %
calculated as free base (1,0 %
as dihydrochloride). ◄
For (a) (b) and (c):
— Do not use with nitrosating agents
— Maximum nitrosamine
content: 50 μg /kg
— Keep in nitrite-free
containers ◄
(c) For professional use
only. ◄","►M4 (a) To be printed on the
label:
The mixing ratio.
‘ Hair colorants can
cause severe allergic
reactions.
Read and follow instructions.
This product is not
intended for use on
persons under the age
of 16.
Temporary “black
henna” tattoos may
increase your risk of
allergy.
Do not colour your hair
if:
— you have a rash on
your face or
sensitive, irritated
and damaged scalp,
— you have ever
experienced any
reaction after
colouring your hair,
— you have experienced
a reaction to a
temporary “black
henna” tattoo in the
past.’ ◄
►M4 (b) Can cause allergic reac-
tion ◄
►M4 (c) To be printed on the
label:
The mixing ratio.
‘For professional use
only.
This product can
cause severe allergic
reactions.
Read and follow instructions.
This product is not
intended for use on
persons under the age
of 16.
Temporary “black
henna” tattoos may
increase the risk of
allergy.
Eyelashes shall not be
coloured if the
consumer:
— has a rash on the face
or sensitive, irritated
and damaged scalp,
— has experienced any
reaction after
colouring hair or
eyelashes,
— has experienced a
reaction to a
temporary “black
henna” tattoo in the
past.
Rinse eyes immediately
if product comes into
contact with them.’ ◄",0
III,210,204,0,active,▼M1,,236,"2,3-Dihydro-1H-
indole-5,6-diol and
its hydrobromide
salt (17)",,"Dihydroxy
indoline
Dihydroxy
indoline HBr","29539-03-5
/ 138937-
28-7","— / 421-
170-6",,"Hair dye substance
in non-oxidative
hair dye products","2,0 %",,Can cause allergic reaction,1
III,211,205,0,active,▼M1,,236,See 219,,,,,,,,,,0
III,212,206,0,active,▼M18,,"237,238","3-(2-Hydroxyethyl)-
p-phenylenediammonium sulphate",,"Hydroxyethyl-
p- Phenylenediamine Sulfate",93841-25-9,298-995-1,,"(a) Hair dye
substance in
oxidative hair
dye products
(b) Products
intended for
colouring
eyelashes",,"(a) After mixing under
oxidative conditions the
maximum concentration
applied to hair must not
exceed 2,0 % (calculated as sulphate)
(b) After mixing under
oxidative conditions the
maximum concentration
applied to eyelashes
must not exceed 1,75 %
(calculated as free base)
(b) Professional use","(a) To be printed on the label: The
mixing ratio.
‘ Hair colourants can cause
severe allergic reactions.
Read and follow instructions.
This product is not intended for
use on persons under the age
of 16.
Temporary “black henna”
tattoos may increase your risk
of allergy.
Do not colour your hair if:
— you have a rash on your
face or sensitive, irritated
and damaged scalp,
— you have ever experienced
any reaction after colouring
your hair,
— you have experienced a
reaction to a temporary
“black henna” tattoo in the
past.’
(b) As from 3 March 2018, to be
printed on the label: The
mixing ratio.
‘ This product can cause
severe allergic reactions. Read
and follow instructions.
This product is not intended for
use on persons under the age of
16. Temporary “black henna”
tattoos may increase the risk of
allergy.
Eyelashes shall not be coloured
if the consumer:
— has a rash on the face or
sensitive, irritated and
damaged scalp,
— has experienced any
reaction after colouring
hair or eyelashes,
— has experienced a reaction
to a temporary “black
henna” tattoo in the past.
For professional use only.
Rinse eyes immediately if
product comes into contact with
them’.",0
III,213,207,0,active,▼M3,,239,"1H-Indole-5,6-diol",,Dihydroxyindole,3131-52-0,412-130-9,,"(a) Hair dye
substance in
oxidative hair
dye products
(b) Hair dye
substance in
non-oxidative
hair dye
products","(b) 0,5 %","(a) After mixing under
oxidative conditions the
maximum concentration
applied to hair must not
exceed 0,5 %","(a) To be printed on the label:
The mixing ratio.
For (a) and (b):
‘ Hair colorants can cause
severe allergic reactions.
Read and follow instructions.
This product is not intended for
use on persons under the age
of 16.
Temporary “black henna”
tattoos may increase your risk
of allergy.
Do not colour your hair if:
— you have a rash on your face
or sensitive, irritated and
damaged scalp,
— you have ever experienced
any reaction after colouring
your hair,
— you have experienced a
reaction to a temporary
“black henna” tattoo in the
past.’",0
III,214,208,0,active,▼M3,,240,"5-Amino-4-chloro-
2-methylphenol
hydrochloride",,"5-Amino-4-
Chloro-o-
Cresol HCl",110102-85-7,,,"Hair dye
substance in
oxidative hair dye
products",,"After mixing under
oxidative conditions the
maximum concentration
applied to hair must not
exceed 1,5 % (calculated as
hydrochloride)","To be printed on the label:
The mixing ratio.
‘ Hair colorants can cause severe
allergic reactions.
Read and follow instructions.
This product is not intended for use
on persons under the age of 16.
Temporary “black henna” tattoos
may increase your risk of allergy.
Do not colour your hair if:
— you have a rash on your face or
sensitive, irritated and damaged
scalp,
— you have ever experienced any
reaction after colouring your
hair,
— you have experienced a reaction
to a temporary “black henna”
tattoo in the past.’",0
III,215,209,0,active,▼M3,,"240,241",1H-Indol-6-ol,,6-Hydroxyindole,2380-86-1,417-020-4,,"Hair dye
substance in
oxidative hair dye
products",,"After mixing under
oxidative conditions the
maximum concentration
applied to hair must not
exceed 0,5 %","To be printed on the label:
The mixing ratio.
‘ Hair colorants can cause severe
allergic reactions.
Read and follow instructions.
This product is not intended for use
on persons under the age of 16.
Temporary “black henna” tattoos
may increase your risk of allergy.
Do not colour your hair if:
— you have a rash on your face or
sensitive, irritated and damaged
scalp,
— you have ever experienced any
reaction after colouring your
hair,
— you have experienced a reaction
to a temporary “black henna”
tattoo in the past.’",0
III,216,210,0,active,▼M3,,"241,242","1H-Indole-2,3-
Dione",,Isatin,91-56-5,202-077-8,,"Hair dye substance
in non-oxidative
hair dye products","1,6 %",,"‘ Hair colorants can cause severe
allergic reactions.
Read and follow instructions.
This product is not intended for use
on persons under the age of 16.
Temporary “black henna” tattoos
may increase your risk of allergy.
Do not colour your hair if:
— you have a rash on your face or
sensitive, irritated and damaged
scalp,
— you have ever experienced any
reaction after colouring your
hair,
— you have experienced a reaction
to a temporary “black henna”
tattoo in the past.’",0
III,217,211,0,active,▼M18,,"242,243",2-Aminopyridin-3-ol,,"2-Amino-3-
Hydroxypyridine",16867-03-1,240-886-8,,"(a) Hair dye
substance in
oxidative hair
dye products
(b) Products
intended for
colouring
eyelashes",,"(a) After mixing under
oxidative conditions the
maximum concentration
applied to hair must not
exceed 1,0 %
(b) After mixing under
oxidative conditions the
maximum concentration
applied to eyelashes
must not exceed 0,5 %
(b) Professional use","(a) To be printed on the label: The
mixing ratio.
‘ Hair colourants can cause
severe allergic reactions.
Read and follow instructions.
This product is not intended for
use on persons under the age
of 16.
Temporary “black henna”
tattoos may increase your risk
of allergy.
Do not colour your hair if:
— you have a rash on your face
or sensitive, irritated and
damaged scalp,
— you have ever experienced
any reaction after colouring
your hair,
— you have experienced a
reaction to a temporary
b“lack henna” tattoo in the
past.’
(b) As from 3 March 2018, to be
printed on the label: The
mixing ratio.
‘ This product can cause
severe allergic reactions. Read
and follow instructions.
This product is not intended for
use on persons under the age of
16. Temporary “black henna”
tattoos may increase the risk of
allergy.
Eyelashes shall not be coloured
if the consumer:
— has a rash on the face or
sensitive, irritated and
damaged scalp,
— has experienced any reaction
after colouring hair or
eyelashes,
— has experienced a reaction
to a temporary “black
henna” tattoo in the past.
For professional use only.
Rinse eyes immediately if
product comes into contact with
them’.",0
III,218,212,0,active,▼M3,,244,"2-Methyl-1-naphthyl
acetate",,"1-Acetoxy-2-
Methylnaphthalene",5697-02-9,454-690-7,,"Hair dye
substance in
oxidative hair dye
products",,"After mixing under
oxidative conditions the
maximum concentration
applied to hair must not
exceed 2,0 % (When both 2-
Methyl-1-Naphthol and 1-
Acetoxy-2-Methylnaphthalene are present in a hair
dye formulation, the
maximum concentration on
the head of 2-Methyl-1-
Naphthol should not exceed
2,0 %).","To be printed on the label:
The mixing ratio.
‘ Hair colorants can cause severe
allergic reactions.
Read and follow instructions.
This product is not intended for use
on persons under the age of 16.
Temporary “black henna” tattoos
may increase your risk of allergy.
Do not colour your hair if:
— you have a rash on your face or
sensitive, irritated and damaged
scalp,
— you have ever experienced any
reaction after colouring your
hair,
— you have experienced a reaction
to a temporary “black henna”
tattoo in the past.’",0
III,219,213,0,active,▼M3,,245,"1-Hydroxy-2-
methylnaphthalene",,"2-Methyl-1-
Naphthol",7469-77-4,231-265-2,,"Hair dye
substance in
oxidative hair dye
products",,"After mixing under
oxidative conditions the
maximum concentration
applied to hair must not
exceed 2,0 % (When both 2-
Methyl-1-Naphthol and 1-
Acetoxy-2-Methylnaphthalene are present in a hair
dye formulation, the
maximum concentration on
the head of 2-Methyl-1-
Naphthol should not exceed
2,0 %.)","To be printed on the label:
The mixing ratio.
‘ Hair colorants can cause severe
allergic reactions.
Read and follow instructions.
This product is not intended for use
on persons under the age of 16.
Temporary “black henna” tattoos
may increase your risk of allergy.
Do not colour your hair if:
— you have a rash on your face or
sensitive, irritated and damaged
scalp,
— you have ever experienced any
reaction after colouring your
hair,
— you have experienced a reaction
to a temporary “black henna”
tattoo in the past.’",0
III,220,214,0,active,▼M3,,246,"Disodium 5,7-
dinitro-8-oxido-2-
naphthalenesulfonate CI 10316",,Acid Yellow 1,846-70-8,212-690-2,,"(a) Hair dye
substance in
oxidative hair
dye products
(b) Hair dye
substance in
non-oxidative
hair dye
products","(b) 0,2 %","(a) After mixing under
oxidative conditions the
maximum concentration
applied to hair must not
exceed 1,0 %","(a) To be printed on the label:
The mixing ratio.
For (a) and (b):
‘ Hair colorants can cause
severe allergic reactions.
Read and follow instructions.
This product is not intended for
use on persons under the age
of 16.
Temporary “black henna”
tattoos may increase your risk
of allergy.
Do not colour your hair if:
— you have a rash on your
face or sensitive, irritated
and damaged scalp,
— you have ever experienced
any reaction after colouring
your hair,
— you have experienced a
reaction to a temporary
“black henna” tattoo in the
past.’",0
III,221,215,0,active,▼M1,,"247,248",4-Amino-3-nitrophenol,,"4-Amino-3-
nitrophenol",610-81-1,210-236-8,,"(a) Hair dye
substance in
oxidative hair
dye products
(b) Hair dye
substance in
non-oxidative
hair dye
products","(b) 1,0 %","(a) After mixing under
oxidative conditions the
maximum concentration
applied to hair must not
exceed 1,5 %","(a) To be printed on the label:
The mixing ratio.
‘ Hair colourants can cause
severe allergic reactions.
Read and follow instructions.
This product is not intended for
use on persons under the age
of 16.
Temporary “black henna”
tattoos may increase your risk
of allergy.
Do not colour your hair if:
— you have a rash on your
face or sensitive, irritated
and damaged scalp,
— you have ever experienced
any reaction after colouring
your hair,
— you have experienced a
reaction to a temporary
“black henna” tattoo in the
past.’
(b) ‘ Hair colourants can cause
severe allergic reactions.
Read and follow instructions.
This product is not intended for
use on persons under the age
of 16.
Temporary “black henna”
tattoos may increase your risk
of allergy.
Do not colour your hair if:
— you have a rash on your
face or sensitive, irritated
and damaged scalp,
— you have ever experienced
any reaction after colouring
your hair,
— you have experienced a
reaction to a temporary
“black henna” tattoo in the
past.’",0
III,222,216,0,active,▼M1,,249,"Naphthalene-2,7-
diol",,"2,7-Naphthalenediol",582-17-2,209-478-7,,"(a) Hair dye
substance in
oxidative hair
dye products
(b) Hair dye
substance in
non-oxidative
hair dye
products","(b) 1,0 %","(a) After mixing under
oxidative conditions the
maximum concentration
applied to hair must not
exceed 1,0 %","(a) To be printed on the label:
The mixing ratio.
‘ Hair colourants can cause
severe allergic reactions.
Read and follow instructions.
This product is not intended for
use on persons under the age
of 16.
Temporary “black henna”
tattoos may increase your risk
of allergy.
Do not colour your hair if:
— you have a rash on your
face or sensitive, irritated
and damaged scalp,
— you have ever experienced
any reaction after colouring
your hair,
— you have experienced a
reaction to a temporary
“black henna” tattoo in the
past.’",0
III,223,217,0,active,▼M1,►M4,"250,251,252","m-Aminophenol and
its salts",,"m-Aminophenol
m-Aminophenol HCl
m-Aminophenol sulfate","591-27-5 /
51-81-0 /
68239-81-6
/38171-54-9","209-711-2 /
200-125-2 /
269-475-1",,"(a) Hair dye
substance in
oxidative hair
dye products
►M4 (b) Products
intended
for
colouring
eyelashes",,"For (a) and (b): After
mixing under oxidative
conditions the maximum
concentration applied to hair
or eyelashes must not
exceed 1,2 % ◄
(b) For professional use
only. ◄","►M4 (a) To be printed on the
label:
The mixing ratio.
‘ Hair colorants can
cause severe allergic
reactions.
Read and follow instructions.
This product is not
intended for use on
persons under the age
of 16.
Temporary “black
henna” tattoos may
increase your risk of
allergy.
Do not colour your hair
if:
— you have a rash on
your face or
sensitive, irritated
and damaged scalp,
— you have ever
experienced any
reaction after
colouring your hair,
— you have experienced
a reaction to a
temporary “black
henna” tattoo in the
past.’ ◄
►M4 (b) To be printed on the
label:
The mixing ratio.
‘For professional use
only.
This product can
cause severe allergic
reactions.
Read and follow instructions.
This product is not
intended for use on
persons under the age
of 16.
Temporary “black
henna” tattoos may
increase the risk of
allergy.
Eyelashes shall not be
coloured if the
consumer:
— has a rash on the face
or sensitive, irritated
and damaged scalp,
— has experienced any
reaction after
colouring hair or
eyelashes,
— has experienced a
reaction to a
temporary “black
henna” tattoo in the
past.
Rinse eyes immediately
if product comes into
contact with them.’ ◄",1
III,224,218,0,active,▼M1,,"252,253","6-Hydroxy-3,4-
dimethyl-2-pyridone",,"2,6-Dihydroxy-
3,4-dimethylpyridine",84540-47-6,283-141-2,,"Hair dye
substance in
oxidative hair dye
products",,"After mixing under
oxidative conditions the
maximum concentration
applied to hair must not
exceed 1,0 %","To be printed on the label:
The mixing ratio.
‘ Hair colourants can cause
severe allergic reactions.
Read and follow instructions.
This product is not intended for use
on persons under the age of 16.
Temporary “black henna” tattoos
may increase your risk of allergy.
Do not colour your hair if:
— you have a rash on your face or
sensitive, irritated and damaged
scalp,
— you have ever experienced any
reaction after colouring your
hair,
— you have experienced a reaction
to a temporary “black henna”
tattoo in the past.’",0
III,225,219,0,active,▼M1,,253,"1-Hydroxy-3-nitro-
4-(3-hydroxypropylamino)benzene (17)",,"4-Hydroxypropylamino-3-
nitrophenol",92952-81-3,406-305-9,,"(a) Hair dye
substance in
oxidative hair
dye products
(b) Hair dye
substance in
non-oxidative
hair dye
products","(b) 2,6 %","(a) After mixing under
oxidative conditions the
maximum concentration
applied to hair must not
exceed 2,6 % calculated
as free base.
For (a) and (b):
— Do not use with nitrosating agents
— Maximum nitrosamine
content: 50 μg /kg
— Keep in nitrite-free
containers","(a) To be printed on the label:
The mixing ratio.
‘ Hair colourants can cause
severe allergic reactions.
Read and follow instructions.
This product is not intended for
use on persons under the age
of 16.
Temporary “black henna”
tattoos may increase your risk
of allergy.
Do not colour your hair if:
— you have a rash on your face
or sensitive, irritated and
damaged scalp,
— you have ever experienced
any reaction after colouring
your hair,
— you have experienced a
reaction to a temporary
“black henna” tattoo in the
past.’",0
III,226,220,0,active,▼M1,,254,"1-[(2′-Methoxyethyl)amino]-2-
nitro-4-[di-(2′-
hydroxyethyl)
amino]benzene (17)",,"HC Blue
No 11",23920-15-2,459-980-7,,"Hair dye substance
in non-oxidative
hair dye products","2,0 %","— Do not use with nitrosating agents
— Maximum nitrosamine
content: 50 μg /kg
— Keep in nitrite-free
containers",,0
III,227,221,0,active,▼M3,,"254,255","2-(4-Methyl-2-
nitroanilino)ethanol",,"Hydroxyethyl-
2-Nitro-p-
Toluidine",100418-33-5,408-090-7,,"(a) Hair dye
substance in
oxidative hair
dye products
(b) Hair dye
substance in
non-oxidative
hair dye
products","(b) 1,0 %","(a) After mixing under
oxidative conditions the
maximum concentration
applied to hair must not
exceed 1,0 %
For (a) and (b):
— Do not use with nitrosating agents
— Maximum nitrosamine
content: 50 μg/kg
— Keep in nitrite-free
containers","(a) To be printed on the label:
The mixing ratio.
‘ Hair colorants can cause
severe allergic reactions.
Read and follow instructions.
This product is not intended for
use on persons under the age
of 16.
Temporary “black henna”
tattoos may increase your risk
of allergy.
Do not colour your hair if:
— you have a rash on your
face or sensitive, irritated
and damaged scalp,
— you have ever experienced
any reaction after colouring
your hair,
— you have experienced a
reaction to a temporary
“black henna” tattoo in the
past.’",0
III,228,222,0,active,▼M1,,"255,256","1-Hydroxy-2-beta-
hydroxyethylamino-
4,6-dinitrobenzene",,"2-Hydroxyethylpicramic
acid",99610-72-7,412-520-9,,"(a) Hair dye
substance in
oxidative hair
dye products
(b) Hair dye
substance in
non-oxidative
hair dye
products","(b) 2,0 %","(a) After mixing under
oxidative conditions the
maximum concentration
applied to hair must not
exceed 1,5 %
For (a) and (b):
— Do not use with nitrosating agents
— Maximum nitrosamine
content: 50 μg m/kg
— Keep in nitrite-free
containers","(a) To be printed on the label:
The mixing ratio.
‘ Hair colourants can cause
severe allergic reactions.
Read and follow instructions.
This product is not intended for
use on persons under the age
of 16.
Temporary “black henna”
tattoos may increase your risk
of allergy.
Do not colour your hair if:
— you have a rash on your face
or sensitive, irritated and
damaged scalp,
— you have ever experienced
any reaction after colouring
your hair,
— you have experienced a
reaction to a temporary
“black henna” tattoo in the
past.’",0
III,229,223,0,active,▼M1,,"256,257","p-Methylaminophenol and its
sulphate",,"p-Methylaminophenol
p-Methylaminophenol
sulphate","150-75-4 /
55-55-0 /
1936-57-8","205-768-2 /
200-237-1 /
217-706-1",,"Hair dye
substance in
oxidative hair dye
products",,"After mixing under
oxidative conditions the
maximum concentration
applied to hair must not
exceed 0,68 % (as sulphate)
— Do not use with nitrosating agents
— Maximum nitrosamine
content: 50 μg /kg
— Keep in nitrite-free
containers","To be printed on the label:
The mixing ratio.
‘ Hair colourants can cause
severe allergic reactions.
Read and follow instructions.
This product is not intended for use
on persons under the age of 16.
Temporary “black henna” tattoos
may increase your risk of allergy.
Do not colour your hair if:
— you have a rash on your face or
sensitive, irritated and damaged
scalp,
— you have ever experienced any
reaction after colouring your
hair,
— you have experienced a reaction
to a temporary “black henna”
tattoo in the past.’",1
III,230,224,0,active,▼M1,,257,"1-Propanol, 3-[[4-
[bis(2-hydroxyethyl)
amino]-2-nitrophenyl]amino] (17)",,"HC Violet
No 2","104226-
19-9",410-910-3,,"Hair dye substance
in non-oxidative
hair dye products","2,0 %","— Do not use with nitrosating agents
— Maximum nitrosamine
content: 50 μg /kg
— Keep in nitrite-free
containers",Can cause allergic reaction,1
III,231,225,0,active,▼M1,,"257,258","1-(beta-Hydroxyethyl)amino-2-
nitro-4-N-ethyl-N-(.
beta.-hydroxyethyl)
aminobenzene and
its hydrochloride",,"HC Blue
No 12","104516-93-
0/ 132885-
85-9 (HCl)","— / 407-
020-2",,"(a) Hair dye
substance in
oxidative hair
dye products
(b) Hair dye
substance in
non-oxidative
hair dye
products","(b) 1,5 % (as
hydrochloride)","(a) After mixing under
oxidative conditions the
maximum concentration
applied to hair must not
exceed 0,75 % (as
hydrochloride)
For (a) and (b):
— Do not use with nitrosating agents
— Maximum nitrosamine
content: 50 μg /kg
— Keep in nitrite-free
containers","(a) To be printed on the label:
The mixing ratio.
‘ Hair colourants can cause
severe allergic reactions.
Read and follow instructions.
This product is not intended for
use on persons under the age
of 16.
Temporary “black henna”
tattoos may increase your risk
of allergy.
Do not colour your hair if:
— you have a rash on your face
or sensitive, irritated and
damaged scalp,
— you have ever experienced
any reaction after colouring
your hair,
— you have experienced a
reaction to a temporary
“black henna” tattoo in the
past.’",0
III,232,226,0,active,▼M1,,"258,259","4,4′-[1,3-Propanediylbis(oxy)]
bisbenzene-1,3-
diamine and its
tetrahydrochloride
salt (17)",,"1,3-bis-(2,4-
Diaminophenoxy)
propane
1,3-bis-(2,4-
Diaminophenoxy)
propane HCl","81892-72-0
/ 74918-21-
1","279-845-4 /
278-022-7",,"(a) Hair dye
substance in
oxidative hair
dye products
(b) Hair dye
substance in
non-oxidative
hair dye
products","(b) 1,2 % as
free base
(1,8 % as
tetrahydrochloride
salt)","(a) After mixing under
oxidative conditions the
maximum concentration
applied to hair must not
exceed 1,2 % calculated
as free base (1,8 % as
tetrahydrochloride salt).","(a) To be printed on the label:
The mixing ratio.
‘ Hair colourants can cause
severe allergic reactions.
Read and follow instructions.
This product is not intended for
use on persons under the age
of 16.
Temporary “black henna”
tattoos may increase your risk
of allergy.
Do not colour your hair if:
— you have a rash on your face
or sensitive, irritated and
damaged scalp,
— you have ever experienced
any reaction after colouring
your hair,
— you have experienced a
reaction to a temporary
“black henna” tattoo in the
past.’
(b) Can cause allergic reaction",1
III,233,227,0,active,▼M1,,"259,260","3-Amino-2,4-dichlorophenol and its
hydrochloride",,"3-Amino-2,4-
dichlorophenol
3-Amino-2,4-
dichlorophenol
HCl","61693-42-
3 / 61693-
43-4","262-909-
0 / —",,"(a) Hair dye
substance in
oxidative hair
dye products
(b) Hair dye
substance in
non-oxidative
hair dye
products","(b) 1,5 % (as
hydrochloride)","(a) After mixing under
oxidative conditions the
maximum concentration
applied to hair must not
exceed 1,5 % (as
hydrochloride)","(a) To be printed on the label:
The mixing ratio.
‘ Hair colourants can cause
severe allergic reactions.
Read and follow instructions.
This product is not intended for
use on persons under the age
of 16.
Temporary “black henna”
tattoos may increase your risk
of allergy.
Do not colour your hair if:
— you have a rash on your face
or sensitive, irritated and
damaged scalp,
— you have ever experienced
any reaction after colouring
your hair,
— you have experienced a
reaction to a temporary
“black henna” tattoo in the
past.’",1
III,234,228,0,active,▼M1,,"260,261","3-Methyl -1- phenyl
-5-pyrazolone",,"Phenyl methyl
pyrazoloné",89-25-8,201-891-0,,"Hair dye
substance in
oxidative hair dye
products",,"After mixing under
oxidative conditions the
maximum concentration
applied to hair must not
exceed 0,25 %","To be printed on the label:
The mixing ratio.
‘ Hair colourants can cause
severe allergic reactions.
Read and follow instructions.
This product is not intended for use
on persons under the age of 16.
Temporary “black henna” tattoos
may increase your risk of allergy.
Do not colour your hair if:
— you have a rash on your face or
sensitive, irritated and damaged
scalp,
— you have ever experienced any
reaction after colouring your
hair,
— you have experienced a reaction
to a temporary “black henna”
tattoo in the past.’",0
III,235,229,0,active,▼M1,►M4,"261,262,263","5-[(2-Hydroxyethyl)
amino]-o-cresol",,"2-Methyl-5-
Hydroxyethyl
Aminophenol",55302-96-0,259-583-7,,"(a) Hair dye
substance in
oxidative hair
dye products
►M4 (b) Prod-
ucts
inten-
ded for
colou-
ring
eyela-
shes",,"For (a) and (b): After
mixing under oxidative
conditions the maximum
concentration applied to hair
or eyelashes must not
exceed 1,5 %
— Do not use with nitrosating agents
— Maximum nitrosamine
content: 50 μg /kg
— Keep in nitrite-free
containers ◄
(b) For professional use
only. ◄","►M4 (a) To be printed on the
label:
The mixing ratio.
‘ Hair colorants can
cause severe allergic
reactions.
Read and follow instructions.
This product is not
intended for use on
persons under the age
of 16.
Temporary “black
henna” tattoos may
increase your risk of
allergy.
Do not colour your hair
if:
— you have a rash on
your face or
sensitive, irritated
and damaged scalp,
— you have ever
experienced any
reaction after
colouring your hair,
— you have experienced
a reaction to a
temporary “black
henna” tattoo in the
past.’ ◄
►M4 (b) To be printed on the
label:
The mixing ratio.
‘For professional use
only.
This product can
cause severe allergic
reactions.
Read and follow instructions.
This product is not
intended for use on
persons under the age
of 16.
Temporary “black
henna” tattoos may
increase the risk of
allergy.
Eyelashes shall not be
coloured if the
consumer:
— has a rash on the face
or sensitive, irritated
and damaged scalp,
— has experienced any
reaction after
colouring hair or
eyelashes,
— has experienced a
reaction to a
temporary “black
henna” tattoo in the
past.
Rinse eyes immediately
if product comes into
contact with them.’ ◄",0
III,236,230,0,active,▼M1,,263,"3,4-Dihydro-2H-1,4-
benzoxazin-6-ol",,Hydroxybenzomorpholine,26021-57-8,247-415-5,,"Hair dye
substance in
oxidative hair dye
products",,"After mixing under
oxidative conditions the
maximum concentration
applied to hair must not
exceed 1,0 %
— Do not use with nitrosating agents
— Maximum nitrosamine
content: 50 μg /kg
— Keep in nitrite-free
containers","To be printed on the label:
The mixing ratio.
‘ Hair colourants can cause
severe allergic reactions.
Read and follow instructions.
This product is not intended for use
on persons under the age of 16.
Temporary “black henna” tattoos
may increase your risk of allergy.
Do not colour your hair if:
— you have a rash on your face or
sensitive, irritated and damaged
scalp,
— you have ever experienced any
reaction after colouring your
hair,
— you have experienced a reaction
to a temporary “black henna”
tattoo in the past.’",0
III,237,231,0,active,▼M1,,264,"1,5-Di-(beta-hydroxyethylamino)-2-
nitro-4-chlorobenzene (17)",,"HC Yellow
No 10",109023-83-8,416-940-3,,"Hair dye substance
in non-oxidative
hair dyes products","0,1 %","— Do not use with nitrosating agents
— Maximum nitrosamine
content: 50 μg /kg
— Keep in nitrite-free
containers",,0
III,238,232,0,active,▼M1,,"264,265","2,6-Dimethoxy-3,5-
pyridinediamine and
its hydrochloride",,"2,6-Dimethoxy-
3,5-pyridinediamine
2,6-Dimethoxy-
3,5-pyridinediamine HCl","56216-28-5 /
85679-78-3","260-062-1 /
—",,"Hair dye
substance in
oxidative hair dye
products",,"After mixing under
oxidative conditions the
maximum concentration
applied to hair must not
exceed 0,25 % (as hydrochloride)","To be printed on the label:
The mixing ratio.
‘ Hair colourants can cause
severe allergic reactions.
Read and follow instructions.
This product is not intended for use
on persons under the age of 16.
Temporary “black henna” tattoos
may increase your risk of allergy.
Do not colour your hair if:
— you have a rash on your face or
sensitive, irritated and damaged
scalp,
— you have ever experienced any
reaction after colouring your
hair,
— you have experienced a reaction
to a temporary “black henna”
tattoo in the past.’",1
III,239,233,0,active,▼M1,,265,"1-(beta-Aminoethyl)
amino-4-(beta-
hydroxyethyl)oxy-2-
nitrobenzene and its
salts",,"HC Orange
No 2",85765-48-6,416-410-1,,"Hair dye substance
in non-oxidative
hair dye products","1,0 %","— Do not use with nitrosating agents
— Maximum nitrosamine
content: 50 μg /kg
— Keep in nitritefree
containers","To be printed on the label:
The mixing ratio.
‘ Hair colourants can cause
severe allergic reactions.
Read and follow instructions.
This product is not intended for use
on persons under the age of 16.
Temporary “black henna” tattoos
may increase your risk of allergy.
Do not colour your hair if:
— You have a rash on your face or
sensitive, irritated and damaged
scalp.
— You have ever experienced any
reaction after colouring your
hair.
— You have experienced a
reaction to a temporary “black
henna” tattoo in the past.’",0
III,240,234,0,active,▼M1,,"266,267","Ethanol, 2-[(4-
amino-2-methyl-5-
nitrophenyl)amino]-
and its salts",,"HC Violet
No 1",82576-75-8,417-600-7,,"(a) Hair dye
substance in
oxidative hair
dye products
(b) Hair dye
substance in
non-oxidative
hair dye
products","(b) 0,28 %","(a) After mixing under
oxidative conditions the
maximum concentration
applied to hair must not
exceed 0,25 %
For (a) and (b)
— Do not use with nitrosating agents
— Maximum nitrosamine
content: 50 μg /kg
— Keep in nitrite-free
containers","(a) To be printed on the label:
The mixing ratio.
‘ Hair colourants can cause
severe allergic reactions.
Read and follow instructions.
This product is not intended for
use on persons under the age
of 16.
Temporary “black henna”
tattoos may increase your risk
of allergy.
Do not colour your hair if:
— you have a rash on your face
or sensitive, irritated and
damaged scalp,
— you have ever experienced
any reaction after colouring
your hair,
— you have experienced a
reaction to a temporary
“black henna” tattoo in the
past.’
(b) ‘ Hair colourants can cause
severe allergic reactions.
Read and follow instructions.
This product is not intended for
use on persons under the age
of 16.
Temporary “black henna”
tattoos may increase your risk
of allergy.
Do not colour your hair if:
— you have a rash on your face
or sensitive, irritated and
damaged scalp,
— you have ever experienced
any reaction after colouring
your hair,
— you have experienced a
reaction to a temporary
“black henna” tattoo in the
past.’",0
III,241,235,0,active,▼M1,,267,"2-[3-(methylamino)-
4-nitrophenoxy]
ethanol (17)",,3-Methylamino-4-nitrophenoxyethanol,59820-63-2,261-940-7,,"Hair dye substance
in non-oxidative
hair dye products","0,15 %","— Do not use with nitrosating agents
— Maximum nitrosamine
content: 50 μg /kg
— Keep in nitrite-free
containers",,0
III,242,236,0,active,▼M1,,"267,268","2-[(2-methoxy-4-
nitrophenyl)amino]
ethanol and its salts",,"2-Hydroxyethylamino-5-
nitroanisole",66095-81-6,266-138-0,,"Hair dye substance
in non-oxidative
hair dye products","0,2 %","— Do not use with nitrosating agents
— Maximum nitrosamine
content: 50 μg /kg
— Keep in nitrite-free
containers",,0
III,243,237,0,active,▼M1,,268,"2,2′-[(4-Amino-3-
nitrophenyl)imino]
bisethanol and its
hydrochloride",,"HC Red
No 13","29705-39-3/
94158-13-1",-/303-083-4,,"(a) Hair dye
substance in
oxidative hair
dye products
(b) Hair dye
substance in
non-oxidative
hair dye
products","(b) 2,5 % (as
hydrochloride)","(a) After mixing under
oxidative conditions the
maximum concentration
applied to hair must not
exceed 1,25 % (as
hydrochloride)","(a) To be printed on the label:
The mixing ratio.
‘ Hair colourants can cause
severe allergic reactions.
Read and follow instructions.
This product is not intended for
use on persons under the age
of 16.
Temporary “black henna”
tattoos may increase your risk
of allergy.
Do not colour your hair if:
— you have a rash on your face
or sensitive, irritated and
damaged scalp,
— you have ever experienced
any reaction after colouring
your hair,
— you have experienced a
reaction to a temporary
“black henna” tattoo in the
past.’",1
III,244,238,0,active,▼M1,,269,"Naphthalene-1,5-
diol",,"1,5-Naphthalenediol",83-56-7,201-487-4,,"(a) Hair dye
substance in
oxidative hair
dye products
(b) Hair dye
substance in
non-oxidative
hair dye
products","(b) 1,0 %","(a) After mixing under
oxidative conditions the
maximum concentration
applied to hair must not
exceed 1,0 %","(a) To be printed on the label:
The mixing ratio.
‘ Hair colourants can cause
severe allergic reactions.
Read and follow instructions.
This product is not intended for
use on persons under the age
of 16.
Temporary “black henna”
tattoos may increase your risk
of allergy.
Do not colour your hair if:
— you have a rash on your face
or sensitive, irritated and
damaged scalp,
— you have ever experienced
any reaction after colouring
your hair,
— you have experienced a
reaction to a temporary
“black henna” tattoo in the
past.’",0
III,245,239,0,active,▼M1,,270,"Hydroxypropyl bis
(N-hydroxyethyl-p-
phenylenediamine)
and its tetrahydro-
chloride",,"Hydroxypropyl
bis(N-hydroxyethyl-p-
phenylenediamine) HCl","128729-30-6
/ 128729-28-
2","—/416-320-
2",,"Hair dye
substance in
oxidative hair dye
products",,"After mixing under
oxidative conditions the
maximum concentration
applied to hair must not
exceed 0,4 % (as tetrahydrochloride)","To be printed on the label:
The mixing ratio.
‘ Hair colourants can cause
severe allergic reactions.
Read and follow instructions.
This product is not intended for use
on persons under the age of 16.
Temporary “black henna” tattoos
may increase your risk of allergy.
Do not colour your hair if:
— you have a rash on your face or
sensitive, irritated and damaged
scalp,
— you have ever experienced any
reaction after colouring your
hair,
— you have experienced a reaction
to a temporary “black henna”
tattoo in the past.’",1
III,246,240,0,active,▼M3,,271,"4-Nitro-1,2-phenylenediamine",,"4-Nitro-o-
Phenylenediamine",99-56-9,202-766-3,,"Hair dye
substance in
oxidative hair dye
products",,"After mixing under
oxidative conditions the
maximum concentration
applied to hair must not
exceed 0,5 %","To be printed on the label:
The mixing ratio.
‘ Hair colorants can cause severe
allergic reactions.
Read and follow instructions.
This product is not intended for use
on persons under the age of 16.
Temporary “black henna” tattoos
may increase your risk of allergy.
Do not colour your hair if:
— you have a rash on your face or
sensitive, irritated and damaged
scalp,
— you have ever experienced any
reaction after colouring your
hair,
— you have experienced a reaction
to a temporary “black henna”
tattoo in the past.’",0
III,247,241,0,active,▼M1,►M4,"272,273,274",5-Amino-o-cresol,,"4-Amino-2-
Hydroxytoluene",2835-95-2,220-618-6,,"(a) Hair dye
substance in
oxidative hair
dye products
►M4 (b) Products
intended
for
colouring
eyelashes",,"For (a) and (b): After
mixing under oxidative
conditions the maximum
concentration applied to hair
or eyelashes must not
exceed 1,5 % ◄
(b) For professional use
only. ◄","►M4 (a) To be printed on the
label:
The mixing ratio.
‘ Hair colorants can
cause severe allergic
reactions.
Read and follow instructions.
This product is not
intended for use on
persons under the age
of 16.
Temporary “black
henna” tattoos may
increase your risk of
allergy.
Do not colour your hair
if:
— you have a rash on
your face or
sensitive, irritated
and damaged scalp,
— you have ever
experienced any
reaction after
colouring your hair,
— you have experienced
a reaction to a
temporary “black
henna” tattoo in the
past.’ ◄
►M4 (b) To be printed on the
label:
The mixing ratio.
‘For professional use
only.
This product can
cause severe allergic
reactions.
Read and follow instructions.
This product is not
intended for use on
persons under the age
of 16.
Temporary “black
henna” tattoos may
increase the risk of
allergy.
Eyelashes shall not be
coloured if the
consumer:
— has a rash on the face
or sensitive, irritated
and damaged scalp,
— has experienced any
reaction after
colouring hair or
eyelashes,
— has experienced a
reaction to a
temporary “black
henna” tattoo in the
past.
Rinse eyes immediately
if product comes into
contact with them.’ ◄",0
III,248,242,0,active,▼M1,►M4,"274,275,276","2,4-Diaminophenoxyethanol, its
hydrochloride and
its sulphate",,"2,4-Diaminophenoxyethanol
HCl
2,4-Diaminophenoxyethanol
sulfate","70643-19-5/
66422-95-5
/ 70643-20-
8","– /266-357-
1/274-713-2",,"(a) Hair dye
substance in
oxidative hair
dye products
►M4 (b) Products
intended
for
colouring
eyelashes",,"For (a) and (b): After
mixing under oxidative
conditions the maximum
concentration applied to hair
or eyelashes must not
exceed 2,0 % (as
hydrochloride) ◄
(b) For professional use
only. ◄","►M4 (a) To be printed on the
label:
The mixing ratio.
‘ Hair colorants can
cause severe allergic
reactions.
Read and follow instructions.
This product is not
intended for use on
persons under the age
of 16.
Temporary “black
henna” tattoos may
increase your risk of
allergy.
Do not colour your hair
if:
— you have a rash on
your face or
sensitive, irritated
and damaged scalp,
— you have ever
experienced any
reaction after
colouring your hair,
— you have experienced
a reaction to a
temporary “black
henna” tattoo in the
past.’ ◄
►M4 (b) To be printed on the
label:
The mixing ratio.
‘For professional use
only.
This product can
cause severe allergic
reactions.
Read and follow instructions.
This product is not
intended for use on
persons under the age
of 16.
Temporary “black
henna” tattoos may
increase the risk of
allergy.
Eyelashes shall not be
coloured if the consumer:
— has a rash on the face
or sensitive, irritated
and damaged scalp,
— has experienced any
reaction after
colouring hair or
eyelashes,
— has experienced a
reaction to a
temporary “black
henna” tattoo in the
past.
Rinse eyes immediately if
product comes into
contact with them.’ ◄",0
III,249,243,0,active,▼M18,,"277,278","1,3-Benzenediol, 2-
methyl",,2-Methylresorcinol,608-25-3,210-155-8,,"(a) Hair dye
substance in
oxidative hair
dye products
(b) Hair dye
substance in
non-oxidative
hair dye
products
(c) Products
intended for
colouring
eyelashes","(b) 1,8 %","(a) After mixing under
oxidative conditions the
maximum concentration
applied to hair must not
exceed 1,8 %
(c) After mixing under
oxidative conditions the
maximum concentration
applied to eyelashes
must not exceed 1,25 %
(c) Professional use","(a) To be printed on the label:
The mixing ratio.
‘ Hair colourants can cause
severe allergic reactions.
Read and follow instructions.
This product is not intended for
use on persons under the age
of 16.
Temporary “black henna”
tattoos may increase your risk
of allergy.
Do not colour your hair if:
— you have a rash on your
face or sensitive, irritated
and damaged scalp,
— you have ever experienced
any reaction after colouring
your hair,
— you have experienced a
reaction to a temporary
“black h.enna” tattoo in the
past.’
(c) As from 3 March 2018, to be
printed on the label:
The mixing ratio.
‘ This product can cause
severe allergic reactions. Read
and follow instructions.
This product is not intended for
use on persons under the age of
16. Temporary “black henna”
tattoos may increase the risk of
allergy.
Eyelashes shall not be coloured
if the consumer:
— has a rash on the face or
sensitive, irritated and
damaged scalp,
— has experienced any
reaction after colouring hair
or eyelashes,
— has experienced a reaction
to a temporary “black
henna” tattoo in the past.
For professional use only.
Rinse eyes immediately if
product comes into contact with
them’.",0
III,250,244,0,active,▼M1,►M4,"279,280,281",4-Amino-m-cresol,,"4-Amino-m-
Cresol",2835-99-6,220-621-2,,"(a) Hair dye
substance in
oxidative hair
dye products
►M4 (b) Products
intended
for
colouring
eyelashes",,"For (a) and (b): After
mixing under oxidative
conditions the maximum
concentration applied to hair
or eyelashes must not
exceed 1,5 % ◄
(b) For professional use
only. ◄","►M4 (a) To be printed on the
label:
The mixing ratio.
‘ Hair colorants can
cause severe allergic
reactions.
Read and follow instructions.
This product is not
intended for use on
persons under the age
of 16.
Temporary “black
henna” tattoos may
increase your risk of
allergy.
Do not colour your hair
if:
— you have a rash on
your face or
sensitive, irritated
and damaged scalp,
— you have ever
experienced any
reaction after
colouring your hair,
— you have experienced
a reaction to a
temporary “black
henna” tattoo in the
past.’ ◄
►M4 (b) To be printed on the
label:
The mixing ratio.
‘For professional use
only.
This product can
cause severe allergic
reactions.
Read and follow instructions.
This product is not
intended for use on
persons under the age
of 16.
Temporary “black
henna” tattoos may
increase the risk of
allergy.
Eyelashes shall not be
coloured if the
consumer:
— has a rash on the face
or sensitive, irritated
and damaged scalp,
— has experienced any
reaction after
colouring hair or
eyelashes,
— has experienced a
reaction to a
temporary “black
henna” tattoo in the
past.
Rinse eyes immediately
if product comes into
contact with them.’ ◄",0
III,251,245,0,active,▼M1,►M4,"281,282,283","2-[(3amino-4-
methoxyphenyl)
amino]ethanol and
its sulphate",,"2-Amino-4-
Hydroxyethylaminoanisole
2-Amino-4-
Hydroxyethylaminoanisole
sulfate","83763-47-7
/
83763-48-8","280-733-2 /
280-734-8",,"(a) Hair dye
substance in
oxidative hair
dye products
►M4 (b) Products
intended
for
colouring
eyelashes",,"For (a) and (b): After
mixing under oxidative
conditions the maximum
concentration applied to hair
or eyelashes must not
exceed 1,5 % (as sulphate)
— Do not use with nitrosating agents
— Maximum nitrosamine
content: 50 μg /kg
— Keep in nitrite-free
containers ◄
(b) For professional use
only. ◄","►M4 (a) To be printed on the
label:
The mixing ratio.
‘ Hair colorants can
cause severe allergic
reactions.
Read and follow instructions.
This product is not
intended for use on
persons under the age
of 16.
Temporary “black
henna” tattoos may
increase your risk of
allergy.
Do not colour your hair
if:
— you have a rash on
your face or
sensitive, irritated
and damaged scalp,
— you have ever
experienced any
reaction after
colouring your hair,
— you have experienced
a reaction to a
temporary “black
henna” tattoo in the
past.’ ◄
►M4 (b) To be printed on the
label:
The mixing ratio.
‘For professional use
only.
This product can
cause severe allergic
reactions.
Read and follow instructions.
This product is not
intended for use on
persons under the age
of 16.
Temporary “black
henna” tattoos may
increase the risk of
allergy.
Eyelashes shall not be
coloured if the consumer:
— has a rash on the face
or sensitive, irritated
and damaged scalp,
— has experienced any
reaction after
colouring hair or
eyelashes,
— has experienced a
reaction to a
temporary “black
henna” tattoo in the
past.
Rinse eyes immediately if
product comes into
contact with them.’ ◄",1
III,252,246,0,active,▼M1,,284,"Hydroxyethyl-3,4-
methylenedioxyaniline and its
hydrochloride",,"Hydroxyethyl-
3,4-methylenedioxyaniline
HCl",94158-14-2,303-085-5,,"Hair dye
substance in
oxidative hair dye
products",,"After mixing under
oxidative conditions the
maximum concentration
applied to hair must not
exceed 1,5 %
— Do not use with nitrosating agents
— Maximum nitrosamine
content: 50 μg /kg
— Keep in nitrite-free
containers","To be printed on the label:
The mixing ratio.
‘ Hair colourants can cause
severe allergic reactions.
Read and follow instructions.
This product is not intended for use
on persons under the age of 16.
Temporary “black henna” tattoos
may increase your risk of allergy.
Do not colour your hair if:
— you have a rash on your face or
sensitive, irritated and damaged
scalp,
— you have ever experienced any
reaction after colouring your
hair,
— you have experienced a reaction
to a temporary “black henna”
tattoo in the past.’",0
III,253,247,0,active,▼M1,,285,"2,2′-[[4-[(2-Hydroxyethyl)amino]-3-
nitrophenyl]imino]
bisethanol (17)",,HC Blue No 2,33229-34-4,251-410-3,,"Hair dye substance
in non-oxidative
hair dye products","2,8 %","— Do not use with nitrosating agents
— Maximum nitrosamine
content: 50 μg /kg
— Keep in nitrite-free
containers",Can cause allergic reaction,0
III,254,248,0,active,▼M1,,"285,286","4-[(2-Hydroxyethyl)
amino]-3-nitrophenol",,"3-Nitro-p-
hydroxyethylaminophenol",65235-31-6,265-648-0,,"(a) Hair dye
substance in
oxidative hair
dye products
(b) Hair dye
substance in
non-oxidative
hair dye
products","(b) 1,85 %","(a) After mixing under
oxidative conditions the
maximum concentration
applied to hair must not
exceed 3,0 %
For (a) and (b):
— Do not use with nitrosating agents
— Maximum nitrosamine
content: 50 μg /kg
— Keep in nitrite-free
containers","(a) To be printed on the label:
The mixing ratio.
‘ Hair colourants can cause
severe allergic reactions.
Read and follow instructions.
This product is not intended for
use on persons under the age
of 16.
Temporary “black henna”
tattoos may increase your risk
of allergy.
Do not colour your hair if:
— you have a rash on your face
or sensitive, irritated and
damaged scalp,
— you have ever experienced
any reaction after colouring
your hair,
— you have experienced a
reaction to a temporary
“black henna” tattoo in the
past.’
(b) ‘ Hair colourants can cause
severe allergic reactions.
Read and follow instructions.
This product is not intended for
use on persons under the age
of 16.
Temporary “black henna”
tattoos may increase your risk
of allergy.
Do not colour your hair if:
— you have a rash on your face
or sensitive, irritated and
damaged scalp,
— you have ever experienced
any reaction after colouring
your hair,
— you have experienced a
reaction to a temporary
“black henna” tattoo in the
past.’",0
III,255,249,0,active,▼M1,,287,"1-(beta-Ureidoethyl)
amino-4-nitrobenzene",,"4-Nitrophenyl
aminoethylurea",27080-42-8,410-700-1,,"(a) Hair dye
substance in
oxidative hair
dye products
(b) Hair dye
substance in
non-oxidative
hair dye
products","(b) 0,5 %","(a) After mixing under
oxidative conditions the
maximum concentration
applied to hair must not
exceed 0,25 %
For (a) and (b):
— Do not use with nitrosating agents
— Maximum nitrosamine
content: 50 μg /kg
— Keep in nitrite-free
containers","(a) To be printed on the label:
The mixing ratio.
‘ Hair colourants can cause
severe allergic reactions.
Read and follow instructions.
This product is not intended for
use on persons under the age
of 16.
Temporary “black henna” tattoos
may increase your risk of
allergy.
Do not colour your hair if:
— you have a rash on your face
or sensitive, irritated and
damaged scalp,
— you have ever experienced
any reaction after colouring
your hair,
— you have experienced a
reaction to a temporary
“black henna” tattoo in the
past.’",0
III,256,250,0,active,▼M3,,288,"1-Amino-2-nitro-4-
(2’,3’-dihydroxypropyl)amino-5-
chlorobenzene +
1,4-bis-(2’,3’-dihydroxypropyl)amino-
2-nitro-5-chlorobenzene",,"HC Red No 10
+ HC Red
No 11","95576-89-9
+ 95576-
92-4",,,"(a) Hair dye
substance in
oxidative hair
dye products
(b) Hair dye
substance in
non-oxidative
hair dye
products","(b) 2,0 %","(a) After mixing under
oxidative conditions the
maximum concentration
applied to hair must not
exceed 1,0 %
For (a) and (b):
— Do not use with nitrosating agents
— Maximum nitrosamine
content: 50 μg/kg
— Keep in nitrite-free
containers","(a) To be printed on the label:
The mixing ratio.
‘ Hair colorants can cause
severe allergic reactions.
Read and follow instructions.
This product is not intended for
use on persons under the age
of 16.
Temporary “black henna”
tattoos may increase your risk
of allergy.
Do not colour your hair if:
— you have a rash on your face
or sensitive, irritated and
damaged scalp,
— you have ever experienced
any reaction after colouring
your hair,
— you have experienced a
reaction to a temporary
“black henna” tattoo in the
past.’",1
III,257,251,0,active,▼M3,,289,"2-(4-Amino-3-
nitroanilino)ethanol",,HC Red No 7,24905-87-1,246-521-9,,"Hair dye substance
in non-oxidative
hair dye products","1,0 %","— Do not use with nitrosating agents
— Maximum nitrosamine
content: 50 μg/kg
— Keep in nitrite-free
containers","‘ Hair colorants can cause severe
allergic reactions.
Read and follow instructions.
This product is not intended for use
on persons under the age of 16.
Temporary “black henna” tattoos
may increase your risk of allergy.
Do not colour your hair if:
— you have a rash on your face or
sensitive, irritated and damaged
scalp,
— you have ever experienced any
reaction after colouring your
hair,
— you have experienced a reaction
to a temporary “black henna”
tattoo in the past.’",0
III,258,252,0,active,▼M1,,"290,291","2-Amino-6-chloro-
4-nitrophenol",,"2-Amino-6-
chloro-4-nitrophenol",6358-09-4,228-762-1,,"(a) Hair dye
substance in
oxidative hair
dye products
(b) Hair dye
substance in
non-oxidative
hair dye
products","(b) 2,0 %","(a) After mixing under
oxidative conditions the
maximum concentration
applied to hair must not
exceed 2,0 %","(a) To be printed on the label:
The mixing ratio.
‘ Hair colourants can cause
severe allergic reactions.
Read and follow instructions.
This product is not intended for
use on persons under the age
of 16.
Temporary “black henna”
tattoos may increase your risk
of allergy.
Do not colour your hair if:
— you have a rash on your face
or sensitive, irritated and
damaged scalp,
— you have ever experienced
any reaction after colouring
your hair,
— you have experienced a
reaction to a temporary
“black henna” tattoo in the
past.’
(b) ‘ Hair colourants can cause
severe allergic reactions.
Read and follow instructions.
This product is not intended for
use on persons under the age
of 16.
Temporary “black henna”
tattoos may increase your risk
of allergy.
Do not colour your hair if:
— you have a rash on your face
or sensitive, irritated and
damaged scalp,
— you have ever experienced
any reaction after colouring
your hair,
— you have experienced a
reaction to a temporary
“black henna” tattoo in the
past.’",0
III,259,253,0,active,▼M3,,291,"2-[bis(2-Hydroxyethyl)amino]-5-
nitrophenol",,"HC Yellow
No 4",59820-43-8,428-840-7,,"Hair dye substance
in non-oxidative
hair dye products","1,5 %","— Do not use with nitrosating agents
— Maximum nitrosamine
content: 50 μg/kg
— Keep in nitrite-free
containers",,0
III,260,254,0,active,▼M1,,292,"Disodium 5-amino-
4-hydroxy-3-
(phenylazo)naphthalene-2,7-
disulphonate (17); (CI
17200)",,Acid Red 33,3567-66-6,222-656-9,,"Hair dye substance
in non-oxidative
hair dye products","0,5 %",,,0
III,261,255,0,active,▼M3,,292,"2-[(2-Nitrophenyl)
amino]ethanol",,"HC Yellow
No 2",4926-55-0,225-555-8,,"(a) Hair dye
substance in
oxidative hair
dye products
(b) Hair dye
substance in
non-oxidative
hair dye
products","b) 1,0 %","(a) After mixing under
oxidative conditions the
maximum concentration
applied to hair must not
exceed 0,75 %
For (a) and (b):
— Do not use with nitrosating agents
— Maximum nitrosamine
content: 50 μg/kg
— Keep in nitrite-free
containers","(a) To be printed on the label:
The mixing ratio.
‘ Hair colorants can cause
severe allergic reactions.
Read and follow instructions.
This product is not intended for
use on persons under the age
of 16.
Temporary “black henna”
tattoos may increase your risk
of allergy.
Do not colour your hair if:
— you have a rash on your face
or sensitive, irritated and
damaged scalp,
— you have ever experienced
any reaction after colouring
your hair,
— you have experienced a
reaction to a temporary
“black henna” tattoo in the
past.’",0
III,262,256,0,active,▼M3,,293,"4-[(2-Nitrophenyl)
amino]phenol",,"HC Orange
No 1",54381-08-7,259-132-4,,"Hair dye substance
in non-oxidative
hair dye products","1,0 %",,,0
III,263,257,0,active,▼M2,,293,Polidocanol,,Laureth-9,3055-99-0,221-284-4,,"(a) Leave-on
products
(b) Rinse-off
products","(a) 3,0 %
(b) 4,0 %",,,0
III,264,258,0,active,▼M3,,293,"2-Nitro-N1-phenyl-
benzene-1,4-diamine",,HC Red No 1,2784-89-6,220-494-3,,"Hair dye substance
in non-oxidative
hair dye products","1,0 %",,"‘ Hair colorants can cause severe
allergic reactions.
Read and follow instructions.
This product is not intended for use
on persons under the age of 16.
Temporary “black henna” tattoos
may increase your risk of allergy.
Do not colour your hair if:
— you have a rash on your face or
sensitive, irritated and damaged
scalp,
— you have ever experienced any
reaction after colouring your
hair,
— you have experienced a reaction
to a temporary “black henna”
tattoo in the past.’",0
III,265,259,0,active,▼M3,,294,"1-Methoxy-3-(β-
aminoethyl)amino-
4-nitrobenzene,
hydrochloride",,"HC Yellow
No 9",86419-69-4,415-480-1,,"Hair dye substance
in non-oxidative
hair dye products","0,5 % (calculated as
hydrochloride)","— Do not use with nitrosating agents
— Maximum nitrosamine
content: 50 μg/kg
— Keep in nitrite-free
containers",,0
III,266,260,0,active,▼M3,,294,"1-(4’-Aminophenylazo)-2-methyl-4-
(bis-2-hydroxyethyl)
aminobenzene",,"HC Yellow
No 7",104226-21-3,146-420-6,,"Hair dye substance
in non-oxidative
hair dye products","0,25 %",,,0
III,267,261,0,active,▼M3,,"294,295","N-(2-Hydroxyethyl)-
2-nitro-4-trifluormethyl-aniline",,"HC Yellow
No 13",10442-83-8,443-760-2,,"(a) Hair dye
substance in
oxidative hair
dye products
(b) Hair dye
substance in
non-oxidative
hair dye
products","(b) 2,5 %","(a) After mixing under
oxidative conditions the
maximum concentration
applied to hair must not
exceed 2,5 %
For (a) and (b):
— Do not use with nitrosating agents
— Maximum nitrosamine
content: 50 μg/kg
— Keep in nitrite-free
containers","(a) To be printed on the label:
The mixing ratio.
‘ Hair colorants can cause
severe allergic reactions.
Read and follow instructions.
This product is not intended for
use on persons under the age
of 16.
Temporary “black henna”
tattoos may increase your risk
of allergy.
Do not colour your hair if:
— you have a rash on your face
or sensitive, irritated and
damaged scalp,
— you have ever experienced
any reaction after colouring
your hair,
— you have experienced a
reaction to a temporary
“black henna” tattoo in the
past.’",0
III,268,262,0,active,▼M3,,295,"Benzenaminium, 3-
[(4,5-dihydro-3-
methyl-5-oxo-1-
phenyl-1H-pyrazol-
4-yl)azo]-N,N,Ntrimethyl-, chloride",,"Basic Yellow
57",68391-31-1,269-943-5,,"Hair dye substance
in non-oxidative
hair dye products","2,0 %",,,0
III,269,263,0,active,▼M3,,295,"Ethanol, 2,2’-[[4-
[(4-aminophenyl)
azo]phenyl]imino]
bis-",,"Disperse
Black 9",20721-50-0,243-987-5,,"Hair dye substance
in non-oxidative
hair dye products","0,3 % (of the
mixture in the
ratio 1:1 of
2,2’-[4-(4-aminophenylazo)
phenylimino]
diethanol and
lignosulfate)",,,0
III,270,264,0,active,▼M3,,296,"9,10-Anthracenedione, 1,4-bis[(2,3-
dihydroxypropyl)
amino]-",,HC Blue No 14,99788-75-7,421-470-7,,"Hair dye substance
in non-oxidative
hair dye products","0,3 %","— Do not use with nitrosating agents
— Maximum nitrosamine
content: 50 μg/kg
— Keep in nitrite-free
containers",,0
III,271,265,0,active,▼M4,,296,"1,4-Diaminoanthraquinone",,"Disperse
Violet 1",128-95-0,204-922-6,,"Hair dye substance
in non-oxidative
hair dye products","0,5 %","Impurity of Disperse Red 15
in Disperse Violet 1 for hair
dye formulations should be
< 1 % (w/w)",,0
III,272,266,0,active,▼M4,,"296,297","Ethanol, 2-((4-
amino-2-nitrophenyl)amino)-",,HC Red No 3,2871-01-4,220-701-7,,"(a) Hair dye
substance in
oxidative hair
dye products
(b) Hair dye
substance in
non-oxidative
hair dye
products","(b) 3,0 %","(a) After mixing under
oxidative conditions the
maximum concentration
applied to hair must not
exceed 0,45 %
For (a) and (b):
— Do not use with nitrosating agents
— Maximum nitrosamine
content: 50 μg/kg
— Keep in nitrite-free
containers","For (a): To be printed on the label:
The mixing ratio.
For (a) and (b):
‘ Hair colorants can cause severe
allergic reactions. Read and follow
instructions. This product is not
intended for use on persons under
the age of 16.
Temporary “black henna” tattoos
may increase your risk of allergy.
Do not colour your hair if:
— you have a rash on your face or
sensitive, irritated and damaged
scalp,
— you have ever experienced any
reaction after colouring your
hair,
— you have experienced a reaction
to a temporary “black henna”
tattoo in the past.’",0
III,273,267,0,active,▼M4,,298,"[7-Hydroxy-8-[(2-
methoxyphenyl)
azo]-2-naphthyl]
trimethylammonium
chloride",,Basic Red 76,68391-30-0,269-941-4,,"Hair dye substance
in non-oxidative
hair dye products","2,0 %",,,0
III,274,268,0,active,▼M4,,"298,299","2-[[4-(Dimethylamino)phenyl]azo]-
1,3-dimethyl-1H-
imidazolium
chloride",,Basic Red 51,77061-58-6,278-601-4,,"(a) Hair dye
substance in
oxidative hair
dye products
(b) Hair dye
substance in
non-oxidative
hair dye
products","(b) 1,0 %","(a) After mixing under
oxidative conditions the
maximum concentration
applied to hair must not
exceed 0,5 %","(a) To be printed on the label:
The mixing ratio.
‘ Hair colorants can cause
severe allergic reactions.
Read and follow instructions.
This product is not intended for
use on persons under the age
of 16.
Temporary “black henna”
tattoos may increase your risk
of allergy.
Do not colour your hair if:
— you have a rash on your face
or sensitive, irritated and
damaged scalp,
— you have ever experienced
any reaction after colouring
your hair,
— you have experienced a
reaction to a temporary
“black henna” tattoo in the
past.’",0
III,275,269,0,active,▼M4,,299,"Phenol, 2-Amino-5-
Ethyl-, Hydrochloride",,"2-Amino-5-
Ethylphenol
HCl",149861-22-3,,,"Hair dye substance
in oxidative hair
dye products",,"After mixing under
oxidative conditions the
maximum concentration
applied to hair must not
exceed 1,0 %","To be printed on the label:
The mixing ratio.
‘ Hair colorants can cause severe
allergic reactions.
Read and follow instructions.
This product is not intended for use
on persons under the age of 16.
Temporary “black henna” tattoos
may increase your risk of allergy.
Do not colour your hair if:
— you have a rash on your face or
sensitive, irritated and damaged
scalp,
— you have ever experienced any
reaction after colouring your
hair,
— you have experienced a reaction
to a temporary “black henna”
tattoo in the past.’",0
III,276,270,0,active,▼M4,,300,"Fluorescein,
2',4',5',7'-tetrabromo-4,5,6,7-
tetrachloro-,
disodium salt (CI
45410)",,Acid Red 92,18472-87-2,242-355-6,,"(a) Hair dye
substance in
oxidative hair
dye products
(b) Hair dye
substance in
non-oxidative
hair dye
products","(b) 0,4 %","(a) After mixing under
oxidative conditions the
maximum concentration
applied to hair must not
exceed 2,0 %","(a) To be printed on the label:
The mixing ratio.
‘ Hair colorants can cause
severe allergic reactions.
Read and follow instructions.
This product is not intended for
use on persons under the age
of 16.
Temporary “black henna”
tattoos may increase your risk
of allergy.
Do not colour your hair if:
— you have a rash on your face
or sensitive, irritated and
damaged scalp,
— you have ever experienced
any reaction after colouring
your hair,
— you have experienced a
reaction to a temporary
“black henna” tattoo in the
past.’",0
III,277,271,0,active,▼M4,,301,"Mixture of (1), (2)
& (3) in dispersing
agent (lignosulphate):
(1) 9,10-Anthracenedione-1,4-
bis[(2-Hydroxyethyl)amino]
(2) 9,10-Anthracenedione-1-[(2-
Hydroxyethyl)
amino]-4-[(3-
Hydroxypropyl)
amino]
(3) 9,10-anthracenedione-1,4-bis
[(3-hydroxypropyl)amino",,"Disperse Blue
377 is a
mixture of
three dyes:
(1) 1,4-bis[(2-
hydroxyethyl)
amino]
anthra-
9,10-
quinone
(2) 1-[(2-
hydroxyethyl)
amino]-4-
[(3-
hydroxypropyl)
amino]
anthra-
9,10-
quinone
(3) 1,4-bis[(3-
hydroxypropyl)
amino]
anthra-
9,10-
quinone","(1) 4471-
41-4
(2) 67674-
26-4
(3) 67701-
36-4","(1) 224-
743-7
(2) 266-
865-3
(3) 266-
954-7",,"Hair dye substance
in non-oxidative
hair dye products","2,0 %",,,1
III,278,272,0,active,▼M18,,"302,303",4-Aminophenol,,p-Aminophenol,123-30-8,204-616-2,,"(a) Hair dye
substance in
oxidative hair
dye products
(b) Products
intended for
colouring
eyelashes",,"(a) (b) After mixing under
oxidative conditions
the maximum
concentration
applied to hair or
eyelashes must not
exceed 0,9 %
(b) Professional use","(a) To be printed on the label: The
mixing ratio.
‘ Hair colourants can cause
severe allergic reactions.
Read and follow instructions.
This product is not intended for
use on persons under the age
of 16.
Temporary “black henna”
tattoos may increase your risk
of allergy.
Do not colour your hair if:
— you have a rash on your
face or sensitive, irritated
and damaged scalp,
— you have ever experienced
any reaction after colouring
your hair,
— you have experienced a
reaction to a temporary
“black henna” tattoo in the
past.’
(b) As from 3 March 2018, to be
printed on the label: The
mixing ratio.
‘ This product can cause
severe allergic reactions. Read
and follow instructions.
This product is not intended for
use on persons under the age of
16. Temporary “black henna”
tattoos may increase the risk of
allergy.
Eyelashes shall not be coloured
if the consumer:
— has a rash on the face or
sensitive, irritated and
damaged scalp,
— has experienced any reaction
after colouring hair or
eyelashes,
— has experienced a reaction to
a temporary “black henna”
tattoo in the past.
For professional use only.
Rinse eyes immediately if
product comes into contact with
them’.",0
III,279,273,0,active,▼M4,,304,"4,5-Diamino-1-(2-
hydroxyethyl)-1H-
pyrazole sulfate
(1:1)",,"1-Hydroxyethyl-4,5-
Diamino
Pyrazole
Sulfate",155601-30-2,429-300-3,,"Hair dye substance
in oxidative hair
dye products",,"After mixing under
oxidative conditions the
maximum concentration
applied to hair must not
exceed 3,0 %","To be printed on the label:
The mixing ratio.
‘ Hair colorants can cause severe
allergic reactions.
Read and follow instructions.
This product is not intended for use
on persons under the age of 16.
Temporary “black henna” tattoos
may increase your risk of allergy.
Do not colour your hair if:
— you have a rash on your face or
sensitive, irritated and damaged
scalp,
— you have ever experienced any
reaction after colouring your
hair,
— you have experienced a reaction
to a temporary “black henna”
tattoo in the past.’",0
III,280,274,0,active,▼M4,,305,"Quinolinium, 4-
formyl-1-methyl-,
salt with 4-methylbenzenesulfonic
acid (1:1)",,"4-Formyl-1-
Methylquinolinium-p-
Toluenesulfonate",223398-02-5,453-790-8,,"Hair dye substance
in oxidative hair
dye products",,"After mixing under
oxidative conditions the
maximum concentration
applied to hair must not
exceed 2,5 %","To be printed on the label:
The mixing ratio.
‘ Hair colorants can cause severe
allergic reactions.
Read and follow instructions.
This product is not intended for use
on persons under the age of 16.
Temporary “black henna” tattoos
may increase your risk of allergy.
Do not colour your hair if:
— you have a rash on your face or
sensitive, irritated and damaged
scalp,
— you have ever experienced any
reaction after colouring your
hair,
— you have experienced a reaction
to a temporary “black henna”
tattoo in the past.’",0
III,281,275,0,active,▼M4,,306,"Pyridinium, 1-
methyl-4-[( methylphenylhydrazono)
methyl]-, methyl
sulfate",,"Basic Yellow
87",68259-00-7,269-503-2,,"(a) Hair dye
substance in
oxidative hair
dye products
(b) Hair dye
substance in
non-oxidative
hair dye
products","(b) 1,0 %","(a) After mixing under
oxidative conditions the
maximum concentration
applied to hair must not
exceed 1,0 %","(a) To be printed on the label:
The mixing ratio.
‘ Hair colorants can cause
severe allergic reactions.
Read and follow instructions.
This product is not intended for
use on persons under the age
of 16.
Temporary “black henna”
tattoos may increase your risk
of allergy.
Do not colour your hair if:
— you have a rash on your
face or sensitive, irritated
and damaged scalp,
— you have ever experienced
any reaction after colouring
your hair,
— you have experienced a
reaction to a temporary
“black henna” tattoo in the
past.’",0
III,282,276,0,active,▼M4,,307,"2-[(4-Aminophenyl)
azo]-1,3-dimethyl-
1H-imidazolium
chloride",,"Basic Orange
31",97404-02-9,306-764-4,,"(a) Hair dye
substance in
oxidative hair
dye products
(b) Hair dye
substance in
non-oxidative
hair dye
products","(b) 1,0 %","(a) After mixing under
oxidative conditions the
maximum concentration
applied to hair must not
exceed 0,5 %","(a) To be printed on the label:
The mixing ratio.
‘ Hair colorants can cause
severe allergic reactions.
Read and follow instructions.
This product is not intended for
use on persons under the age
of 16.
Temporary “black henna”
tattoos may increase your risk
of allergy.
Do not colour your hair if:
— you have a rash on your
face or sensitive, irritated
and damaged scalp,
— you have ever experienced
any reaction after colouring
your hair,
— you have experienced a
reaction to a temporary
“black henna” tattoo in the
past.’",0
III,283,277,0,active,▼M4,,308,"2,6-Pyridinediamine,
3-(3-pyridinylazo)",,"2,6-Diamino-3-
((Pyridine-3-yl)
azo)Pyridine",28365-08-4,421-430-9,,"(a) Hair dye
substance in
oxidative hair
dye products
(b) Hair dye
substance in
non-oxidative
hair dye
products","(b) 0,25 %","(a) After mixing under
oxidative conditions the
maximum concentration
applied to hair must not
exceed 0,25 %","(a) To be printed on the label:
The mixing ratio.
‘ Hair colorants can cause
severe allergic reactions.
Read and follow instructions.
This product is not intended for
use on persons under the age
of 16.
Temporary “black henna”
tattoos may increase your risk
of allergy.
Do not colour your hair if:
— you have a rash on your
face or sensitive, irritated
and damaged scalp,
— you have ever experienced
any reaction after colouring
your hair,
— you have experienced a
reaction to a temporary
“black henna” tattoo in the
past.’",0
III,284,278,0,active,▼M4,,309,"4-((4-Amino-3-
methylphenyl)(4-
imino-3-methyl-2,5-
cyclohexadien-1-
ylidene)methyl)-2-
methylphenylamine
monohydrochloride
(CI 42520)",,Basic Violet 2,3248-91-7,221-831-7,,"(a) Hair dye
substance in
oxidative hair
dye products
(b) Hair dye
substance in
non-oxidative
hair dye
products","(b) 0,5 %","(a) After mixing under
oxidative conditions the
maximum concentration
applied to hair must not
exceed 1,0 %","(a) To be printed on the label:
The mixing ratio.
‘ Hair colorants can cause
severe allergic reactions.
Read and follow instructions.
This product is not intended for
use on persons under the age
of 16.
Temporary “black henna”
tattoos may increase your risk
of allergy.
Do not colour your hair if:
— you have a rash on your
face or sensitive, irritated
and damaged scalp,
— you have ever experienced
any reaction after colouring
your hair,
— you have experienced a
reaction to a temporary
“black henna” tattoo in the
past.’",0
III,285,279,0,active,▼M4,,310,"2,3-Diamino-6,7-
dihydro-1H,5H-
pyrazolo[1,2-a]
Pyrazol-1-one dimethanesulfonate",,"2,3-Diaminodihydropyrazolopyrazolone
Dimethosulfonate",857035-95-1,469-500-8,,"Hair dye substance
in oxidative hair
dye products",,"After mixing under
oxidative conditions the
maximum concentration
applied to hair must not
exceed 2,0 %","To be printed on the label:
The mixing ratio.
‘ Hair colorants can cause severe
allergic reactions.
Read and follow instructions.
This product is not intended for use
on persons under the age of 16.
Temporary “black henna” tattoos
may increase your risk of allergy.
Do not colour your hair if:
— you have a rash on your face or
sensitive, irritated and damaged
scalp,
— you have ever experienced any
reaction after colouring your
hair,
— you have experienced a reaction
to a temporary “black henna”
tattoo in the past.’",0
III,286,280,0,active,▼M4,,311,"2-Amino-4,6-dinitrophenol and 2-
amino-4,6-dinitrophenol, sodium salt",,"Picramic Acid
and Sodium
Picramate","96-91-3
831-52-7","202-544-6
212-603-8",,"(a) Hair dye
substance in
oxidative hair
dye products
(b) Hair dye
substance in
non-oxidative
hair dye
products","(b) 0,6 %","(a) After mixing under
oxidative conditions the
maximum concentration
applied to hair must not
exceed 0,6 %","(a) To be printed on the label:
The mixing ratio.
‘ Hair colorants can cause
severe allergic reactions.
Read and follow instructions.
This product is not intended for
use on persons under the age
of 16.
Temporary “black henna”
tattoos may increase your risk
of allergy.
Do not colour your hair if:
— you have a rash on your
face or sensitive, irritated
and damaged scalp,
— you have ever experienced
any reaction after colouring
your hair,
— you have experienced a
reaction to a temporary
“black henna” tattoo in the
past.’",0
III,287,281,0,active,▼M4,,"312,313","1-Methylamino-2-
nitro-5-(2,3-dihydroxy-propyloxy)-
benzene",,"2-Nitro-5-
Glyceryl
Methylaniline",80062-31-3,279-383-3,,"(a) Hair dye
substance in
oxidative hair
dye products
(b) Hair dye
substance in
non-oxidative
hair dye
products","(b) 1,0 %","(a) After mixing under
oxidative conditions the
maximum concentration
applied to hair must not
exceed 0,8 %
For (a) and (b):
— Do not use with nitrosating agents
— Maximum nitrosamine
content: 50 μg/kg
— Keep in nitrite-free
containers","(a) To be printed on the label:
The mixing ratio.
‘ Hair colorants can cause
severe allergic reactions.
Read and follow instructions.
This product is not intended for
use on persons under the age
of 16.
Temporary “black henna”
tattoos may increase your risk
of allergy.
Do not colour your hair if:
— you have a rash on your
face or sensitive, irritated
and damaged scalp,
— you have ever experienced
any reaction after colouring
your hair,
— you have experienced a
reaction to a temporary
“black henna” tattoo in the
past.’",0
III,288,282,0,active,▼M4,,313,"1-Propanaminium,
3-[[9,10-dihydro-4-
(methylamino)-9,10-
dioxo-1-anthracenyl]
amino]-N,N-
dimethyl-N-propyl-,
bromide",,HC Blue 16,502453-61-4,481-170-7,,"Hair dye substance
in non-oxidative
hair dye products","3,0 %","— Do not use with nitrosating agents
— Maximum nitrosamine
content: 50 μg/kg
— Keep in nitrite-free
containers",,0
III,289,283,0,active,▼M4,,"313,314","3-amino-2-chlor-6-
methylphenol
3-amino-4-chloro-6-
methylphenol HCl",,"5-Amino-6-
Chloro-o-
Cresol
5-Amino-6-
Chloro-o-
Cresol HCl","84540-50-1
80419-48-3",283-144-9,,"(a) Hair dye
substance in
oxidative hair
dye products
(b) Hair dye
substance in
non-oxidative
hair dye
products","(b) 0,5 %","(a) After mixing under
oxidative conditions the
maximum concentration
applied to hair must not
exceed 1,0 %","(a) To be printed on the label:
The mixing ratio.
‘ Hair colorants can cause
severe allergic reactions.
Read and follow instructions.
This product is not intended for
use on persons under the age
of 16.
Temporary “black henna”
tattoos may increase your risk
of allergy.
Do not colour your hair if:
— you have a rash on your
face or sensitive, irritated
and damaged scalp,
— you have ever experienced
any reaction after colouring
your hair,
— you have experienced a
reaction to a temporary
“black henna” tattoo in the
past.’",1
III,290,284,0,active,▼M4,,"314,315","Phenol, 2,2'-methylenebis[4-amino-],
dihydrochloride",,"2,2'-Methylenebis-4-aminophenol HCl","27311-52-0
63969-46-0",440-850-3,,"(a) Hair dye
substance in
oxidative hair
dye products
(b) Hair dye
substance in
non-oxidative
hair dye
products","(b) 1,0 %","(a) After mixing under
oxidative conditions the
maximum concentration
applied to hair must not
exceed 1,0 %","(a) To be printed on the label:
The mixing ratio.
‘ Hair colorants can cause
severe allergic reactions.
Read and follow instructions.
This product is not intended for
use on persons under the age
of 16.
Temporary “black henna”
tattoos may increase your risk
of allergy.
Do not colour your hair if:
— you have a rash on your
face or sensitive, irritated
and damaged scalp,
— you have ever experienced
any reaction after colouring
your hair,
— you have experienced a
reaction to a temporary
“black henna” tattoo in the
past.’",0
III,291,285,0,active,▼M4,,"315,316,317","Pyridine-2,6-
diyldiamine",,"2,6-Diaminopyridine",141-86-6,205-507-2,,"(a) Hair dye
substance in
oxidative hair
dye products
(b) Products
intended for
colouring
eyelashes",,"For (a) and (b): After
mixing under oxidative
conditions the maximum
concentration applied to hair
must not exceed 0,15 %
(b) For professional use
only.","(a) To be printed on the label:
The mixing ratio.
‘ Hair colorants can cause
severe allergic reactions.
Read and follow instructions.
This product is not intended for
use on persons under the age
of 16.
Temporary “black henna”
tattoos may increase your risk
of allergy.
Do not colour your hair if:
— you have a rash on your
face or sensitive, irritated
and damaged scalp,
— you have ever experienced
any reaction after colouring
your hair,
— you have experienced a
reaction to a temporary
“black henna” tattoo in the
past.’
(b) To be printed on the label:
The mixing ratio.
‘For professional use only.
This product can cause
severe allergic reactions.
Read and follow instructions.
This product is not intended for
use on persons under the age
of 16.
Temporary “black henna”
tattoos may increase the risk of
allergy.
Eyelashes shall not be coloured
if the consumer:
— has a rash on the face or
sensitive, irritated and
damaged scalp,
— has experienced any
reaction after colouring hair
or eyelashes,
— has experienced a reaction to
a temporary “black henna”
tattoo in the past.
Rinse eyes immediately if product
comes into contact with them.’",0
III,292,286,0,active,▼C2,,"317,318","C16-alkyltrimethylammonium chloride
C18-alkyltrimethylammonium chloride",,"Cetrimonium
chloride (19)
Steartrimonium
chloride (19)","112-02-7
112-03-8","203-928-6
203-929-1",,"(a) Rinse-off hair
products
(b) Leave-on hair
products
(c) Leave-on face
products","(a) 2,5 % for
the individual
concentrations or
the sum of
the individual
concentrations of
cetrimonium
chloride and
steartrimonium
chloride
(b) 1,0 % for
the individual
concentrations or
the sum of
the individual
concentrations of
cetrimonium
chloride and
steartrimonium
chloride
(c) 0,5 % for
the individual
concentrations or
the sum of
the individual
concentrations of
cetrimonium
chloride and
steartrimonium
chloride","For purposes other than
inhibiting the development
of micro-organisms in the
product. The purpose has to
be apparent from the presentation of the product.",,0
III,293,287,0,active,▼C2,,"319,320,321,322",C22-alkyltrimethylammonium chloride,,"Behentrimonium
chloride (19)",17301-53-0,241-327-0,,"(a) Rinse-off hair
products
(b) Leave-on hair
products
(c) Leave-on face
products","(a) 5,0 % for
the individual
concentration of
behentrimonium
chloride or
the sum of
the individual
concentrations of
cetrimonium
chloride,
steartrimonium
chloride and
behentrimonium
chloride,
while at the
same time
respecting
the relevant
maximum
concentration for
the sum of
cetrimonium
chloride and
steartrimonium
chloride set
out in entry
286.
(b) 3,0 % for
the individual
concentration of
behentrimonium
chloride or
the sum of
the individual
concentrations of
cetrimonium
chloride,
steartrimonium
chloride and
behentrimonium
chloride,
while at the
same time
respecting
the relevant
maximum
concentration for
the sum of
cetrimonium
chloride and
steartrimonium
chloride set
out in entry
286.
(c) 3,0 % for
the individual
concentration of
behentrimonium
chloride or
the sum of
the individual
concentrations of
cetrimonium
chloride,
steartrimonium
chloride and
behentrimonium
chloride,
while at the
same time
respecting
the relevant
maximum
concentration for
the sum of
cetrimonium
chloride and
steartrimonium
chloride
set out in
entry 286.","For purposes other than
inhibiting the development
of micro-organisms in the
product. The purpose has to
be apparent from the presentation of the product.",,0
III,294,288,0,active,▼M9,,322,"3-[(4-amino-3-
methyl-9,10-dioxo-
9,10-dihydroanthracen-1-yl)
amino]-N,N,N -trimethylpropan-1-
aminium, methylsulfate salt",,HC Blue No 17,16517-75-2,605-392-2,,"(a) Hair dye
substance in
oxidative hair
dye products
(b) Hair dye
substance in
non-oxidative
hair dye
products","(b) 2,0 %","(a) After mixing under
oxidative conditions the
maximum concentration
applied to hair must not
exceed 2,0 %
For (a) and (b):
— Do not use with nitrosating agents
— Maximum nitrosamine
content: 50 μg/kg
— Keep in nitrite-free
containers","(a) To be printed on the label: The
mixing ratio.
‘ Hair colorants can cause
severe allergic reactions.
Read and follow instructions.
This product is not intended for
use on persons under the age
of 16.
Temporary ‘black henna’
tattoos may increase your risk
of allergy.
Do not colour your hair if:
— you have a rash on your face
or sensitive, irritated and
damaged scalp,
— you have ever experienced
any reaction after colouring
your hair,
— you have experienced a
reaction to a temporary
‘black henna’ tattoo in the
past.’",0
III,295,289,0,active,▼M9,,323,"Phosphoric acid
compound with 4-
[(2,6-dichlorophenyl) (4-imino-3,5-
dimethyl-2,5-cyclohexadien-1-ylidene)
methyl]-2,6-
dimethylaniline
(1:1)",,HC Blue No 15,74578-10-2,277-929-5,,"(a) Hair dye
substance in
oxidative hair
dye products
(b) Hair dye
substance in
non-oxidative
hair dye
products","(b) 0,2 %","(a) After mixing under
oxidative conditions the
maximum concentration
applied to hair must not
exceed 0,2 %","(a) To be printed on the label: The
mixing ratio.
‘ Hair colorants can cause
severe allergic reactions.
Read and follow instructions.
This product is not intended for
use on persons under the age
of 16.
Temporary ‘black henna’
tattoos may increase your risk
of allergy.
Do not colour your hair if:
— you have a rash on your face
or sensitive, irritated and
damaged scalp,
— you have ever experienced
any reaction after colouring
your hair,
— you have experienced a
reaction to a temporary
‘black henna’ tattoo in the
past.’",0
III,296,290,0,active,▼M9,,323,"Disodium 2,2′-
(9,10-dioxoanthracene-1,4-
diyldiimino)bis(5-
methylsulphonate)",,Acid Green 25,4403-90-1,224-546-6,,"Hair dye substance
in non-oxidative
hair dye products","0,3 %",,,0
III,297,291,0,active,▼M9,,324,"Sodium, 4-[(9,10-
dihydro-4-hydroxy-
9,10-dioxo-1-
anthryl)amino]
toluene-3-sulphonate",,Acid Violet 43,4430-18-6,224-618-7,,"Hair dye substance
in non-oxidative
hair dye products","0,5 %",,,0
III,298,292,0,active,▼M38,,"324,325","1,4-Benzenediamine, 2-
(methoxymethyl)
1,4-Benzenediamine, 2-
(methoxymethyl)-,
sulfate",,"2-Methoxymethyl-p-
Phenylenediamine
2-Methoxymethyl-p-
Phenylenediamine Sulfate","337906-36-2
337906-37-3","679-526-3
638-749-6",,"(a) Hair dye
substance in
oxidative hair
dye products
(b) Products
intended for
colouring
eyelashes",,"(a) (b) After mixing under
oxidative conditions
the maximum
concentration
applied to hair or
eyelashes must not
exceed 1,8 % (calculated as free base)
(b) Professional use","(a) To be printed on the label:
The mixing ratio.
‘ Hair colorants can cause
severe allergic reactions.
Read and follow instructions.
This product is not intended for
use on persons under the age
of 16.
Temporary “black henna”
tattoos may increase your risk
of allergy.
Do not colour your hair if:
— you have a rash on your face
or sensitive, irritated and
damaged scalp,
— you have ever experienced
any reaction after colouring
your hair,
— you have experienced a
reaction to a temporary
“black henna” tattoo in the
past.’
(b) To be printed on the label: The
mixing ratio.
‘ This product can cause
severe allergic reactions. Read
and follow instructions.
This product is not intended for
use on persons under the age of
16. Temporary “black henna”
tattoos may increase the risk
of allergy.
Eyelashes shall not be coloured
if the consumer:
— has a rash on the face or
sensitive, irritated and
damaged scalp,
— has experienced any reaction
after colouring hair or
eyelashes,
— has experienced a reaction to
a temporary “black henna”
tattoo in the past.
For professional use only.
Rinse eyes immediately if
product comes into contact
with them.’",0
III,299,293,0,active,▼M9,,326,"1-N-Methylmorpholiniumpropylamino-
4-hydroxyanthraquinone, methyl
sulfate",,"Hydroxyanthraquinone-aminopropyl Methyl
Morpholinium
Methosulfate",38866-20-5,254-161-9,,"Hair dye substance
in non-oxidative
hair dye products","0,5 %","— Do not use with nitrosating agents
— Maximum nitrosamine
content: 50 μg/kg
— Keep in nitrite-free
containers","To be printed on the label:
‘ Hair colorants can cause severe
allergic reactions.
Read and follow instructions.
This product is not intended for use
on persons under the age of 16.
Temporary ‘black henna’ tattoos
may increase your risk of allergy.
Do not colour your hair if:
— you have a rash on your face or
sensitive, irritated and damaged
scalp,
— you have ever experienced any
reaction after colouring your
hair,
— you have experienced a reaction
to a temporary ‘black henna’
tattoo in the past.’",0
III,300,294,0,active,▼M9,,327,"Ethanol, 2,2′-[[3-
methyl-4-[(E)-(4-
nitrophenyl)azo]
phenyl]imino]bis-",,"Disperse Red
17",3179-89-3,221-665-5,,"(a) Hair dye
substance in
oxidative hair
dye products
(b) Hair dye
substance in
non-oxidative
hair dye
products","(b) 0,2 %","(a) After mixing under
oxidative conditions the
maximum concentration
applied to hair must not
exceed 2,0 %
For (a) and (b):
— Do not use with nitrosating agents
— Maximum nitrosamine
content: 50 μg/kg
— Keep in nitrite-free
containers","(a) To be printed on the label: The
mixing ratio.
‘ Hair colorants can cause
severe allergic reactions.
Read and follow instructions.
This product is not intended for
use on persons under the age
of 16.
Temporary ‘black henna’
tattoos may increase your risk
of allergy.
Do not colour your hair if:
— you have a rash on your face
or sensitive, irritated and
damaged scalp,
— you have ever experienced
any reaction after colouring
your hair,
— you have experienced a
reaction to a temporary
‘black henna’ tattoo in the
past.’",0
III,301,295,0,active,▼M9,,327,"4-Amino-5-hydroxy-
3-(4-nitrophenylazo)-6-(phenylazo)-
2,7-naphthalenedisulfonic acid,
disodium salt",,Acid Black 1,1064-48-8,213-903-1,,"Hair dye substance
in non-oxidative
hair dye products","0,5 %",,,0
III,302,296,0,active,▼M9,,328,"Disodium 3-
hydroxy-4-[(E)-(4-
methyl-2-sulfonatophenyl)diazenyl]-
2-naphthoate",,"Pigment Red
57",5858-81-1,227-497-9,,"Hair dye substance
in non-oxidative
hair dye products","0,4 %",,,0
III,303,297,0,active,▼M11,►C3 ◄,"328,329","2-(2-Ethoxyethoxy)
ethanol
Diethylene Glycol
Monoethyl Ether
(DEGEE)",,Ethoxydiglycol,111-90-0,203-919-7,,"(a) Oxidative hair
dye products
(b) Non-oxidative
hair dye
products
(c) Rinse-off
products other
than hair dye
products
(d) Other non-
spray cosmetic
products
(e) The following
spray
products: fine
fragrances,
hair sprays,
antiperspirants
and deodorants","(a) 7 %
(b) 5 %
(c) 10 %
(d) 2,6 %
(e) 2,6 %","(a) to (e):
The level of ethylene glycol
impurity in Ethoxydiglycol
must be ≤ 0,1 %.
Not to be used in eye
products and oral products.",,0
III,304,298,0,active,▼M18,,329,"Di[2-[4-[(E)-2-[4-
[bis(2-hydroxyethyl)
aminophenyl]vinyl]
pyridin-1-ium]
butanoyl]
aminoethyl]di-
sulfanyl dichloride",,HC Red No 17,"1449471-67-
3",,,"Hair dye substance
in non-oxidative
hair dye products","As from
3 September
2017: 0,5 %","As from 3 September 2017:
— Do not use with nitrosating agents
— Maximum nitrosamine
content: 50 μg/kg
— Keep in nitrite-free
containers",,0
III,305,299,0,active,▼M18,,"329,330","Di[2-[4-[(E)-2-
[2,4,5-trimethoxyphenyl]vinyl]
pyridinin-1-ium]
butanoyl]
aminoethyl]
disulfanyl dichloride",,"HC Yellow No
17","1450801-55-
4",,,"Hair dye substance
in non-oxidative
hair dye products","As from
3 September
2017: 0,5 %",,"As from 3 March 2018:
‘ Hair colourants can cause
severe allergic reactions.
Read and follow instructions.
This product is not intended for use
on persons under the age of 16.
Temporary “black henna” tattoos
may increase your risk of allergy.
Do not colour your hair if:
— you have a rash on your face or
sensitive, irritated and damaged
scalp,
— you have ever experienced any
reaction after colouring your
hair,
— you have experienced a reaction
to a temporary “black henna”
tattoo in the past.’",1
III,306,300,0,active,▼M18,,"330,331","1H-Pyrazole-4,5-
diamine, 1-hexyl-,
sulfate (2:1)",,"1-Hexyl 4,5-
Diamino
Pyrazole
Sulfate","1361000-
03-4",,,"Hair dye substance
in oxidative hair
dye products",,"As from 3 September 2017,
after mixing under oxidative
conditions the maximum
concentration applied to hair
must not exceed 1,0 %","As from 3 March 2018, to be
printed on the label:
The mixing ratio.
‘ Hair colourants can cause
severe allergic reactions.
Read and follow instructions.
This product is not intended for use
on persons under the age of 16.
Temporary “black henna” tattoos
may increase your risk of allergy.
Do not colour your hair if:
— you have a rash on your face or
sensitive, irritated and damaged
scalp,
— you have ever experienced any
reaction after colouring your
hair,
— you have experienced a reaction
to a temporary “black henna”
tattoo in the past.’",1
III,307,301,0,active,▼M18,,"331,332","4-Hydroxy-2,5,6-
triaminopyrimidine
sulfate",,"2,5,6-Triamino-
4-Pyrimidinol
Sulfate",1603-02-7,216-500-9,,"Hair dye substance
in oxidative hair
dye products",,"As from 3 September 2017,
after mixing under oxidative
conditions the maximum
concentration applied to hair
must not exceed 0,5 %","As from 3 March 2018, to be
printed on the label:
The mixing ratio.
‘ Hair colourants can cause
severe allergic reactions.
Read and follow instructions.
This product is not intended for use
on persons under the age of 16.
Temporary “black henna” tattoos
may increase your risk of allergy.
Do not colour your hair if:
— you have a rash on your face or
sensitive, irritated and damaged
scalp,
— you have ever experienced any
reaction after colouring your
hair,
— you have experienced a reaction
to a temporary “black henna”
tattoo in the past.’",0
III,308,302,0,active,▼M18,,"332,333","2-[(3-Aminopyrazolo[1,5-a]pyridin-
2-yl)oxy]ethanol
hydrochloride",,"Hydroxyethoxy
Aminopyrazo
lopyridine HCl","1079221-
49-0",695-745-7,,"Hair dye substance
in oxidative hair
dye products",,"As from 3 September 2017,
after mixing under oxidative
conditions the maximum
concentration applied to hair
must not exceed 2,0 %","As from 3 March 2018, to be
printed on the label:
The mixing ratio.
‘ Hair colourants can cause
severe allergic reactions.
Read and follow instructions.
This product is not intended for use
on persons under the age of 16.
Temporary “black henna” tattoos
may increase your risk of allergy.
Do not colour your hair if:
— you have a rash on your face or
sensitive, irritated and damaged
scalp,
— you have ever experienced any
reaction after colouring your
hair,
— you have experienced a reaction
to a temporary “black henna”
tattoo in the past.’",1
III,309,303,0,active,▼M18,,333,"Phenol, 3-amino-
2,6-dimethyl",,"3-Amino-2,6-
Dimethylphenol",6994-64-5,230-268-6,,"Hair dye substance
in oxidative hair
dye products",,"As from 3 September 2017,
after mixing under oxidative
conditions the maximum
concentration applied to hair
must not exceed 2,0 %","As from 3 March 2018, to be
printed on the label:
The mixing ratio.
‘ Hair colourants can cause
severe allergic reactions.
Read and follow instructions.
This product is not intended for use
on persons under the age of 16.
Temporary “black henna” tattoos
may increase your risk of allergy.
Do not colour your hair if:
— you have a rash on your face or
sensitive, irritated and damaged
scalp,
— you have ever experienced any
reaction after colouring your
hair,
— you have experienced a reaction
to a temporary “black henna”
tattoo in the past.’",0
III,310,304,0,active,▼M18,,334,"2-Naphthalenaminium, 8-[(4-
amino-3-nitrophenyl)azo]-7-
hydroxy-N,N,N-
trimethyl-, chloride",,"Basic Brown
17",68391-32-2,269-944-0,,"Hair dye substance
in non-oxidative
hair dye products","As from
3 September
2017: 2,0 %",,,0
III,311,305,0,active,▼M18,,334,"3-Amino-7-
(dimethylamino)-2-
methoxyphenoxazin-
5-ium chloride",,Basic Blue 124,67846-56-4,267-370-5,,"Hair dye substance
in non-oxidative
hair dye products","As from
3 September
2017: 0,5 %","As from 3 September 2017:
— Do not use with nitrosating agents
— Maximum nitrosamine
content: 50 μg/kg
— Keep in nitrite-free
containers","As from 3 March 2018:
‘ Hair colourants can cause
severe allergic reactions.
Read and follow instructions.
This product is not intended for use
on persons under the age of 16.
Temporary “black henna” tattoos
may increase your risk of allergy.
Do not colour your hair if:
— you have a rash on your face or
sensitive, irritated and damaged
scalp,
— you have ever experienced any
reaction after colouring your
hair,
— you have experienced a reaction
to a temporary “black henna”
tattoo in the past’.",0
III,312,306,0,active,▼M25,►C4 ◄,"335,336","Peanut oil, extracts
and derivatives",,"Arachis
Hypogaea Oil
Arachis
Hypogaea
Seedcoat
Extract
Arachis
Hypogaea
Flour
Arachis
Hypogaea Fruit
Extract
Arachis
Hypogaea
Sprout Extract
Hydrogenated
Peanut Oil
Peanut Acid
Peanut
Glycerides
Peanut Oil
PEG-6 Esters
Peanutamide
MEA
Peanutamide
MIPA
Potassium
Peanutate
Sodium Peanutamphoacetate
Sodium
Peanutate
Sulfated Peanut
Oil","8002-03-7
8002-03-7
8002-03-7
8002-03-7
68425-36-5
91051-35-3
91744-77-3
68440-49-3
93572-05-5
61789-56-8
61789-57-9
73138-79-1","232-296-4
232-296-4
232-296-4
232-296-4
270-350-9
293-087-1
294-643-6
297-433-2
263-069-8
263-070-3
277-298-6",,,,"Maximum concentration of
peanut proteins: 0,5 ppm (22)",,1
III,313,307,0,active,▼M25,►C4 ◄,336,"Hydrolyzed wheat
protein",,"Hydrolyzed
Wheat Protein","94350-06-8
/ 222400-
28-4 /
70084-87-6
/ 100209-
50-5","305-225-0
309-358-5",,,,"Maximum molecular weight
average of the peptides in
hydrolysates: 3,5 kDa (23)",,1
III,314,308,0,active,▼C5,,336,"Tagetes minuta
flower extract (24)
Tagetes minuta
flower oil (25)",,"Tagetes minuta
flower extract
Tagetes minuta
flower oil","91770-75-1;
91770-75-1/
8016-84-0","294-862-7;
294-862-7",,"(a) Leave-on
products
(b) Rinse-off
products","(a) 0,01 %
(b) 0,1 %","For (a) and (b): Alpha
terthienyl (terthiophen)
content in the extract/oil
≤ 0,35 %.
For (a): Not to be used in
sunscreen products and
products marketed for
exposure to natural/artificial
UV light.
For (a) and (b): In case of
combined use with Tagetes
patula (entry 309), the total
combined content of
Tagetes in ready
for use preparation shall not
exceed the
maximum concentration
limits set out in column (g).",,1
III,315,309,0,active,▼C5,,337,"Tagetes patula
flower extract (26)
Tagetes patula
flower oil (27)",,"Tagetes patula
flower extract
Tagetes patula
flower oil","91722-29-1;
91722-29-1/
8016-84-0","294-431-3;
294-431-3/-",,"(a) Leave-on
products
(b) Rinse-off
products","(a) 0,01 %
(b) 0,1 %","For (a) and (b): Alpha
terthienyl (terthiophen)
content in the extract/oil
≤ 0,35 %.
For (a): Not to be used in
sunscreen products and
products marketed for
exposure to natural/artificial
UV light.
For (a) and (b): In case of
combined use with Tagetes
minuta (entry 308), the total
combined content of
Tagetes in ready
for use preparation shall not
exceed the
maximum concentration
limits set out in column (g).",,1
III,316,310,0,active,▼M31,,337,"1-(4-Chlorophenoxy)- 1-
(imidazol-1-yl)-3,3-
dimethylbutan-2-
one (28)",,Climbazole,38083-17-9,253-775-4,,"Rinse-off anti-
dandruff sham-
poo (29)","2,0 % (29)","For purposes other than
inhibiting the development
of micro-organisms in the
product. This purpose has to
be apparent from the presentation of the product. (29)",,0
III,317,311,1,deleted,▼M52,,337,,,,,,,,,,,0
III,318,312,0,active,▼M32,,338,2-Furaldehyde,,Furfural,98-01-1,202-627-7,,,"0,001 %",,,0
III,319,313,0,active,▼M37,,338,"2-Hydroxyethyl
Methacrylate (30)",,HEMA,868-77-9,212-782-2,,Nail products,,Professional use only,"For professional use only
Can cause an allergic reaction",0
III,320,314,0,active,▼M37,,338,"11,14-Dioxa-2,9-
diazaheptadec-16-
enoic Acid,
4,4,6,16-tetramethyl-10,15-dioxo,
2-[(2-methyl-1-oxo-
2-propenyl)oxy]
ethyl ester (31)",,"DI-HEMA
TRIMETHYLHEXYL
DICARBAMATE","41137-60-4/
72869-86-4","255-239-5/
276-957-5",,Nail products,,Professional use only,"For professional use only
Can cause an allergic reaction",0
III,321,315,0,active,▼C8,,"338,339","4-(3-aminopyrazolo
[1,5-A]pyridin-2-
yl)-1,1-dimethylpiperazin-1-ium
chloride hydrochloride",,Dimethylpiperazinium Aminopyrazolopyridine HCl,"1256553-33-
9",813-255-5,,"Hair dye substance
in oxidative hair
dye products",,"As from 3 June 2021, after
mixing under oxidative
conditions the maximum
concentration applied to hair
must not exceed 2 % (calculated as free base)","As from 3 December 2021, to be
printed on the label: The mixing
ratio.
‘ Hair colorants can cause severe
allergic reactions. Read and follow
instructions. This product is not
intended for use on persons under
the age of 16. Temporary “black
henna” tattoos may increase your
risk of allergy.
Do not colour your hair if:
— you have a rash on your face or
sensitive, irritated and damaged
scalp,
— you have ever experienced any
reaction after colouring your
hair,
— you have experienced a reaction
to a temporary “black henna”
tattoo in the past.’",0
III,322,316,0,active,▼C8,,339,"1-(3-((4-Aminophenyl)amino)
propyl)-3-methyl-
1H-imidazol-3-ium
chloride hydrochloride",,"Methylimidazoliumpropyl p-
phenylenediamine HCl",220158-86-1,,,"Hair dye substance
in oxidative hair
dye products",,"As from 3 June 2021, after
mixing under oxidative
conditions the maximum
concentration applied to hair
must not exceed 2 % (calculated as free base)","As from 3 December 2021, to be
printed on the label:
The mixing ratio.
‘ Hair colorants can cause severe
allergic reactions.
Read and follow instructions.
This product is not intended for use
on persons under the age of 16.
Temporary “black henna” tattoos
may increase your risk of allergy.
Do not colour your hair if:
— you have a rash on your face or
sensitive, irritated and damaged
scalp,
— you have ever experienced any
reaction after colouring your
hair,
— you have experienced a reaction
to a temporary “black henna”
tattoo in the past.’",0
III,323,317,0,active,▼C8,,340,"Di-[2-[(E)-2-[4-[bis
(2-hydroxyethyl)
aminophenyl]vinyl]
pyridin-1-ium]-
ethyl]disulphide
dimethanesulfonate",,"HC Orange
No 6","1449653-
83-1",,,"Hair dye substance
in non-oxidative
hair dye products","As from 3 June
2021: 0,5 %","Methanesulfonates impurities, in particular ethyl
methanesulfonate shall not
be present.",,1
III,324,318,0,active,▼C8,,340,"Sodium 4-[(2-
hydroxy-1-naphthyl)
azo]benzene
sulfonate",,Acid Orange 7,633-96-5,211-199-0,,"Hair dye substance
in non-oxidative
hair dye products","As from 3 June
2021: 0,5 %",,,0
III,325,319,0,active,▼C8,,"340,341","Phenol, 4,4'-
(4,5,6,7-tetrabromo-
1,1-dioxido-3H-2,1-
benzoxathiol-3-
ylidene)bis[2,6-
dibromo-",,Tetrabromophenol Blue,4430-25-5,224-622-9,,"(a) Hair dye
substance in
oxidative hair
dye products
(b) Hair dye
substance in
non-oxidative
hair dye
products","(b) As from
3 June
2021: 0,2 %","(a) As from 3 June 2021,
after mixing under
oxidative conditions the
maximum concentration
applied to hair must not
exceed 0,2 % (calculated as free base)","(a) As from 3 December 2021, to
be printed on the label:
The mixing ratio.
‘ Hair colorants can cause severe
allergic reactions.
Read and follow instructions.
This product is not intended for use
on persons under the age of 16.
Temporary “black henna” tattoos
may increase your risk of allergy.
Do not colour your hair if:
— you have a rash on your face or
sensitive, irritated and damaged
scalp,
— you have ever experienced any
reaction after colouring your
hair,
— you have experienced a reaction
to a temporary “black henna”
tattoo in the past.’",0
III,326,320,0,active,▼C8,,341,"Indigofera tinctoria,
dried and pulverised
leaves of Indigofera
tinctoria L",,"Indigofera
tinctoria leaf
Indigofera
tinctoria leaf
powder
Indigofera
tinctoria leaf
extract
Indigofera
tinctoria
extract",84775-63-3,283-892-6,,"Hair dye substance
in non-oxidative
hair dye products","As from 3 June
2021: 25 %",,,0
III,327,321,0,active,▼C9,,341,"Titanium dioxide in
powder form
containing 1 % or
more of particles
with aerodynamic
diameter ≤ 10 μm",,"Titanium
Dioxide","13463-67-7/
1317-70-0/
1317-80-2","236-675-5/
215-280-1/
215-282-2",,"(a) face products
in loose
powder form
(b) hair aerosol
spray products
(c) other products","(a) 25 %;
(b) 1,4 % for
general
consumers,
and 1.1 %
for professional use.","(a) (b)
Only in the pigmentary form
(c)
Not to be used in
applications that may lead to
exposure of the end-user’s
lungs by inhalation",,1
III,328,322,0,active,▼M41,►C10 ◄,342,"1,3-Dihydroxy-2-
propanone",,Dihydroxyacetone,96-26-4,202-494-5,,"(a) Hair dye
substance in
non-oxidative
hair dye
products (32)
(b) Self-tanning
products (32)","(a) 6,25 %
(b) 10 %",,,0
III,329,323,0,active,▼M43,,342,Methyl-N-methylanthranilate (33),,,85-91-6,201-642-6,,"(a) Leave-on
products
(b) Rinse-off
products","(a) 0,1 %
(b) 0,2 %","For (a): Not to be used in
sunscreen products and
products marketed for
exposure to natural or
artificial UV light.
For (a) and (b):
— Do not use with nitrosating agents
— Maximum nitrosamine
content: 50 μg/kg
— Keep in nitrite-free
containers",,0
III,330,324,0,active,▼M49,,"343,344,345",Methyl 2-hydroxybenzoate (38),,"Methyl
Salicylate",119-36-8,204-317-7,,"(a) Leave-on skin
products
(except face
makeup,
spray/aerosol
body lotion,
spray/aerosol
deodorant and
hydroalcoholic-based
fragrances)
and leave on
hair products
(except spray/
aerosol
products)
(b) Face makeup
(except lip
products, eye
makeup and
makeup
remover)
(c) Eye makeup
and makeup
remover
(d) Leave-on hair
products
(spray/
aerosol)
(e) Deodorant
spray/aerosol
(f) Body lotion
spray/aerosol
(g) Rinse-off skin
products
(except hand
wash) and
rinse-off hair
products
(h) Hand wash
(i) Hydroalcoholic-based
fragrances
(j) Lip products
(k) Toothpaste
(l) Mouthwash
intended for
children aged
6–10 years
(m) Mouthwash
intended for
children
above 10
years of age
and adults
(n) Mouth spray","(a) 0,06 %
(b) 0,05 %
(c) 0,002 %
(d) 0,009 %
(e) 0,003 %
(f) 0,04 %
(g) 0,06 %
(h) 0,6 %
(i) 0,6 %
(j) 0,03 %
(k) 2,52 %
(l) 0,1 %
(m) 0,6 %
(n) 0,65 %","Not to be used in preparations for children under 6
years of age, with the
exception of (k) ‘Toothpaste’.
The presence of the
substance shall be indicated
in the list of ingredients
referred to in Article 19(1),
point (g), when its concentration exceeds:
— 0,001 % in leave-on
products
— 0,01 % in rinse-off
products.",,0
III,331,325,0,active,▼C12,,345,"2,6-Di-tert-butyl-p-
cresol; 2,6-Di-tert-
butyl-4- methylphenol (34)",,BHT,128-37-0,204-881-4,,"a) Mouthwash
b) Toothpaste
c) Other leave-on
and rinse-off
products","a) 0,001 %
b) 0,1 %
c) 0,8 %",,,0
III,332,326,0,active,▼M47,,346,"1H-Indene-1,3(2H)-
dione, 2-(2-
quinolinyl)-,
sulfonated, sodium
salts (CI
47005) (35), (36)",,Acid Yellow 3,8004-92-0,305-897-5,,"Non-oxidative hair
dye products","0,5 %",,,0
III,333,327,0,active,▼M49,,346,"[3R-
(3α,3aβ,7β,8aα)]-1-
(2,3,4,7,8,8a-
hexahydro-3,6,8,8-
tetramethyl-1H-
3a,7-methanoazulen-
5-yl)ethan-1-one (40)",,Acetyl Cedrene,32388-55-9,251-020-3,,,,"The presence of the
substance shall be indicated
in the list of ingredients
referred to in Article 19(1),
point (g), when its concentration exceeds:
— 0,001 % in leave-on
products
— 0,01 % in rinse-off
products.",,0
III,334,328,0,active,▼M49,,"346,347","Pentyl-2-hydroxy-
benzoate (40)",,"Amyl
Salicylate",2050-08-0,218-080-2,,,,"The presence of the
substance shall be indicated
in the list of ingredients
referred to in Article 19(1),
point (g), when its concentration exceeds:
— 0,001 % in leave-on
products
— 0,01 % in rinse-off
products.",,0
III,335,329,0,active,▼M49,,347,"1-Methoxy-4-(1E)-
1-propen-1-yl-
benzene (trans-
Anethole) (40)",,Anethole,"104-46-1/
4180-23-8","203-205-5/
224-052-0",,,,"The presence of the
substance shall be indicated
in the list of ingredients
referred to in Article 19(1),
point (g), when its concentration exceeds:
— 0,001 % in leave-on
products
— 0,01 % in rinse-off
products.",,0
III,336,330,0,active,▼M49,,"347,348",Benzaldehyde (40),,Benzaldehyde,100-52-7,202-860-4,,,,"The presence of the
substance shall be indicated
in the list of ingredients
referred to in Article 19(1),
point (g), when its concentration exceeds:
— 0,001 % in leave-on
products
— 0,01 % in rinse-off
products.",,0
III,337,331,0,active,▼M49,,348,"Bornan-2-one;
1,7,7-Trimethylbi-
cyclo[2.2.1]-2-
heptanone (40)",,Camphor,"76-22-2/
21368-68-3/
464-49-3/
464-48-2","200-945-0/
244-350-4/
207-355-2/
207-354-7",,,,"The presence of the
substance shall be indicated
in the list of ingredients
referred to in Article 19(1),
point (g), when its concentration exceeds:
— 0,001 % in leave-on
products
— 0,01 % in rinse-off
products.",,0
III,338,332,0,active,▼M49,,"348,349","(1R,4E,9S)-4,11,11-
Trimethyl-8-methylenebicyclo[7.2.0]
undec-4-ene (40)",,Beta-Caryophyllene,87-44-5,201-746-1,,,,"The presence of the
substance shall be indicated
in the list of ingredients
referred to in Article 19(1),
point (g), when its concentration exceeds:
— 0,001 % in leave-on
products
— 0,01 % in rinse-off
products.",,0
III,339,333,0,active,▼M49,,349,"2-methyl-5-(prop-1-
en-2-yl)cyclohex-2-
en-1-one;(5R)-2-
Methyl-5-prop-1-en-
2-ylcyclohex-2-en-
1-one;(5S)-2-
Methyl-5-prop-1-en-
2-ylcyclohex-2-en-
1-one (40)",,Carvone,"99-49-0 /
6485-40-1/
2244-16-8","202-759-5/
229-352-5/
218-827-2",,,,"The presence of the
substance shall be indicated
in the list of ingredients
referred to in Article 19(1),
point (g), when its concentration exceeds:
— 0,001 % in leave-on
products
— 0,01 % in rinse-off
products.",,0
III,340,334,0,active,▼M49,,"349,350","2-Methyl-1-phenyl-
2-propyl acetate;
Dimethylbenzyl
Carbinyl Acetate (40)",,"Dimethyl
Phenethyl
Acetate",151-05-3,205-781-3,,,,"The presence of the
substance shall be indicated
in the list of ingredients
referred to in Article 19(1),
point (g), when its concentration exceeds:
— 0,001 % in leave-on
products
— 0,01 % in rinse-off
products.",,0
III,341,335,0,active,▼M49,,350,"Oxacyclohepta-
decan-2-one (40)",,Hexadecanolactone,109-29-5,203-662-0,,,,"The presence of the
substance shall be indicated
in the list of ingredients
referred to in Article 19(1),
point (g), when its concentration exceeds:
— 0,001 % in leave-on
products
— 0,01 % in rinse-off
products.",,0
III,342,336,0,active,▼M49,,"350,351","1,3,4,6,7,8-
Hexahydro-
4,6,6,7,8,8-
hexamethylcyclopenta-γ-2-
benzopyran (40)",,Hexamethylindanopyran,1222-05-5,214-946-9,,,,"The presence of the
substance shall be indicated
in the list of ingredients
referred to in Article 19(1),
point (g), when its concentration exceeds:
— 0,001 % in leave-on
products
— 0,01 % in rinse-off
products.",,0
III,343,337,0,active,▼M49,,351,"3,7-Dimethyl octa-
1,6-diene-3-yl
acetate (40)",,Linalyl Acetate,115-95-7,204-116-4,,,,"The presence of the
substance shall be indicated
in the list of ingredients
referred to in Article 19(1),
point (g), when its concentration exceeds:
— 0,001 % in leave-on
products
— 0,01 % in rinse-off
products.",,0
III,344,338,0,active,▼M49,,"351,352","Menthol;
dl-menthol;
l-menthol;
d-menthol (40)",,Menthol,"89-78-1 /
1490-04-6 /
2216-51-5 /
15356-60-2","201-939-0/
216-074-4/
218-690-9/
239-387-8",,,,"The presence of the
substance shall be indicated
in the list of ingredients
referred to in Article 19(1),
point (g), when its concentration exceeds:
— 0,001 % in leave-on
products
— 0,01 % in rinse-off
products.",,0
III,345,339,0,active,▼M49,,352,"3-Methyl-5-(2,2,3-
Trimethyl-3-Cyclopentenyl)pent-4-en-
2-ol (40)",,"Trimethylcyclopentenyl
Methylisopentenol",67801-20-1,267-140-4,,,,"The presence of the
substance shall be indicated
in the list of ingredients
referred to in Article 19(1),
point (g), when its concentration exceeds:
— 0,001 % in leave-on
products
— 0,01 % in rinse-off
products.",,0
III,346,340,0,active,▼M49,,"352,353",o-Hydroxy-benzaldehyde (40),,Salicylaldehyde,90-02-8,201-961-0,,,,"The presence of the
substance shall be indicated
in the list of ingredients
referred to in Article 19(1),
point (g), when its concentration exceeds:
— 0,001 % in leave-on
products
— 0,01 % in rinse-off
products.",,0
III,347,341,0,active,▼M49,,353,"5-(2,3-Dimethyl-
tricyclo[2.2.1.02,6]-
hept-3-yl)-2-
methylpent-2-en-1-
ol (alpha-Santalol);
(1S-(1a,2a(Z),4a))-
2-Methyl-5-(2-
methyl-3-methylenebicyclo[2.2.1]
hept-2-yl)-2-penten-
1-ol
(beta-Santalol) (40)",,Santalol,"11031-45-1/
115-71-9/
77-42-9","234-262-4/
204-102-8/
201-027-2",,,,"The presence of the
substance shall be indicated
in the list of ingredients
referred to in Article 19(1),
point (g), when its concentration exceeds:
— 0,001 % in leave-on
products
— 0,01 % in rinse-off
products.",,0
III,348,342,0,active,▼M49,,"353,354","[1R-(1alpha)]-alpha-
Ethenyldecahydro-2-
hydroxy-a,2,5,5,8a-
pentamethyl-1-naphthalenepropanol (40)",,Sclareol,515-03-7,208-194-0,,,,"The presence of the
substance shall be indicated
in the list of ingredients
referred to in Article 19(1),
point (g), when its concentration exceeds:
— 0,001 % in leave-on
products
— 0,01 % in rinse-off
products.",,0
III,349,343,0,active,▼M49,,354,"2-(4-methylcyclohex-3-en-1-yl)
propan-2-ol; p-
Menth-1-en-8-ol
(alpha-Terpineol);
1-methyl-4-(1-
methylvinyl)cyclohexan-1-ol (beta-
Terpineol); 1-
methyl-4-(1-methylethylidene)cyclohexan-1-ol (gamma-
Terpineol) (40)",,Terpineol,"8000-41-7/
98-55-5/
138-87-4/
586-81-2","232-268-1/
202-680-6/
205-342-6/
209-584-3",,,,"The presence of the
substance shall be indicated
in the list of ingredients
referred to in Article 19(1),
point (g), when its concentration exceeds:
— 0,001 % in leave-on
products
— 0,01 % in rinse-off
products.",,0
III,350,344,0,active,▼M49,,354,"1-(1,2,3,4,5,6,7,8-
octahydro-2,3,8,8-
tetramethyl-2-naph-
thyl)ethan-1-one; 1-
(1,2,3,4,5,6,7,8-
octahydro-2,3,5,5-
tetramethyl-2-
naphthyl)ethan-1-
one; 1-
(1,2,3,5,6,7,8,8a-
octahydro-2,3,8,8-
tetramethyl-2-
naphthyl)ethan-1-
one; 1-
(1,2,3,4,6,7,8,8a-
octahydro-2,3,8,8-
tetramethyl-2-
naphthyl)ethan-1-
one (40)",,"Tetramethyl
acetyloctahydronaphthalenes","54464-57-2/
54464-59-4/
68155-66-8/
68155-67-9/","259-174-3/
259-175-9/
268-978-3/
268-979-9/",,,,"The presence of the
substance shall be indicated
in the list of ingredients
referred to in Article 19(1),
point (g), when its concentration exceeds:
— 0,001 % in leave-on
products
— 0,01 % in rinse-off
products.",,1
III,351,345,0,active,▼M49,,355,"3-(2,2-Dimethyl-3-
hydroxypropyl)
toluene (40)",,Trimethylbenzenepropanol,103694-68-4,403-140-4,,,,"The presence of the
substance shall be indicated
in the list of ingredients
referred to in Article 19(1),
point (g), when its concentration exceeds:
— 0,001 % in leave-on
products
— 0,01 % in rinse-off
products.",,0
III,352,346,0,active,▼M49,,355,"4-Hydroxy-3-
methoxybenz-
aldehyde (40)",,Vanillin,121-33-5,204-465-2,,,,"The presence of the
substance shall be indicated
in the list of ingredients
referred to in Article 19(1),
point (g), when its concentration exceeds:
— 0,001 % in leave-on
products
— 0,01 % in rinse-off
products.",,0
III,353,347,0,active,▼M49,,356,"Cananga odorata
flower oil and
extract; Ylang
Ylang flower oil
and extract (40)",,"Cananga
Odorata Flower
Extract;
Cananga
Odorata Flower
Oil","83863-30-3/
8006-81-3/
68606-83-7/
93686-30-7","281-092-1/
-/
-/
297-681-1",,,,"The presence of the
substance or substances
shall be indicated as
‘Cananga Odorata Oil/
Extract’ in the list of
ingredients referred to in
Article 19(1), point (g),
when the concentration
exceeds of the substance or
substances:
— 0,001 % in leave-on
products
— 0,01 % in rinse-off
products.",,1
III,354,348,0,active,▼M49,,356,"Cinnamomum cassia
leaf Oil (40)",,"Cinnamomum
Cassia Leaf Oil","8007-80-5/
84961-46-6","-/
284-635-0",,,,"The presence of the
substance shall be indicated
in the list of ingredients
referred to in Article 19(1),
point (g), when its concentration exceeds:
— 0,001 % in leave-on
products
— 0,01 % in rinse-off
products.",,0
III,355,349,0,active,▼M49,,357,"Cinnamomum
zeylanicum bark
oil (40)",,"Cinnamomum
Zeylanicum
Bark Oil","8015-91-6/
84649-98-9","-/
283-479-0",,,,"The presence of the
substance shall be indicated
in the list of ingredients
referred to in Article 19(1),
point (g), when its concentration exceeds:
— 0,001 % in leave-on
products
— 0,01 % in rinse-off
products.",,1
III,356,350,0,active,▼M49,,357,"Citrus aurantium
amara and dulcis
flower oil (40)",,"Citrus
Aurantium
Amara Flower
Oil
Citrus
Aurantium
Dulcis Flower
Oil","72968-50-4
8028-48-6/
8016-38-4","277-143-2
232-433-8/
-",,,,"The presence of the
substance or substances
shall be indicated as ‘Citrus
Aurantium Flower Oil’ in
the list of ingredients
referred to in Article 19(1),
point (g), when the concentration of the substance or
substances exceeds:
— 0,001 % in leave-on
products
— 0,01 % in rinse-off
products.",,1
III,357,351,0,active,▼M49,,358,"Citrus aurantium
amara and dulcis
peel oil (40)",,"Citrus
Aurantium
Amara Peel Oil
Citrus
Aurantium
Dulcis Peel
Oil;
Citrus Sinensis
Peel Oil","68916-04-1/
72968-50-4
97766-30-8/
8028-48-6/
8008-57-9","-/
277-143-2
307-891-8/
232-433-8/
-",,,,"The presence of the
substance or substances
shall be indicated as ‘Citrus
Aurantium Peel Oil’ in the
list of ingredients referred to
in Article 19(1), point (g),
when the concentration of
the substance or substances
exceeds:
— 0,001 % in leave-on
products
— 0,01 % in rinse-off
products.",,1
III,358,352,0,active,▼M49,,358,"Citrus aurantium
bergamia oil
(Bergamot oil) (40)",,"Citrus
Aurantium
Bergamia Peel
Oil","8007-75-8
89957-91-5
68648-33-9/
8007-75-8/
85049-52-1","616-915-9
289-612-9
-/
616-915-9/
-",,,,"The presence of the
substance shall be indicated
in the list of ingredients
referred to in Article 19(1),
point (g), when its concentration exceeds:
— 0,001 % in leave-on
products
— 0,01 % in rinse-off
products.",,1
III,359,353,0,active,▼M49,,359,Citrus limon oil (40),,"Citrus Limon
Peel Oil","84929-31-7/
8008-56-8","284-515-8/
-",,,,"The presence of the
substance shall be indicated
in the list of ingredients
referred to in Article 19(1),
point (g), when its concentration exceeds:
— 0,001 % in leave-on
products
— 0,01 % in rinse-off
products.",,0
III,360,354,0,active,▼M49,,359,"Cymbopogon
citratus / schoenanthus/flexuosus
oils (40)",,"Cymbopogon
Schoenanthus
Oil
Cymbopogon
Flexuosus Oil
Cymbopogon
Citratus Leaf
Oil","8007-02-1/
89998-16-3
91844-92-7
8007-02-1/
91844-92-7","-/
289-754-1
295-161-9
295-161-9/
295-161-9",,,,"The presence of the
substance or substances
shall be indicated as
‘Lemongrass Oil’ in the list
of ingredients referred to in
Article 19(1), point (g),
when the concentration of
the substance or substances
exceeds:
— 0,001 % in leave-on
products
— 0,01 % in rinse-off
products.",,1
III,361,355,0,active,▼M49,,360,"Eucalyptus globulus
oil (40)",,"Eucalyptus
Globulus Leaf
Oil;
Eucalyptus
Globulus Leaf/
Twig Oil","97926-40-
4/ 8000-48-
4/
8000-48-4","308-257-3/
616-775-9/
616-775-9",,,,"The presence of the
substance or substances
shall be indicated as ‘Eucalyptus Globulus Oil’ in the
list of ingredients referred to
in Article 19(1), point (g),
when the concentration of
the substance or substances
exceeds:
— 0,001 % in leave-on
products
— 0,01 % in rinse-off
products.",,1
III,362,356,0,active,▼M49,,360,Eugenia caryophyllus oil (40),,"Eugenia Caryophyllus Leaf
Oil
Eugenia Caryophyllus Flower
Oil
Eugenia Caryophyllus Stem
oil
Eugenia Caryophyllus Bud oil","8000-34-8 /
8015-97-2/
84961-50-2
84961-50-2
84961-50-2
84961-50-2","616-772-2/
-/
284-638-7
284-638-7
284-638-7
284-638-7",,,,"The presence of the
substance or substances
shall be indicated as
‘Eugenia Caryophyllus Oil’
in the list of ingredients
referred to in Article 19(1),
point (g), when the concentration of the substance or
substances exceeds:
— 0,001 % in leave-on
products
— 0,01 % in rinse-off
products.",,1
III,363,357,0,active,▼M49,,361,"Jasminum grandiflorum / officinale
oil and extract (40)",,"Jasminum
Grandiflorum
Flower Extract;
Jasminum
Officinale Oil;
Jasminum
Officinale
Flower Extract","84776-64-7/
90045-94-6/
8022-96-6/
8024-43-9
90045-94-6","283-993-5/
289-960-1/
-/
-
289-960-1",,,,"The presence of the
substance or substances
shall be indicated as
‘Jasmine Oil/Extract’ in the
list of ingredients referred to
in Article 19(1), point (g),
when the concentration of
the substance or substances
exceeds:
— 0,001 % in leave-on
products
— 0,01 % in rinse-off
products",,1
III,364,358,0,active,▼M49,,361,"Juniperus virginiana
oil (40)",,"Juniperus
Virginiana Oil;
Juniperus
Virginiana
Wood Oil","8000-27-9 /
85085-41-2","-/
285-370-3",,,,"The presence of the
substance or substances
shall be indicated as
‘Juniperus Virginiana Oil’
in the list of ingredients
referred to in Article 19(1),
point (g), when the concentration of the substance or
substances exceeds:
— 0,001 % in leave-on
products
— 0,01 % in rinse-off
products.",,1
III,365,359,0,active,▼M49,,362,"Laurus nobilis
oil (40) (42)",,"Laurus Nobilis
Leaf Oil","8002-41-3/
8007-48-5/
84603-73-6","-/
-/
283-272-5",,,,"The presence of the
substance shall be indicated
in the list of ingredients
referred to in Article 19(1),
point (g), when its concentration exceeds:
— 0,001 % in leave-on
products
— 0,01 % in rinse-off
products.",,0
III,366,360,0,active,▼M49,,"362,363","Lavandula hybrida
oil/extract;
Lavandula
intermedia oil/
extract;
Lavandula angustifolia oil/extract (40)",,"Lavandula
Hybrida Oil;
Lavandula
Hybrida
Extract;
Lavandula
Hybrida Flower
Extract;
Lavandula
Intermedia
Flower/Leaf/
Stem Extract;
Lavandula
Intermedia
Flower/Leaf/
Stem Oil;
Lavandula
Intermedia Oil
Lavandula
Angustifolia
Oil; Lavandula
Angustifolia
Flower/Leaf/
Stem Extract","91722-69-9/
8022-15-9/
93455-96-0/
93455-97-1/
92623-76-2
84776-65-8/
8000-28-0/
90063-37-9
84776-65-8/
8000-28-0/
90063-37-9","294-470-6/
-/
-/
-/
296-408-3
283-994-0/
-/
289-995-2
283-994-0/
-/
289-995-2",,,,"The presence of the
substance or substances
shall be indicated ‘Lavandula Oil/ Extract’ in the
list of ingredients referred to
in Article 19(1), point (g),
when the concentration of
the substance or substances
exceeds:
— 0,001 % in leave-on
products
— 0,01 % in rinse-off
products.",,1
III,367,361,0,active,▼M49,,363,"Mentha piperita
oil (40)",,"Mentha
Piperita Oil","8006-90-4/
84082-70-2","-/
282-015-4",,,,"The presence of the
substance shall be indicated
in the list of ingredients
referred to in Article 19(1),
point (g), when its concentration exceeds:
— 0,001 % in leave-on
products
— 0,01 % in rinse-off
products.",,0
III,368,362,0,active,▼M49,,"363,364","Mentha spicata oil
(spearmint oil) (40)",,"Mentha Viridis
Leaf Oil","8008-79-5/
84696-51-5","616-927-4/
283-656-2",,,,"The presence of the
substance shall be indicated
in the list of ingredients
referred to in Article 19(1),
point (g), when its concentration exceeds:
— 0,001 % in leave-on
products
— 0,01 % in rinse-off
products.",,0
III,369,363,0,active,▼M49,,364,"Narcissus poeticus/
pseudonarcissus/
jonquilla/tazetta
extract (40)",,"Narcissus
Poeticus
Extract
Narcissus Pseudonarcissus
Flower Extract
Narcissus
Jonquilla
Extract
Narcissus
Tazetta Extract","90064-26-9/
68917-12-4
90064-27-0
90064-25-8","290-087-3/
-
290-088-9
290-086-8",,,,"The presence of the
substance or substances
shall be indicated as ‘Narcissus Extract’ in the list of
ingredients referred to in
Article 19(1), point (g),
when the concentration of
the substance or substances
exceeds:
— 0,001 % in leave-on
products
— 0,01 % in rinse-off
products.",,1
III,370,364,0,active,▼C13,,"364,365","Pelargonium
graveolens oil (40)",,"Pelargonium
Graveolens Oil
Pelargonium
Graveolens
Flower Oil
Pelargonium
Graveolens
Leaf Oil","90082-51-2/
8000-46-2","290-140-0/
-",,,,"The presence of the
substance shall be indicated
in the list of ingredients
referred to in Article 19(1),
point (g), when its concentration exceeds:
— 0,001 % in leave-on
products
— 0,01 % in rinse-off
products",,1
III,371,365,0,active,▼C13,,365,"Pogostemon cablin
oil (40)",,"Pogostemon
Cablin Oil
Pogostemon
Cablin Leaf Oil","8014-09-3/
84238-39-1",-/ 282-493-4,,,,"The presence of the
substance shall be indicated
in the list of ingredients
referred to in Article 19(1),
point (g), when its concentration exceeds:
— 0,001 % in leave-on
products
— 0,01 % in rinse-off
products",,1
III,372,366,0,active,▼M49,,"365,366","Rosa damascena
flower oil/extract;
Rosa alba flower
oil/extract;
Rosa canina flower
oil;
Rosa centifolia oil/
extract;
Rosa gallica flower
oil;
Rosa moschata
flower oil;
Rosa rugosa flower
oil (40)",,"Rosa
Damascena
Flower Oil;
Rosa
Damascena
Flower Extract
Rosa Alba
Flower Oil;
Rosa Alba
Flower Extract
Rosa Canina
Flower Oil
Rosa Centifolia
Flower Oil;
Rosa Centifolia
Flower Extract
Rosa Gallica
Flower Oil
Rosa Moschata
Flower Oil
Rosa Rugosa
Flower Oil","8007-01-0/
90106-38-0/
93334-48-6
84696-47-9
84604-12-6
84604-13-7
-
92347-25-6","-/
290-260-3
297-122-1
283-652-0
283-289-8
283-290-3
-
296-213-3",,,,"The presence of the
substance or substances
shall be indicated as ‘Rose
Flower Oil/Extract’ in the
list of ingredients referred to
in Article 19(1), point (g),
when the concentration of
the substance or substances
exceeds:
— 0,001 % in leave-on
products
— 0,01 % in rinse-off
products.",,1
III,373,367,0,active,▼M49,,366,"Santalum album
oil (40)",,"Santalum
Album Oil","8006-87-9/
84787-70-2","-/
284-111-1",,,,"The presence of the
substance shall be indicated
in the list of ingredients
referred to in Article 19(1),
point (g), when its concentration exceeds:
— 0,001 % in leave-on
products
— 0,01 % in rinse-off
products.",,0
III,374,368,0,active,▼M49,,"366,367","Phenol, 2-methoxy-
4-(2-propenyl)-,
acetate (40)",,"Eugenyl
Acetate",93-28-7,202-235-6,,,,"The presence of the
substance shall be indicated
in the list of ingredients
referred to in Article 19(1),
point (g), when its concentration exceeds:
— 0,001 % in leave-on
products
— 0,01 % in rinse-off
products.",,0
III,375,369,0,active,▼M49,,367,"2,6-Octadien-1-ol,
3,7-dimethyl-,1-
acetate, (2E)- (40)",,"Geranyl
Acetate",105-87-3,203-341-5,,,,"The presence of the
substance shall be indicated
in the list of ingredients
referred to in Article 19(1),
point (g), when its concentration exceeds:
— 0,001 % in leave-on
products
— 0,01 % in rinse-off
products.",,0
III,376,370,0,active,▼M49,,"367,368","2-Methoxy-4-prop-
1-enylphenyl
acetate (40)",,"Isoeugenyl
Acetate",93-29-8,202-236-1,,,,"The presence of the
substance shall be indicated
in the list of ingredients
referred to in Article 19(1),
point (g), when its concentration exceeds:
— 0,001 % in leave-on
products
— 0,01 % in rinse-off
products.",,0
III,377,371,0,active,▼M49,,368,"2,6,6-Trimethylbi-
cyclo[3.1.1]hept-2-
ene (alpha-Pinene);
6,6-Dimethyl- 2-
methylenebicyclo
[3.1.1]heptane (beta-
Pinene) (40) (41)",,Pinene,"80-56-8/
7785-70-8/
127-91-3/
18172-67-3","201-291-9/
232-087-8/
204-872-5/
242-060-2",,,,"The presence of the
substance or the substances
shall be indicated in the list
of ingredients referred to in
Article 19(1), point (g),
when the concentration of
the substance or the
substances exceeds:
— 0,001 % in leave-on
products
— 0,01 % in rinse-off
products.
The peroxide value shall be
less than 10 mmoles/L (15)",,0
III,378,372,0,active,▼M50,,369,Hydroxyapatite (43),,"Hydroxyapatite
(nano)",1306-06-5,215-145-7,,"(a) Toothpaste
(b) Mouthwash","(a) 10 %
(b) 0,465 %","For (a) and (b):
Not to be used in applications that may lead to
exposure of the end-user’s
lungs by inhalation.
Only nanomaterials having
the following characteristics
are allowed:
— [composed of] rod-
shaped particles of
which at least 95,8 %
(in particle number)
have an aspect ratio less
than 3, and the
remaining 4,2 % have
an aspect ratio not
exceeding 4,9;
— the particles are not
coated or surface
modified",,0
III,379,373,0,active,▼M51,,369,"Genisteol; 4',5,7-
Trihydroxyisoflavone; 5,7-dihydroxy-3-(4-hydroxyphenyl)-4-
benzopyrone (44)",,Genistein,446-72-0,207-174-9,,,"0,007 %",,,0
III,380,374,0,active,▼M51,,370,"Daidzeol; 4',7-Dihydroxyisoflavone; 7-
hydroxy-3-(4-hydroxyphenyl)-4-
benzopyrone (44)",,Daidzein,486-66-8,207-635-4,,,"0,02 %",,,0
III,381,375,0,active,▼M51,,370,"5-Hydroxy-2-
(hydroxymethyl)-
4H-pyrane-4-
one (44)",,Kojic Acid,501-30-4,207-922-4,,"Face and hand
products",1 %,,,0
III,382,376,0,active,▼M51,,"370,371","(2E,4E,6E,8E)-3,7-
dimethyl-9-(2,6,6-
trimethylcyclohexen-1-yl)nona-
2,4,6,8-tetraen-1-
ol (45)
[(2E,4E,6E,8E)-3,7-
dimethyl-9-(2,6,6-
trimethylcyclohexen-1-yl)nona-
2,4,6,8-tetraenyl]
acetate (45)
[(2E,4E,6E,8E)-3,7-
dimethyl-9-(2,6,6-
trimethylcyclohexen-1-yl)nona-
2,4,6,8-tetraenyl]
hexadecanoate (45)",,"Retinol
Retinyl Acetate
Retinyl
Palmitate","11103-57-4/
68-26-8
127-47-9
79-81-2","234-328-2/
200-683-7
204-844-2
201-228-5",,"(a) Body lotion
(b) other leave-on
and rinse-off
products","(a) 0,05 %
Retinol
Equivalent
(RE)
(b) 0,3 % RE",,"For any cosmetic product
containing Retinol, Retinyl Acetate
or
Retinyl Palmitate the following,
labelling is obligatory: ‘Contains
Vitamin A. Consider your daily
intake before use’.",1
III,383,377,0,active,▼M51,,371,"4-Hydroxyphenyl-
alpha-D-glucopyranoside (44)",,Alpha-Arbutin,84380-01-8,617-561-8,,"(a) Face cream
(b) Body lotion","(a) 2 %
(b) 0,5 %","Hydroquinone levels shall
remain as low as possible in
formulations containing
alpha-Arbutin and shall not
be higher than the
unavoidable trace level.",,0
III,384,378,0,active,▼M51,,371,"4-Hydroxyphenyl-
beta-D-glucopyranoside (44)",,Arbutin,497-76-7,207-850-3,,Face cream,7 %,"Hydroquinone levels shall
remain as low as possible in
formulations containing
Arbutin and shall not be
higher than the unavoidable
trace level.",,0
III,385,379,0,active,▼M53,,371,"Silver (powder)
[100 nm < particle
diameter < 1 mm]",,Silver,7440-22-4,231-131-3,,"(a) Toothpaste
(b) Mouthwash","For (a) and (b):
0,05 %",,,0
III,386,380,0,active,▼M53,,"372,373,374",Hexyl 2-hydroxybenzoate,,"Hexyl
Salicylate",6259-76-3,228-408-6,,"(a) Hydroalcoholic-based
fragrances
(except hydroalcoholic-
based
fragrances
intended for
children below
3 years of age)
(b) All rinse-off
products
(except shower
gel/bath
products, hand
wash, hair
conditioner
and shampoo
intended for
children below
3 years of age)
(c) All leave-on
products
(except hair
conditioner,
body lotion,
face cream,
hand cream,
lipstick/lip
balm and
fragrance
products
intended for
children below
3 years of age)
(d) Toothpaste
(e) Mouthwash
(f) Shower gel/
bath products,
hand wash,
shampoo, hair
conditioner,
body, face and
hand (skin)
care products,
lipstick/lip balm
and fragrance
products intended
for children below
3 years of age","(a) 2 %
(b) 0,5 %
(c) 0,3 %
(d) 0,001 %
(e) 0,001 %
(f) 0,1 %","Not to be used in preparations for children under 3
years of age, with the
exception of (d) ‘Toothpaste’ and (f).",,0
III,387,381,0,active,▼M54,►C14 ◄,"374,375,376,377","Aluminium-
containing
ingredients with the
exception of those
listed in entries 34,
50, 189, 190
and 192 of
Annex III, in entries
117, 118, 119, 121,
131, 150 of
Annex IV, in entry
61 in Annex V, and
entry 27a of
Annex VI. (46)",,,,,,"(a) Non-aerosol
antiperspirants
or deodorants
(b) Aerosol antiperspirants or
deodorants
(c) Toothpaste
(d) Lip products
(e) Body and face
rinse-off
products
(f) Bar soap
(g) Hair rinse-off
products
(h) Hair leave-on
products that
may lead to
the exposure
of the end
user’s lungs by
inhalation
(i) All other hair
leave-on
products
(j) Make-up
products
(except lip
products, eye
liner products,
eye shadow,
nail varnish
and mascara)
(k) Eye liner
products
(l) Eye shadow
(m) Nail varnish
(n) Mascara
(o) Face leave-on
products
(except make-
up products,
eye liner
products, eye
shadow and
mascara)
(p) Hand leave-on
products
(q) Other leave-on
skin products
(except non-
aerosol antiperspirants or
deodorants,
aerosol antiperspirants or
deodorants,
face leave-on
products, hand
leave-on
products and
talcum
powder)
(r) Talcum
powder","(a) 7,73 % (as
Al)
(b) 3,24 % (as
Al)
(c) 3,18 % (as
Al)
(d) 14,62 % (as
Al)
(e) 0,89 % (as
Al)
(f) 4 % (As AI)
(g) 7,14 % (as
Al)
(h) 0,15 % (as
Al)
(i) 6,7 % (as
Al)
(j) 23 % (as
Al)
(k) 15,76 % (as
Al)
(l) 43,31 % (as
Al)
(m) 3,61 % (as
Al)
(n) 3,13 % (As
Al)
(o) 10,59 % (as
Al)
(p) 0,86 % (as
Al)
(q) 3,81 % (as
Al)
(r) 2,0 % (as
Al)","For (q): Not to be used in
sunscreen products that may
lead to exposure of the end
user’s lungs by inhalation.","For (r): Keep powder away from
children’s nose and mouth",0
III,388,382,0,active,▼M54,►C14 ◄,378,"Vetiveria
zizanioides, ext.,
acetylated (46)
Oils, vetiver,
acetylated (46)",,"Acetylated
Vetiveria
Zizanioides
Root Extract;
Acetylated
Vetiveria
Zizanioides
Root Oil","84082-84-8/
68917-34-0",282-031-1/-,,"(a) Fragrance
products
(hydroalcoholic and
non-hydroalcoholic, spray
and non-spray)
(b) Deodorant
(c) Make-up
products
(d) Leave-on
products
(except (a), (b)
and (c))
(e) Rinse-off
products","(a) 0,9 %
(b) 0,05 %
(c) 0,05 %
(d) 0,1 %
(e) 0,2 %","For (a) – (e): stabilised with
1 % alpha- tocopherol
(applies to raw materials).",,1
III,389,383,0,active,▼M54,►C14 ◄,379,"3-[(E)-(3-chloro-4-
hydroxyphenyl)
diazenyl]-2,l-benzisothiazole-5-
sulfonamide",,"HC Blue
No 18","1166834-57-
6/ 852356-
91-3",-/-,,"(a) Hair dye
substance in
oxidative hair
dye products
(b) Hair dye
substance in
non-oxidative
hair dye
products","(b) 0,35 %","For (a): After mixing under
oxidative conditions the
maximum concentration
applied to hair must not
exceed 0,35 %.","For (a): To be printed on the label:
The mixing ratio.
’Hair colourants can cause severe
allergic reactions. Read and follow
instructions. This product is not
intended for use on persons under
the age of 16. Temporary ‘black
henna’ tattoos may increase your
risk of allergy. Do not colour your
hair if: — you have a rash on your
face or sensitive, irritated and
damaged scalp, — you have ever
experienced any reaction after
colouring your hair, — you have
experienced a reaction to a
temporary ‘black henna’ tattoo in
the past",1
III,390,384,0,active,▼M54,►C14 ◄,380,"3-(2,5-diaminophenyl)propan-1-ol
and 3-(2,5-diaminophenyl) propan-1-
ol dihydrochloride
salt",,"Hydroxypropyl-p-
phenylenediamine
and Hydroxypropyl-p-
phenylenediamine 2HCl","73793-79-0
1928659-
47-5","827-723-1
-",,"Hair dye substance
in oxidative hair
dye products",,"After mixing under
oxidative conditions the
maximum concentration
applied to hair must not
exceed 2 %.","To be printed on the label: The
mixing ratio.
Hair colourants can cause severe
allergic reactions. Read and follow
instructions. This product is not
intended for use on persons under
the age of 16. Temporary ‘black
henna’ tattoos may increase your
risk of allergy. Do not colour your
hair if: — you have a rash on your
face or sensitive, irritated and
damaged scalp, — you have ever
experienced any reaction after
colouring your hair, — you have
experienced a reaction to a
temporary ‘black henna’ tattoo in
the past",0
III,391,385,0,active,▼M54,►C14 ◄,381,"2-chloro-4-[(1E)-(1-
methyl-1H-pyrazol-
5-yl)diazenyl]-
phenol",,"HC Yellow
No 16","1184721-
10-5",-,,"(a) Hair dye
substance in
oxidative hair
dye products
(b) Hair dye
substance in
non-oxidative
hair dye
products","(b) 1,5 %","For (a): After mixing under
oxidative conditions the
maximum concentration
applied to hair must not
exceed 1 %.","For (a):
To be printed on the label:
The mixing ratio.
Hair colourants can cause severe
allergic reactions. Read and follow
instructions. This product is not
intended for use on persons under
the age of 16. Temporary ‘black
henna’ tattoos may increase your
risk of allergy. Do not colour your
hair if: — you have a rash on your
face or sensitive, irritated and
damaged scalp, — you have ever
experienced any reaction after
colouring your hair, — you have
experienced a reaction to a
temporary ‘black henna’ tattoo in
the past",1
III,392,386,0,active,▼M54,►C14 ◄,382,"2-chloro-4-{(E)-[3-
(methylthio)-1,2,4-
thiadiazol-5-yl]
diazenyl}phenol",,HC Red No 18,"1444596-
49-9",-,,"(a) Hair dye
substance in
oxidative hair
dye products
(b) Hair dye
substance in
non-oxidative
hair dye
products","(b) 0,5 %","For (a): After mixing under
oxidative conditions the
maximum concentration
applied to hair must not
exceed 1,5 %.","For (a): To be printed on the label:
The mixing ratio.
‘Hair colourants can cause severe
allergic reactions. Read and follow
instructions. This product is not
intended for use on persons under
the age of 16. Temporary ‘black
henna’ tattoos may increase your
risk of allergy. Do not colour your
hair if: — you have a rash on your
face or sensitive, irritated and
damaged scalp,
— you have ever experienced any
reaction after colouring your hair,
— you have experienced a reaction
to a temporary ‘black henna’ tattoo
in the past’.",0
