annex,entry_seq,ref_no,ref_inferred,status,amended_by,mid_amendments,pages,chemical_name,colour_index,inci_name,cas,ec,colour,product_type,max_concentration,other,wording,needs_review
II,1,1,0,active,▼B,,35,N-(5-Chlorobenzoxazol-2-yl)acetamide,,,35783-57-4,,,,,,,0
II,2,2,0,active,▼B,,35,"(2-Acetoxyethyl)trimethylammonium hydroxide
(Acetylcholine) and its salts",,,51-84-3,200-128-9,,,,,,0
II,3,3,0,active,▼B,,35,Deanol aceglumate (INN),,,3342-61-8,222-085-5,,,,,,0
II,4,4,0,active,▼B,,35,Spironolactone (INN),,,52-01-7,200-133-6,,,,,,0
II,5,5,0,active,▼B,,35,"[4-(4-Hydroxy-3-iodophenoxy)-3,5-diiodophenyl]acetic acid (Tiratricol (INN)) and its salts",,,51-24-1,200-086-1,,,,,,0
II,6,6,0,active,▼B,,35,Methotrexate (INN),,,59-05-2,200-413-8,,,,,,0
II,7,7,0,active,▼B,,35,Aminocaproic acid (INN) and its salts,,,60-32-2,200-469-3,,,,,,0
II,8,8,0,active,▼B,,35,"Cinchophen (INN), its salts, derivatives and salts
of these derivatives",,,132-60-5,205-067-1,,,,,,0
II,9,9,0,active,▼B,,35,Thyropropic acid (INN) and its salts,,,51-26-3,,,,,,,0
II,10,10,0,active,▼B,,35,Trichloroacetic acid,,,76-03-9,200-927-2,,,,,,0
II,11,11,0,active,▼B,,35,"Aconitum napellus L. (leaves, roots and galenical
preparations)",,,84603-50-9,283-252-6,,,,,,0
II,12,12,0,active,▼B,,35,"Aconitine (principal alkaloid of Aconitum
napellus L.) and its salts",,,302-27-2,206-121-7,,,,,,0
II,13,13,0,active,▼B,,35,Adonis vernalis L. and its preparations,,,84649-73-0,283-458-6,,,,,,0
II,14,14,0,active,▼B,,35,Epinephrine (INN),,,51-43-4,200-098-7,,,,,,0
II,15,15,0,active,▼B,,35,"Rauwolfia serpentina L., alkaloids and their salts",,,90106-13-1,290-234-1,,,,,,0
II,16,16,0,active,▼B,,35,"Alkyne alcohols, their esters, ethers and salts",,,,,,,,,,0
II,17,17,0,active,▼B,,35,Isoprenaline (INN),,,7683-59-2,231-687-7,,,,,,0
II,18,18,0,active,▼B,,35,Allyl isothiocyanate,,,57-06-7,200-309-2,,,,,,0
II,19,19,0,active,▼B,,35,Alloclamide (INN) and its salts,,,5486-77-1,,,,,,,0
II,20,20,0,active,▼B,,35,"Nalorphine (INN), its salts and ethers",,,62-67-9,200-546-1,,,,,,0
II,21,21,0,active,▼B,,35,"Sympathicomimetic amines acting on the central
nervous system: any substance contained in the
first list of medicaments which are subject to
medical prescription and are referred to in
resolution AP (69) 2 of the Council of Europe",,,300-62-9,206-096-2,,,,,,0
II,22,22,0,active,▼B,,36,"Aniline, its salts and its halogenated and
sulphonated derivatives",,,62-53-3,200-539-3,,,,,,0
II,23,23,0,active,▼B,,36,Betoxycaine (INN) and its salts,,,3818-62-0,,,,,,,0
II,24,24,0,active,▼B,,36,Zoxazolamine (INN),,,61-80-3,200-519-4,,,,,,0
II,25,25,0,active,▼B,,36,"Procainamide (INN), its salts and derivatives",,,51-06-9,200-078-8,,,,,,0
II,26,26,0,active,▼B,,36,Benzidine,,,92-87-5,202-199-1,,,,,,0
II,27,27,0,active,▼B,,36,"Tuaminoheptane (INN), its isomers and salts",,,123-82-0,204-655-5,,,,,,0
II,28,28,0,active,▼B,,36,Octodrine (INN) and its salts,,,543-82-8,208-851-1,,,,,,0
II,29,29,0,active,▼B,,36,"2-Amino-1,2-bis(4-methoxyphenyl)ethanol and
its salts",,,530-34-7,,,,,,,0
II,30,30,0,active,▼B,,36,"1,3-Dimethylpentylamine and its salts",,,105-41-9,203-296-1,,,,,,0
II,31,31,0,active,▼B,,36,4-Aminosalicylic acid and its salts,,,65-49-6,200-613-5,,,,,,0
II,32,32,0,active,▼B,,36,"Toluidines, their isomers, salts and halogenated
and sulphonated derivatives",,,26915-12-8,248-105-2,,,,,,0
II,33,33,0,active,▼B,,36,"Xylidines, their isomers, salts and halogenated
and sulphonated derivatives",,,1300-73-8,215-091-4,,,,,,0
II,34,34,0,active,▼B,,36,"Imperatorin (9-(3-methylbut-2-enyloxy)furo[3,2-
g]chromen-7-one)",,,482-44-0,207-581-1,,,,,,0
II,35,35,0,active,▼B,,36,Ammi majus L. and its galenical preparations,,,90320-46-0,291-072-4,,,,,,0
II,36,36,0,active,▼B,,36,"2,3-Dichloro-2-methylbutane",,,507-45-9,,,,,,,0
II,37,37,0,active,▼B,,36,Substances with androgenic effect,,,,,,,,,,0
II,38,38,0,active,▼B,,36,Anthracene oil,,,120-12-7,204-371-1,,,,,,0
II,39,39,0,active,▼B,,36,Antibiotics,,,,,,,,,,0
II,40,40,0,active,▼B,,36,Antimony and its compounds,,,7440-36-0,231-146-5,,,,,,0
II,41,41,0,active,▼B,,36,Apocynum cannabinum L. and its preparations,,,84603-51-0,283-253-1,,,,,,0
II,42,42,0,active,▼B,,36,"Apomorphine ((R) 5,6,6a,7-tetrahydro-6-methyl-
4H-dibenzo[de,g]quinoline-10,11-diol) and its
salts",,,58-00-4,200-360-0,,,,,,0
II,43,43,0,active,▼B,,36,Arsenic and its compounds,,,7440-38-2,231-148-6,,,,,,0
II,44,44,0,active,▼B,,36,Atropa belladonna L. and its preparations,,,8007-93-0,232-365-9,,,,,,0
II,45,45,0,active,▼B,,36,"Atropine, its salts and derivatives",,,51-55-8,200-104-8,,,,,,0
II,46,46,0,active,▼B,,36,"Barium salts, with the exception of barium
sulphide under the conditions laid down in
Annex III, and of barium sulfate, lakes, salts and
pigments prepared from colouring agents when
listed in Annex IV",,,,,,,,,,0
II,47,47,0,active,▼B,,36,Benzene,,,71-43-2,200-753-7,,,,,,0
II,48,48,0,active,▼B,,37,Benzimidazol-2(3H)-one,,,615-16-7,210-412-4,,,,,,0
II,49,49,0,active,▼B,,37,Benzazepines and benzodiazepines,,,12794-10-4,,,,,,,0
II,50,50,0,active,▼B,,37,"1-Dimethylaminomethyl-1-methylpropyl
benzoate (amylocaine) and its salts",,,644-26-8,211-411-1,,,,,,0
II,51,51,0,active,▼B,,37,"2,2,6-Trimethyl-4-piperidyl benzoate (eucaine)
and its salts",,,500-34-5,,,,,,,0
II,52,52,0,active,▼B,,37,Isocarboxazid (INN),,,59-63-2,200-438-4,,,,,,0
II,53,53,0,active,▼B,,37,Bendroflumethiazide (INN) and its derivatives,,,73-48-3,200-800-1,,,,,,0
II,54,54,0,active,▼B,,37,Beryllium and its compounds,,,7440-41-7,231-150-7,,,,,,0
II,55,55,0,active,▼B,,37,"Bromine, elemental",,,7726-95-6,231-778-1,,,,,,0
II,56,56,0,active,▼B,,37,Bretylium tosilate (INN),,,61-75-6,200-516-8,,,,,,0
II,57,57,0,active,▼B,,37,Carbromal (INN),,,77-65-6,201-046-6,,,,,,0
II,58,58,0,active,▼B,,37,Bromisoval (INN),,,496-67-3,207-825-7,,,,,,0
II,59,59,0,active,▼B,,37,Brompheniramine (INN) and its salts,,,86-22-6,201-657-8,,,,,,0
II,60,60,0,active,▼B,,37,Benzilonium bromide (INN),,,1050-48-2,213-885-5,,,,,,0
II,61,61,0,active,▼B,,37,Tetrylammonium bromide (INN),,,71-91-0,200-769-4,,,,,,0
II,62,62,0,active,▼B,,37,Brucine,,,357-57-3,206-614-7,,,,,,0
II,63,63,0,active,▼B,,37,Tetracaine (INN) and its salts,,,94-24-6,202-316-6,,,,,,0
II,64,64,0,active,▼B,,37,Mofebutazone (INN),,,2210-63-1,218-641-1,,,,,,0
II,65,65,0,active,▼B,,37,Tolbutamide (INN),,,64-77-7,200-594-3,,,,,,0
II,66,66,0,active,▼B,,37,Carbutamide (INN),,,339-43-5,206-424-4,,,,,,0
II,67,67,0,active,▼B,,37,Phenylbutazone (INN),,,50-33-9,200-029-0,,,,,,0
II,68,68,0,active,▼B,,37,Cadmium and its compounds,,,7440-43-9,231-152-8,,,,,,0
II,69,69,0,active,▼B,,37,"Cantharides, Cantharis vesicatoria",,,92457-17-5,296-298-7,,,,,,0
II,70,70,0,active,▼B,,37,Cantharidine,,,56-25-7,200-263-3,,,,,,0
II,71,71,0,active,▼B,,37,Phenprobamate (INN),,,673-31-4,211-606-1,,,,,,0
II,72,72,0,active,▼B,,37,Nitroderivatives of carbazole,,,,,,,,,,0
II,73,73,0,active,▼B,,37,Carbon disulphide,,,75-15-0,200-843-6,,,,,,0
II,74,74,0,active,▼B,,37,Catalase,,,9001-05-2,232-577-1,,,,,,0
II,75,75,0,active,▼B,,37,Cephaeline and its salts,,,483-17-0,207-591-6,,,,,,0
II,76,76,0,active,▼B,,37,Chenopodium ambrosioides L. (essential oil),,,8006-99-3,,,,,,,0
II,77,77,0,active,▼B,,38,"2,2,2-Trichloroethane-1,1-diol",,,302-17-0,206-117-5,,,,,,0
II,78,78,0,active,▼B,,38,Chlorine,,,7782-50-5,231-959-5,,,,,,0
II,79,79,0,active,▼B,,38,Chlorpropamide (INN),,,94-20-2,202-314-5,,,,,,0
II,80,80,0,moved_or_deleted,▼B,,38,Moved or deleted,,,,,,,,,,0
II,81,81,0,active,▼B,,38,"4-Phenylazophenylene-1,3-diamine citrate
hydrochloride (chrysoidine citrate hydrochloride)",,,5909-04-6,,,,,,,0
II,82,82,0,active,▼B,,38,Chlorzoxazone (INN),,,95-25-0,202-403-9,,,,,,0
II,83,83,0,active,▼B,,38,"2-Chloro-6-methylpyrimidin-4-yldimethylamine
(crimidine-ISO)",,,535-89-7,208-622-6,,,,,,0
II,84,84,0,active,▼B,,38,Chlorprothixene (INN) and its salts,,,113-59-7,204-032-8,,,,,,0
II,85,85,0,active,▼B,,38,Clofenamide (INN),,,671-95-4,211-588-5,,,,,,0
II,86,86,0,active,▼B,,38,"N,N-bis(2-chloroethyl)methylamine N-oxide and
its salts",,,126-85-2,,,,,,,0
II,87,87,0,active,▼B,,38,Chlormethine (INN) and its salts,,,51-75-2,200-120-5,,,,,,0
II,88,88,0,active,▼B,,38,Cyclophosphamide (INN) and its salts,,,50-18-0,200-015-4,,,,,,0
II,89,89,0,active,▼B,,38,Mannomustine (INN) and its salts,,,576-68-1,209-404-3,,,,,,0
II,90,90,0,active,▼B,,38,Butanilicaine (INN) and its salts,,,3785-21-5,,,,,,,0
II,91,91,0,active,▼B,,38,Chlormezanone (INN),,,80-77-3,201-307-4,,,,,,0
II,92,92,0,active,▼B,,38,Triparanol (INN),,,78-41-1,201-115-0,,,,,,0
II,93,93,0,active,▼B,,38,"2-[2(4-Chlorophenyl)-2-phenylacetyl]indane-1,3-
dione (chlorophacinone-ISO)",,,3691-35-8,223-003-0,,,,,,0
II,94,94,0,active,▼B,,38,Chlorphenoxamine (INN),,,77-38-3,,,,,,,0
II,95,95,0,active,▼B,,38,Phenaglycodol (INN),,,79-93-6,201-235-3,,,,,,0
II,96,96,0,active,▼B,,38,Chloroethane,,,75-00-3,200-830-5,,,,,,0
II,97,97,0,active,▼B,,38,Chromium; chromic acid and its salts,,,7440-47-3,231-157-5,,,,,,0
II,98,98,0,active,▼B,,38,"Claviceps purpurea Tul., its alkaloids and
galenical preparations",,,84775-56-4,283-885-8,,,,,,0
II,99,99,0,active,▼B,,38,"Conium maculatum L. (fruit, powder, galenical
preparations)",,,85116-75-2,285-527-6,,,,,,0
II,100,100,0,active,▼B,,38,Glycyclamide (INN),,,664-95-9,211-557-6,,,,,,0
II,101,101,0,active,▼B,,38,Cobalt benzenesulphonate,,,23384-69-2,,,,,,,0
II,102,102,0,active,▼B,,38,"Colchicine, its salts and derivatives",,,64-86-8,200-598-5,,,,,,0
II,103,103,0,active,▼B,,38,Colchicoside and its derivatives,,,477-29-2,207-513-0,,,,,,0
II,104,104,0,active,▼B,,39,Colchicum autumnale L. and its galenical preparations,,,84696-03-7,283-623-2,,,,,,0
II,105,105,0,active,▼B,,39,Convallatoxin,,,508-75-8,208-086-3,,,,,,0
II,106,106,0,active,▼B,,39,Anamirta cocculus L. (fruit),,,,,,,,,,0
II,107,107,0,active,▼B,,39,Croton tiglium L. (oil),,,8001-28-3,,,,,,,0
II,108,108,0,active,▼B,,39,1-Butyl-3-(N-crotonoylsulphanilyl)urea,,,52964-42-8,,,,,,,0
II,109,109,0,active,▼B,,39,Curare and curarine,,,"8063-06-7/
22260-42-0","232-511-1/
244-880-6",,,,,,0
II,110,110,0,active,▼B,,39,Synthetic curarizants,,,,,,,,,,0
II,111,111,0,active,▼B,,39,Hydrogen cyanide and its salts,,,74-90-8,200-821-6,,,,,,0
II,112,112,0,active,▼B,,39,"Feclemine (INN); 2-(alpha-Cyclohexylbenzyl)-N,
N,N',N'-tetraethyl-1,3-propanediamine",,,3590-16-7,,,,,,,0
II,113,113,0,active,▼B,,39,Cyclomenol (INN) and its salts,,,5591-47-9,227-002-6,,,,,,0
II,114,114,0,active,▼B,,39,Sodium hexacyclonate (INN),,,7009-49-6,,,,,,,0
II,115,115,0,active,▼B,,39,Hexapropymate (INN),,,358-52-1,206-618-9,,,,,,0
II,116,116,0,moved_or_deleted,▼B,,39,Moved or deleted,,,,,,,,,,0
II,117,117,0,active,▼B,,39,"O,O'-Diacetyl-N-allyl-N-normorphine",,,2748-74-5,,,,,,,0
II,118,118,0,active,▼B,,39,Pipazetate (INN) and its salts,,,2167-85-3,218-508-8,,,,,,0
II,119,119,0,active,▼B,,39,"5-(α,β-Dibromophenethyl)-5-methylhydantoin",,,511-75-1,208-133-8,,,,,,0
II,120,120,0,active,▼B,,39,"N,N'-Pentamethylenebis(trimethylammonium)
salts, e. g. pentamethonium bromide (INN)",,,541-20-8,208-771-7,,,,,,0
II,121,121,0,active,▼B,,39,"N,N'-[(Methylimino)diethylene]bis(ethyldimethylammonium) salts, e. g. azamethonium
bromide (INN)",,,306-53-6,206-186-1,,,,,,0
II,122,122,0,active,▼B,,39,Cyclarbamate (INN),,,5779-54-4,227-302-7,,,,,,0
II,123,123,0,active,▼B,,39,Clofenotane (INN); DDT (ISO),,,50-29-3,200-024-3,,,,,,0
II,124,124,0,active,▼B,,39,"N,N'-Hexamethylenebis(trimethylammonium)
salts, e. g. hexamethonium bromide (INN)",,,55-97-0,200-249-7,,,,,,0
II,125,125,0,active,▼B,,39,"Dichloroethanes (ethylene chlorides) e.g. 1,2-
Dichloroethane",,,107-06-2,203-458-1,,,,,,0
II,126,126,0,active,▼B,,39,"Dichloroethylenes (acetylene chlorides) e.g.
Vinylidene chloride (1,1-Dichloroethylene)",,,75-35-4,200-864-0,,,,,,0
II,127,127,0,active,▼B,,39,Lysergide (INN) (LSD) and its salts,,,50-37-3,200-033-2,,,,,,0
II,128,128,0,active,▼B,,39,"2-Diethylaminoethyl 3-hydroxy-4-
phenylbenzoate and its salts",,,3572-52-9,222-686-2,,,,,,0
II,129,129,0,active,▼B,,39,Cinchocaine (INN) and its salts,,,85-79-0,201-632-1,,,,,,0
II,130,130,0,active,▼B,,40,3-Diethylaminopropyl cinnamate,,,538-66-9,,,,,,,0
II,131,131,0,active,▼B,,40,"O,O'-Diethyl-O-4-nitrophenyl phosphorothioate
(Parathion - ISO)",,,56-38-2,200-271-7,,,,,,0
II,132,132,0,active,▼B,,40,"[Oxalylbis(iminoethylene)]bis[(o-chlorobenzyl)
diethylammonium] salts, e. g. ambenonium
chloride (INN)",,,115-79-7,204-107-5,,,,,,0
II,133,133,0,active,▼B,,40,Methyprylon (INN) and its salts,,,125-64-4,204-745-4,,,,,,0
II,134,134,0,active,▼B,,40,"Digitaline and all heterosides of Digitalis
purpurea L.",,,752-61-4,212-036-6,,,,,,0
II,135,135,0,active,▼B,,40,7-[2-Hydroxy-3-(2-hydroxyethyl-N-methylamino)propyl]theophylline (xanthinol),,,2530-97-4,,,,,,,0
II,136,136,0,active,▼B,,40,Dioxethedrin (INN) and its salts,,,497-75-6,207-849-8,,,,,,0
II,137,137,0,active,▼B,,40,Piprocurarium iodide (INN),,,3562-55-8,222-627-0,,,,,,0
II,138,138,0,active,▼B,,40,Propyphenazone (INN),,,479-92-5,207-539-2,,,,,,0
II,139,139,0,active,▼B,,40,Tetrabenazine (INN) and its salts,,,58-46-8,200-383-6,,,,,,0
II,140,140,0,active,▼B,,40,Captodiame (INN),,,486-17-9,207-629-1,,,,,,0
II,141,141,0,active,▼B,,40,Mefeclorazine (INN) and its salts,,,1243-33-0,,,,,,,0
II,142,142,0,active,▼B,,40,Dimethylamine,,,124-40-3,204-697-4,,,,,,0
II,143,143,0,active,▼B,,40,"1,1-Bis(dimethylaminomethyl)propyl benzoate
(amydricaine, alypine) and its salts",,,963-07-5,213-512-6,,,,,,0
II,144,144,0,active,▼B,,40,Methapyrilene (INN) and its salts,,,91-80-5,202-099-8,,,,,,0
II,145,145,0,active,▼B,,40,Metamfepramone (INN) and its salts,,,15351-09-4,239-384-1,,,,,,0
II,146,146,0,active,▼B,,40,Amitriptyline (INN) and its salts,,,50-48-6,200-041-6,,,,,,0
II,147,147,0,active,▼B,,40,Metformin (INN) and its salts,,,657-24-9,211-517-8,,,,,,0
II,148,148,0,active,▼B,,40,Isosorbide dinitrate (INN),,,87-33-2,201-740-9,,,,,,0
II,149,149,0,active,▼B,,40,Malononitrile,,,109-77-3,203-703-2,,,,,,0
II,150,150,0,active,▼B,,40,Succinonitrile,,,110-61-2,203-783-9,,,,,,0
II,151,151,0,active,▼B,,40,Dinitrophenol isomers,,,"51-28-5/329-
71-5/573-56-
8/25550-58-7","200-087-7/
206-348-1/
209-357-9/
247-096-2",,,,,,0
II,152,152,0,active,▼B,,40,Inproquone (INN),,,436-40-8,,,,,,,0
II,153,153,0,active,▼B,,40,Dimevamide (INN) and its salts,,,60-46-8,200-479-8,,,,,,0
II,154,154,0,active,▼B,,40,Diphenylpyraline (INN) and its salts,,,147-20-6,205-686-7,,,,,,0
II,155,155,0,active,▼B,,41,Sulfinpyrazone (INN),,,57-96-5,200-357-4,,,,,,0
II,156,156,0,active,▼B,,41,"N-(3-Carbamoyl-3,3-diphenylpropyl)- N,N-
diisopropylmethyl-ammonium salts, e. g.
isopropamide iodide (INN)",,,71-81-8,200-766-8,,,,,,0
II,157,157,0,active,▼B,,41,Benactyzine (INN),,,302-40-9,206-123-8,,,,,,0
II,158,158,0,active,▼B,,41,Benzatropine (INN) and its salts,,,86-13-5,,,,,,,0
II,159,159,0,active,▼B,,41,Cyclizine (INN) and its salts,,,82-92-8,201-445-5,,,,,,0
II,160,160,0,active,▼B,,41,"5,5-Diphenyl-4-imidazolidone (Doxenitoin
(INN))",,,3254-93-1,221-851-6,,,,,,0
II,161,161,0,active,▼B,,41,Probenecid (INN),,,57-66-9,200-344-3,,,,,,0
II,162,162,0,active,▼B,,41,Disulfiram (INN); thiram (INN),,,"97-77-8/137-
26-8","202-607-8/
205-286-2",,,,,,0
II,163,163,0,active,▼B,,41,"Emetine, its salts and derivatives",,,483-18-1,207-592-1,,,,,,0
II,164,164,0,active,▼B,,41,Ephedrine and its salts,,,299-42-3,206-080-5,,,,,,0
II,165,165,0,active,▼B,,41,Oxanamide (INN) and its derivatives,,,126-93-2,,,,,,,0
II,166,166,0,active,▼B,,41,Eserine or physostigmine and its salts,,,57-47-6,200-332-8,,,,,,0
II,167,167,0,active,▼M1,,41,"4-Aminobenzoic acid and its esters, with the free
amino group",,,150-13-0,205-753-0,,,,,,0
II,168,168,0,active,▼B,,41,"Choline salts and their esters, e. g. choline
chloride (INN)",,,67-48-1,200-655-4,,,,,,0
II,169,169,0,active,▼B,,41,Caramiphen (INN) and its salts,,,77-22-5,201-013-6,,,,,,0
II,170,170,0,active,▼B,,41,"Diethyl 4-nitrophenyl phosphate (Paraoxon -
ISO)",,,311-45-5,206-221-0,,,,,,0
II,171,171,0,active,▼B,,41,Metethoheptazine (INN) and its salts,,,509-84-2,,,,,,,0
II,172,172,0,active,▼B,,41,Oxpheneridine (INN) and its salts,,,546-32-7,,,,,,,0
II,173,173,0,active,▼B,,41,Ethoheptazine (INN) and its salts,,,77-15-6,201-007-3,,,,,,0
II,174,174,0,active,▼B,,41,Metheptazine (INN) and its salts,,,469-78-3,,,,,,,0
II,175,175,0,active,▼B,,41,Methylphenidate (INN) and its salts,,,113-45-1,204-028-6,,,,,,0
II,176,176,0,active,▼B,,41,Doxylamine (INN) and its salts,,,469-21-6,207-414-2,,,,,,0
II,177,177,0,active,▼B,,41,Tolboxane (INN),,,2430-46-8,,,,,,,0
II,178,178,0,active,▼B,,41,4-Benzyloxyphenol and 4-ethoxyphenol,,,"103-16-2/
622-62-8","203-083-3/
210-748-1",,,,,,0
II,179,179,0,active,▼B,,41,Parethoxycaine (INN) and its salts,,,94-23-5,205-246-4,,,,,,0
II,180,180,0,active,▼B,,42,Fenozolone (INN),,,15302-16-6,239-339-6,,,,,,0
II,181,181,0,active,▼B,,42,Glutethimide (INN) and its salts,,,77-21-4,201-012-0,,,,,,0
II,182,182,0,active,▼B,,42,Ethylene oxide,,,75-21-8,200-849-9,,,,,,0
II,183,183,0,active,▼B,,42,Bemegride (INN) and its salts,,,64-65-3,200-588-0,,,,,,0
II,184,184,0,active,▼B,,42,Valnoctamide (INN),,,4171-13-5,224-033-7,,,,,,0
II,185,185,0,active,▼B,,42,Haloperidol (INN),,,52-86-8,200-155-6,,,,,,0
II,186,186,0,active,▼B,,42,Paramethasone (INN),,,53-33-8,200-169-2,,,,,,0
II,187,187,0,active,▼B,,42,Fluanisone (INN),,,1480-19-9,216-038-8,,,,,,0
II,188,188,0,active,▼B,,42,Trifluperidol (INN),,,749-13-3,,,,,,,0
II,189,189,0,active,▼B,,42,Fluoresone (INN),,,2924-67-6,220-889-0,,,,,,0
II,190,190,0,active,▼B,,42,Fluorouracil (INN),,,51-21-8,200-085-6,,,,,,0
II,191,191,0,active,▼B,,42,"Hydrofluoric acid, its normal salts, its complexes
and hydrofluorides with the exception of those
given in Annex III",,,7664-39-3,231-634-8,,,,,,0
II,192,192,0,active,▼B,,42,"Furfuryltrimethylammonium salts, e. g. furtrethonium iodide (INN)",,,541-64-0,208-789-5,,,,,,0
II,193,193,0,active,▼B,,42,Galantamine (INN),,,357-70-0,,,,,,,0
II,194,194,0,active,▼B,,42,Progestogens,,,,,,,,,,0
II,195,195,0,active,▼B,,42,"1,2,3,4,5,6-Hexachlorocyclohexane (BHC-ISO)",,,58-89-9,200-401-2,,,,,,0
II,196,196,0,active,▼B,,42,"(1R,4S,5R,8S)-1,2,3,4,10,10-Hexachloro-6,7-
epoxy-1,4,4a,5,6,7,8,8a-octahydro-1,4: 5,8-dimethano-naphthalene (endrin-ISO)",,,72-20-8,200-775-7,,,,,,0
II,197,197,0,active,▼B,,42,Hexachloroethane,,,67-72-1,200-666-4,,,,,,0
II,198,198,0,active,▼B,,42,"(1R,4S,5R,8S)-1,2,3,4,10,10-Hexachloro-
1,4,4a,5,8,8a-hexahydro-1,4:5,8-dimethanonaphthalene (isodrin-ISO)",,,465-73-6,207-366-2,,,,,,0
II,199,199,0,active,▼B,,42,"Hydrastine, hydrastinine and their salts",,,"118-08-1/
6592-85-4","204-233-0/
229-533-9",,,,,,0
II,200,200,0,active,▼B,,42,Hydrazides and their salts e.g. Isoniazid (INN),,,54-85-3,200-214-6,,,,,,0
II,201,201,0,active,▼B,,42,"Hydrazine, its derivatives and their salts",,,302-01-2,206-114-9,,,,,,0
II,202,202,0,active,▼B,,42,Octamoxin (INN) and its salts,,,4684-87-1,,,,,,,0
II,203,203,0,active,▼B,,42,Warfarin (INN) and its salts,,,81-81-2,201-377-6,,,,,,0
II,204,204,0,active,▼B,,42,"Ethyl bis(4-hydroxy-2-oxo-1-benzopyran-3-yl)
acetate and salts of the acid",,,548-00-5,208-940-5,,,,,,0
II,205,205,0,active,▼B,,43,Methocarbamol (INN),,,532-03-6,208-524-3,,,,,,0
II,206,206,0,active,▼B,,43,Propatylnitrate (INN),,,2921-92-8,220-866-5,,,,,,0
II,207,207,0,active,▼B,,43,"4,4'-Dihydroxy-3,3'-(3-methylthiopropylidene)
dicoumarin",,,,,,,,,,0
II,208,208,0,active,▼B,,43,Fenadiazole (INN),,,1008-65-7,,,,,,,0
II,209,209,0,active,▼B,,43,Nitroxoline (INN) and its salts,,,4008-48-4,223-662-4,,,,,,0
II,210,210,0,active,▼B,,43,"Hyoscyamine, its salts and derivatives",,,101-31-5,202-933-0,,,,,,0
II,211,211,0,active,▼B,,43,"Hyoscyamus niger L. (leaves, seeds, powder and
galenical preparations)",,,84603-65-6,283-265-7,,,,,,0
II,212,212,0,active,▼B,,43,Pemoline (INN) and its salts,,,2152-34-3,218-438-8,,,,,,0
II,213,213,0,active,▼B,,43,Iodine,,,7553-56-2,231-442-4,,,,,,0
II,214,214,0,active,▼B,,43,"Decamethylenebis(trimethylammonium) salts, e.
g. decamethonium bromide (INN)",,,541-22-0,208-772-2,,,,,,0
II,215,215,0,active,▼B,,43,"Ipecacuanha (Cephaelis ipecacuanha Brot. and
related species) (roots, powder and galenical
preparations)",,,8012-96-2,232-385-8,,,,,,0
II,216,216,0,active,▼B,,43,(2-Isopropylpent4-enoyl)urea (apronalide),,,528-92-7,208-443-3,,,,,,0
II,217,217,0,active,▼B,,43,"α-Santonin [(3S,5aR,9bS)-3,3a,4,5,5a,9b-
hexahydro-3,5a,9-trimethylnaphto [1,2-b] furan-
2,8-dione]",,,481-06-1,207-560-7,,,,,,0
II,218,218,0,active,▼B,,43,Lobelia inflata L. and its galenical preparations,,,84696-23-1,283-642-6,,,,,,0
II,219,219,0,active,▼B,,43,Lobeline (INN) and its salts,,,90-69-7,202-012-3,,,,,,0
II,220,220,0,active,▼B,,43,Barbiturates,,,,,,,,,,0
II,221,221,0,active,▼B,,43,"Mercury and its compounds, except those special
cases included in Annex V",,,7439-97-6,231-106-7,,,,,,0
II,222,222,0,active,▼B,,43,"3,4,5-Trimethoxyphenethylamine (Mescaline)
and its salts",,,54-04-6,200-190-7,,,,,,0
II,223,223,0,active,▼B,,43,Metaldehyde,,,9002-91-9,,,,,,,0
II,224,224,0,active,▼B,,43,"2-(4-Allyl-2-methoxyphenoxy)-N,N-diethylacetamide and its salts",,,305-13-5,,,,,,,0
II,225,225,0,active,▼B,,43,Coumetarol (INN),,,4366-18-1,224-455-1,,,,,,0
II,226,226,0,active,▼B,,43,Dextromethorphan (INN) and its salts,,,125-71-3,204-752-2,,,,,,0
II,227,227,0,active,▼B,,43,2-Methylheptylamine and its salts,,,540-43-2,,,,,,,0
II,228,228,0,active,▼B,,43,Isometheptene (INN) and its salts,,,503-01-5,207-959-6,,,,,,0
II,229,229,0,active,▼B,,43,Mecamylamine (INN),,,60-40-2,200-476-1,,,,,,0
II,230,230,0,active,▼B,,44,Guaifenesin (INN),,,93-14-1,202-222-5,,,,,,0
II,231,231,0,active,▼B,,44,Dicoumarol (INN),,,66-76-2,200-632-9,,,,,,0
II,232,232,0,active,▼B,,44,"Phenmetrazine (INN), its derivatives and salts",,,134-49-6,205-143-4,,,,,,0
II,233,233,0,active,▼B,,44,Thiamazole (INN),,,60-56-0,200-482-4,,,,,,0
II,234,234,0,active,▼B,,44,"3,4-Dihydro-2-methoxy-2-methyl-4-phenyl-
2H,5H-pyrano [3,2-c]-[1] benzopyran-5-one
(cyclocoumarol)",,,518-20-7,208-248-3,,,,,,0
II,235,235,0,active,▼B,,44,Carisoprodol (INN),,,78-44-4,201-118-7,,,,,,0
II,236,236,0,active,▼B,,44,Meprobamate (INN),,,57-53-4,200-337-5,,,,,,0
II,237,237,0,active,▼B,,44,Tefazoline (INN) and its salts,,,1082-56-0,,,,,,,0
II,238,238,0,active,▼B,,44,Arecoline,,,63-75-2,200-565-5,,,,,,0
II,239,239,0,active,▼B,,44,Poldine metilsulfate (INN),,,545-80-2,208-894-6,,,,,,0
II,240,240,0,active,▼B,,44,Hydroxyzine (INN),,,68-88-2,200-693-1,,,,,,0
II,241,241,0,active,▼B,,44,2-Naphthol,,,135-19-3,205-182-7,,,,,,0
II,242,242,0,active,▼B,,44,1-and 2-Naphthylamines and their salts,,,"134-32-7/91-
59-8","205-138-7/
202-080-4",,,,,,0
II,243,243,0,active,▼B,,44,3-(1-Naphthyl)-4-hydroxycoumarin,,,39923-41-6,,,,,,,0
II,244,244,0,active,▼B,,44,Naphazoline (INN) and its salts,,,835-31-4,212-641-5,,,,,,0
II,245,245,0,active,▼B,,44,"Neostigmine and its salts e. g. neostigmine
bromide (INN)",,,114-80-7,204-054-8,,,,,,0
II,246,246,0,active,▼B,,44,Nicotine and its salts,,,54-11-5,200-193-3,,,,,,0
II,247,247,0,active,▼B,,44,Amyl nitrites,,,110-46-3,203-770-8,,,,,,0
II,248,248,0,active,▼B,,44,"Inorganic nitrites, with the exception of sodium
nitrite",,,14797-65-0,,,,,,,0
II,249,249,0,active,▼B,,44,Nitrobenzene,,,98-95-3,202-716-0,,,,,,0
II,250,250,0,active,▼B,,44,Nitrocresols and their alkali metal salts,,,12167-20-3,,,,,,,0
II,251,251,0,active,▼B,,44,Nitrofurantoin (INN),,,67-20-9,200-646-5,,,,,,0
II,252,252,0,active,▼B,,44,Furazolidone (INN),,,67-45-8,200-653-3,,,,,,0
II,253,253,0,active,▼B,,44,"Nitroglycerin; Propane-1,2,3-triyl trinitrate",,,55-63-0,200-240-8,,,,,,0
II,254,254,0,active,▼B,,44,Acenocoumarol (INN),,,152-72-7,205-807-3,,,,,,0
II,255,255,0,active,▼B,,44,Alkali pentacyanonitrosylferrate (2-) e.g.,,,"14402-89-2/
13755-38-9",238-373-9 / -,,,,,,0
II,256,256,0,active,▼B,,44,"Nitrostilbenes, their homologues and their derivatives",,,,,,,,,,0
II,257,257,0,active,▼B,,45,Noradrenaline and its salts,,,51-41-2,200-096-6,,,,,,0
II,258,258,0,active,▼B,,45,Noscapine (INN) and its salts,,,128-62-1,204-899-2,,,,,,0
II,259,259,0,active,▼B,,45,Guanethidine (INN) and its salts,,,55-65-2,200-241-3,,,,,,0
II,260,260,0,active,▼B,,45,Oestrogens,,,,,,,,,,0
II,261,261,0,active,▼B,,45,Oleandrin,,,465-16-7,207-361-5,,,,,,0
II,262,262,0,active,▼B,,45,Chlortalidone (INN),,,77-36-1,201-022-5,,,,,,0
II,263,263,0,active,▼B,,45,Pelletierine and its salts,,,"2858-66-4/
4396-01-4","220-673-6/
224-523-0",,,,,,0
II,264,264,0,active,▼B,,45,Pentachloroethane,,,76-01-7,200-925-1,,,,,,0
II,265,265,0,active,▼B,,45,Pentaerithrityl tetranitrate (INN),,,78-11-5,201-084-3,,,,,,0
II,266,266,0,active,▼B,,45,Petrichloral (INN),,,78-12-6,,,,,,,0
II,267,267,0,active,▼B,,45,Octamylamine (INN) and its salts,,,502-59-0,207-947-0,,,,,,0
II,268,268,0,active,▼B,,45,Picric acid,,,88-89-1,201-865-9,,,,,,0
II,269,269,0,active,▼B,,45,Phenacemide (INN),,,63-98-9,200-570-2,,,,,,0
II,270,270,0,active,▼B,,45,Difencloxazine (INN),,,5617-26-5,,,,,,,0
II,271,271,0,active,▼B,,45,"2-Phenylindan-1,3-dione (phenindione (INN))",,,83-12-5,201-454-4,,,,,,0
II,272,272,0,active,▼B,,45,Ethylphenacemide (pheneturide (INN)),,,90-49-3,201-998-2,,,,,,0
II,273,273,0,active,▼B,,45,Phenprocoumon (INN),,,435-97-2,207-108-9,,,,,,0
II,274,274,0,active,▼B,,45,Fenyramidol (INN),,,553-69-5,209-044-7,,,,,,0
II,275,275,0,active,▼B,,45,Triamterene (INN) and its salts,,,396-01-0,206-904-3,,,,,,0
II,276,276,0,active,▼B,,45,Tetraethyl pyrophosphate (TEPP - ISO),,,107-49-3,203-495-3,,,,,,0
II,277,277,0,active,▼B,,45,Tritolyl phosphate,,,1330-78-5,215-548-8,,,,,,0
II,278,278,0,active,▼B,,45,Psilocybine (INN),,,520-52-5,208-294-4,,,,,,0
II,279,279,0,active,▼B,,45,Phosphorus and metal phosphides,,,7723-14-0,231-768-7,,,,,,0
II,280,280,0,active,▼B,,45,Thalidomide (INN) and its salts,,,50-35-1,200-031-1,,,,,,0
II,281,281,0,active,▼B,,45,Physostigma venenosum Balf.,,,89958-15-6,289-638-0,,,,,,0
II,282,282,0,active,▼B,,45,Picrotoxin,,,124-87-8,204-716-6,,,,,,0
II,283,283,0,active,▼B,,45,Pilocarpine and its salts,,,92-13-7,202-128-4,,,,,,0
II,284,284,0,active,▼B,,45,"α-Piperidin-2-ylbenzyl acetate, laevorotatory
threoform (levofacetoperane (INN)) and its salts",,,24558-01-8,,,,,,,0
II,285,285,0,active,▼B,,46,Pipradrol (INN) and its salts,,,467-60-7,207-394-5,,,,,,0
II,286,286,0,active,▼B,,46,Azacyclonol (INN) and its salts,,,115-46-8,204-092-5,,,,,,0
II,287,287,0,active,▼B,,46,Bietamiverine (INN),,,479-81-2,207-538-7,,,,,,0
II,288,288,0,active,▼B,,46,Butopiprine (INN) and its salts,,,55837-15-5,259-848-7,,,,,,0
II,289,289,0,active,▼B,,46,Lead and its compounds,,,7439-92-1,231-100-4,,,,,,0
II,290,290,0,active,▼B,,46,Coniine,,,458-88-8,207-282-6,,,,,,0
II,291,291,0,active,▼B,,46,Prunus laurocerasus L. (‘cherry laurel water’),,,89997-54-6,289-689-9,,,,,,0
II,292,292,0,active,▼B,,46,Metyrapone (INN),,,54-36-4,200-206-2,,,,,,0
II,293,293,0,active,▼B,,46,"Radioactive substances, as defined by Directive
96/29/Euratom (1) laying down basic safety
standards for the protection of the health of
workers and the general public against the
dangers arising from ionising radiation",,,,,,,,,,0
II,294,294,0,active,▼B,,46,"Juniperus sabina L. (leaves, essential oil and
galenical preparations)",,,90046-04-1,289-971-1,,,,,,0
II,295,295,0,active,▼B,,46,"Hyoscine, its salts and derivatives",,,51-34-3,200-090-3,,,,,,0
II,296,296,0,active,▼B,,46,Gold salts,,,,,,,,,,0
II,297,297,0,active,▼B,,46,"Selenium and its compounds with the exception
of selenium disulphide under the conditions set
out under reference No 49 in Annex III",,,7782-49-2,231-957-4,,,,,,0
II,298,298,0,active,▼B,,46,Solanum nigrum L. and its galenical preparations,,,84929-77-1,284-555-6,,,,,,0
II,299,299,0,active,▼B,,46,Sparteine (INN) and its salts,,,90-39-1,201-988-8,,,,,,0
II,300,300,0,active,▼B,,46,Glucocorticoids (Corticosteroids),,,,,,,,,,0
II,301,301,0,active,▼B,,46,Datura stramonium L. and its galenical preparations,,,84696-08-2,283-627-4,,,,,,0
II,302,302,0,active,▼B,,46,"Strophantines, their aglucones and their
respective derivatives",,,11005-63-3,234-239-9,,,,,,0
II,303,303,0,active,▼B,,46,Strophantus species and their galenical preparations,,,,,,,,,,0
II,304,304,0,active,▼B,,46,Strychnine and its salts,,,57-24-9,200-319-7,,,,,,0
II,305,305,0,active,▼B,,46,Strychnos species and their galenical preparations,,,,,,,,,,0
II,306,306,0,active,▼B,,46,"Narcotics, natural and synthetic: All substances
listed in Tables I and II of the single Convention
on narcotic drugs signed in New York on
30 March 1961",,,,,,,,,,0
II,307,307,0,active,▼B,,46,"Sulphonamides (sulphanilamide and its derivatives obtained by substitution of one or more H-
atoms of the -NH2 groups) and their salts",,,,,,,,,,0
II,308,308,0,active,▼B,,47,Sultiame (INN),,,61-56-3,200-511-0,,,,,,0
II,309,309,0,active,▼B,,47,Neodymium and its salts,,,7440-00-8,231-109-3,,,,,,0
II,310,310,0,active,▼B,,47,Thiotepa (INN),,,52-24-4,200-135-7,,,,,,0
II,311,311,0,active,▼B,,47,"Pilocarpus jaborandi Holmes and its galenical
preparations",,,84696-42-4,283-649-4,,,,,,0
II,312,312,0,active,▼B,,47,Tellurium and its compounds,,,13494-80-9,236-813-4,,,,,,0
II,313,313,0,active,▼B,,47,Xylometazoline (INN) and its salts,,,526-36-3,208-390-6,,,,,,0
II,314,314,0,active,▼B,,47,Tetrachloroethylene,,,127-18-4,204-825-9,,,,,,0
II,315,315,0,active,▼B,,47,Carbon tetrachloride,,,56-23-5,200-262-8,,,,,,0
II,316,316,0,active,▼B,,47,Hexaethyl tetraphosphate,,,757-58-4,212-057-0,,,,,,0
II,317,317,0,active,▼B,,47,Thallium and its compounds,,,7440-28-0,231-138-1,,,,,,0
II,318,318,0,active,▼B,,47,"Thevetia neriifolia Juss., glycoside extract",,,90147-54-9,290-446-4,,,,,,0
II,319,319,0,active,▼B,,47,Ethionamide (INN),,,536-33-4,208-628-9,,,,,,0
II,320,320,0,active,▼B,,47,Phenothiazine (INN) and its compounds,,,92-84-2,202-196-5,,,,,,0
II,321,321,0,active,▼B,,47,"Thiourea and its derivatives, with the exception
of the one listed in Annex III",,,62-56-6,200-543-5,,,,,,0
II,322,322,0,active,▼B,,47,Mephenesin (INN) and its esters,,,59-47-2,200-427-4,,,,,,0
II,323,323,0,active,▼B,,47,"Vaccines, toxins or serums defined as immunological medicinal products pursuant to Article 1
(4) of Directive 2001/83/EC",,,,,,,,,,0
II,324,324,0,active,▼B,,47,Tranylcypromine (INN) and its salts,,,155-09-9,205-841-9,,,,,,0
II,325,325,0,active,▼B,,47,Trichloronitromethane (chloropicrine),,,76-06-2,200-930-9,,,,,,0
II,326,326,0,active,▼B,,47,"2,2,2-Tribromoethanol (tribromoethyl alcohol)",,,75-80-9,200-903-1,,,,,,0
II,327,327,0,active,▼B,,47,Trichlormethine (INN) and its salts,,,817-09-4,212-442-3,,,,,,0
II,328,328,0,active,▼B,,47,Tretamine (INN),,,51-18-3,200-083-5,,,,,,0
II,329,329,0,active,▼B,,47,Gallamine triethiodide (INN),,,65-29-2,200-605-1,,,,,,0
II,330,330,0,active,▼B,,47,Urginea scilla Steinh. and its galenical preparations,,,84650-62-4,283-520-2,,,,,,0
II,331,331,0,active,▼B,,47,"Veratrine, its salts and galenical preparations",,,8051-02-3,613-062-00-4,,,,,,0
II,332,332,0,active,▼B,,47,"Schoenocaulon officinale Lind (seeds and
galenical preparations)",,,84604-18-2,283-296-6,,,,,,0
II,333,333,0,active,▼B,,47,Veratrum spp. and their preparations,,,90131-91-2,290-407-1,,,,,,0
II,334,334,0,active,▼B,,48,Vinyl chloride monomer,,,75-01-4,200-831-0,,,,,,0
II,335,335,0,active,▼B,,48,"Ergocalciferol (INN) and cholecalciferol
(vitamins D2 and D3)",,,"50-14-6/67-
97-0","200-014-9/
200-673-2",,,,,,0
II,336,336,0,active,▼B,,48,Salts of O-alkyldithiocarbonic acids (xanthates),,,,,,,,,,0
II,337,337,0,active,▼B,,48,Yohimbine and its salts,,,146-48-5,205-672-0,,,,,,0
II,338,338,0,active,▼B,,48,Dimethyl sulfoxide (INN),,,67-68-5,200-664-3,,,,,,0
II,339,339,0,active,▼B,,48,Diphenhydramine (INN) and its salts,,,58-73-1,200-396-7,,,,,,0
II,340,340,0,active,▼B,,48,4-tert-Butylphenol,,,98-54-4,202-679-0,,,,,,0
II,341,341,0,active,▼B,,48,4-tert-Butylpyrocatechol,,,98-29-3,202-653-9,,,,,,0
II,342,342,0,active,▼B,,48,Dihydrotachysterol (INN),,,67-96-9,200-672-7,,,,,,0
II,343,343,0,active,▼B,,48,Dioxane,,,123-91-1,204-661-8,,,,,,0
II,344,344,0,active,▼B,,48,Morpholine and its salts,,,110-91-8,203-815-1,,,,,,0
II,345,345.,0,active,▼B,,48,Pyrethrum album L. and its galenical preparations,,,,,,,,,,0
II,346,346,0,active,▼B,,48,"2-[4-Methoxybenzyl-N-(2-pyridyl)amino]ethyldimethylamine maleate (Mepyramine maleate;
pyrilamine maleate)",,,59-33-6,200-422-7,,,,,,0
II,347,347,0,active,▼B,,48,Tripelennamine (INN),,,91-81-6,202-100-1,,,,,,0
II,348,348,0,active,▼B,,48,Tetrachlorosalicylanilides,,,7426-07-5,,,,,,,0
II,349,349,0,active,▼B,,48,Dichlorosalicylanilides,,,1147-98-4,,,,,,,0
II,350,350,0,active,▼B,,48,Tetrabromosalicylanilides,,,,,,,,,,0
II,351,351,0,active,▼B,,48,Dibromosalicylanilides,,,,,,,,,,0
II,352,352,0,active,▼B,,48,Bithionol (INN),,,97-18-7,202-565-0,,,,,,0
II,353,353,0,active,▼B,,48,Thiuram monosulphides,,,97-74-5,202-605-7,,,,,,0
II,354,354,0,moved_or_deleted,▼B,,48,Moved or deleted,,,,,,,,,,0
II,355,355,0,active,▼B,,48,"Dimethylformamide (N,N-Dimethylformamide)",,,68-12-2,200-679-5,,,,,,0
II,356,356,0,active,▼B,,48,4-Phenylbut-3-en-2-one (Benzylidene acetone),,,122-57-6,204-555-1,,,,,,0
II,357,357,0,active,▼B,,48,"Benzoates of 4-hydroxy-3-methoxycinnamyl
alcohol (coniferyl alcohol) except for normal
content in natural essences used",,,,,,,,,,0
II,358,358,0,active,▼B,,49,"Furocoumarines (e. g. trioxysalen (INN), 8-
methoxypsoralen, 5-methoxypsoralen) except for
normal content in natural essences used.
In sun protection and in bronzing products,
furocoumarines shall be below 1 mg/kg",,,"3902-71-4/
298-81-7/
484-20-8","223-459-0/
206-066-9/
207-604-5",,,,,,0
II,359,359,0,active,▼B,,49,Oil from the seeds of Laurus nobilis L.,,,84603-73-6,283-272-5,,,,,,0
II,360,360,0,active,▼B,,49,"Safrole except for normal content in the natural
essences used and provided the concentration
does not exceed:
100 ppm in the finished product, 50 ppm in
products for dental and oral hygiene, and
provided that Safrole is not present in toothpastes intended specifically for children",,,94-59-7,202-345-4,,,,,,0
II,361,361,0,active,▼B,,49,"5,5'-Di-isopropyl-2,2'-dimethylbiphenyl-4,4'-diyl
dihypoiodite (thymol iodide)",,,552-22-7,209-007-5,,,,,,0
II,362,362,0,active,▼B,,49,"3'-Ethyl-5',6',7',8'-tetrahydro-5',5',8',8'-tetramethyl-2'-acetonaphthone or 7-acetyl-6-ethyl-
1,1,4,4-tetramethyl-1,2,3,4-tetrahydronaphtalen
(AETT; Versalide)",,,88-29-9,201-817-7,,,,,,0
II,363,363,0,active,▼B,,49,o-Phenylenediamine and its salts,,,95-54-5,202-430-6,,,,,,0
II,364,364,0,active,▼B,,49,"4-Methyl-m-phenylenediamine (Toluene-2,4-
diamine) and its salts",,,95-80-7,202-453-1,,,,,,0
II,365,365,0,active,▼B,,49,"Aristolochic acid and its salts; Aristolochia spp.
and their preparations",,,"475-80-9/
313-67-7/
15918-62-4","202-499-6/
206-238-3/-",,,,,,0
II,366,366,0,active,▼B,,49,Chloroform,,,67-66-3,200-663-8,,,,,,0
II,367,367,0,active,▼B,,49,"2,3,7,8-Tetrachlorodibenzo-p-dioxin (TCDD)",,,1746-01-6,217-122-7,,,,,,0
II,368,368,0,active,▼B,,49,"2,6-Dimethyl-1,3-dioxan-4-yl acetate (Dimethoxane)",,,828-00-2,212-579-9,,,,,,0
II,369,369,0,active,▼B,,49,Pyrithione sodium (INNM) (2),,,3811-73-2,223-296-5,,,,,,0
II,370,370,0,active,▼B,,49,"N-(Trichloromethylthio)-4-cyclohexene-1,2-
dicarboximide (Captan - ISO)",,,133-06-2,205-087-0,,,,,,0
II,371,371,0,active,▼B,,49,"2,2'-Dihydroxy-3,3',5,5',6,6'-hexachlorodiphenylmethane (Hexachlorophene (INN))",,,70-30-4,200-733-8,,,,,,0
II,372,372,0,active,▼B,,49,"6-(Piperidinyl)-2,4-pyrimidinediamine 3-oxide
(Minoxidil (INN)) and its salts",,,38304-91-5,253-874-2,,,,,,0
II,373,373,0,active,▼B,,49,"3,4',5-Tribromosalicylanilide (Tribromsalan
(INN))",,,87-10-5,201-723-6,,,,,,0
II,374,374,0,active,▼B,,49,Phytolacca spp. and their preparations,,,"65497-07-6/
60820-94-2",,,,,,,0
II,375,375,0,active,▼B,,49,Tretinoin (INN) (retinoic acid and its salts),,,302-79-4,206-129-0,,,,,,0
II,376,376,0,active,▼B,,50,"1-Methoxy-2,4-diaminobenzene (2,4-diaminoanisole - CI 76050) and its salts",,,615-05-4,210-406-1,,,,,,0
II,377,377,0,active,▼B,,50,"1-Methoxy-2,5-diaminobenzene (2,5-diaminoanisole) and its salts",,,5307-02-8,226-161-9,,,,,,0
II,378,378,0,active,▼B,,50,Colouring agent CI 12140,,,3118-97-6,221-490-4,,,,,,0
II,379,379,0,active,▼B,,50,Colouring agent CI 26105 (Solvent Red 24),,,85-83-6,201-635-8,,,,,,0
II,380,380,0,active,▼B,,50,"Colouring agent CI 42555 (Basic Violet 3)
Colouring agent CI 42555:1
Colouring agent CI 42555:2",,,"548-62-9
467-63-0","208-953-6
207-396-6",,,,,,0
II,381,381,0,active,▼B,,50,"Amyl 4-dimethylaminobenzoate, mixed isomers
(Padimate A (INN))",,,14779-78-3,238-849-6,,,,,,0
II,382,383,0,active,▼B,,50,2-Amino-4-nitrophenol,,,99-57-0,202-767-9,,,,,,0
II,383,384,0,active,▼B,,50,2-Amino-5-nitrophenol,,,121-88-0,204-503-8,,,,,,0
II,384,385,0,active,▼B,,50,"11-α-Hydroxypregn-4-ene-3,20-dione and its
esters",,,80-75-1,201-306-9,,,,,,0
II,385,386,0,active,▼B,,50,"Colouring agent CI 42640 ([4-[[4-(Dimethylamino)phenyl][4-[ethyl(3-sulphonatobenzyl)
amino]phenyl]methylene]cyclohexa-2,5-dien-1-
ylidene](ethyl)(3-sulphonatobenzyl)ammonium,
sodium salt)",,,1694-09-3,216-901-9,,,,,,0
II,386,387,0,active,▼B,,50,Colouring agent CI 13065,,,587-98-4,209-608-2,,,,,,0
II,387,388,0,active,▼B,,50,Colouring agent CI 42535 (Basic Violet 1),,,8004-87-3,,,,,,,0
II,388,389,0,active,▼B,,50,Colouring agent CI 61554 (Solvent Blue 35),,,17354-14-2,241-379-4,,,,,,0
II,389,390,0,active,▼B,,50,Anti-androgens of steroidal structure,,,,,,,,,,0
II,390,391,0,active,▼B,,50,"Zirconium and its compounds, with the
exception of the substances listed under
reference number 50 in Annex III, and the
zirconium lakes, pigments or salts of the
colouring agents when listed in Annex IV",,,7440-67-7,231-176-9,,,,,,0
II,391,392,0,moved_or_deleted,▼B,,50,Moved or deleted,,,,,,,,,,0
II,392,393,0,active,▼B,,50,Acetonitrile,,,75-05-8,200-835-2,,,,,,0
II,393,394,0,active,▼B,,50,"Tetrahydrozoline (Tetryzoline (INN)) and its
salts",,,84-22-0,201-522-3,,,,,,0
II,394,395,0,active,▼C6,,50,"Hydroxy-8-quinoline and its sulphate bis(8-
hydroxyquinolinium) sulphate, except for the
uses of the sulphate provided for in entry 51 of
Annex III",,,"148-24-3
134-31-6","205-711-1
205-137-1",,,,,,0
II,395,396,0,active,▼B,,50,"Dithio-2,2-bispyridine-dioxide 1,1' (additive with
trihydrated magnesium sulphate) - (pyrithione
disulphide + magnesium sulphate)",,,43143-11-9,256-115-3,,,,,,0
II,396,397,0,active,▼B,,51,"Colouring agent CI 12075 (Pigment Orange 5)
and its lakes, pigments and salts",,,3468-63-1,222-429-4,,,,,,0
II,397,398,0,active,▼B,,51,"Colouring agent CI 45170 and CI 45170:1
(Basic
Violet 10)",,,"81-88-9/509-
34-2","201-383-9/
208-096-8",,,,,,0
II,398,399,0,active,▼B,,51,Lidocaine (INN),,,137-58-6,205-302-8,,,,,,0
II,399,400,0,active,▼B,,51,"1,2-Epoxybutane",,,106-88-7,203-438-2,,,,,,0
II,400,401,0,active,▼B,,51,Colouring agent CI 15585,,,"5160-02-1/
2092-56-0","225-935-3/
218-248-5",,,,,,0
II,401,402,0,active,▼B,,51,Strontium lactate,,,29870-99-3,249-915-9,,,,,,0
II,402,403,0,active,▼B,,51,Strontium nitrate,,,10042-76-9,233-131-9,,,,,,0
II,403,404,0,active,▼B,,51,Strontium polycarboxylate,,,,,,,,,,0
II,404,405,0,active,▼B,,51,Pramocaine (INN),,,140-65-8,205-425-7,,,,,,0
II,405,406,0,active,▼B,,51,4-Ethoxy-m-phenylenediamine and its salts,,,5862-77-1,,,,,,,0
II,406,407,0,active,▼B,,51,"2,4-Diaminophenylethanol and its salts",,,14572-93-1,,,,,,,0
II,407,408,0,active,▼B,,51,Pyrocatechol (Catechol),,,120-80-9,204-427-5,,,,,,0
II,408,409,0,active,▼B,,51,Pyrogallol,,,87-66-1,201-762-9,,,,,,0
II,409,410,0,active,▼B,,51,"Nitrosamines e.g. Dimethylnitrosoamine; Nitrosodipropylamine; 2,2'-Nitrosoimino)bisethanol",,,"62-75-9/621-
64-7/1116-
54-7","200-549-8/
210-698-0/
214-237-4",,,,,,0
II,410,411,0,active,▼B,,51,"Secondary alkyl- and alkanolamines and their
salts",,,,,,,,,,0
II,411,412,0,active,▼B,,51,4-Amino-2-nitrophenol,,,119-34-6,204-316-1,,,,,,0
II,412,413,0,active,▼B,,51,"2-Methyl-m-phenylenediamine (Toluene-2,6-
diamine)",,,823-40-5,212-513-9,,,,,,0
II,413,414,0,active,▼B,,51,"4-tert.-Butyl-3-methoxy-2,6-dinitrotoluene
(Musk Ambrette)",,,83-66-9,201-493-7,,,,,,0
II,414,415,0,moved_or_deleted,▼B,,51,Moved or deleted,,,,,,,,,,0
II,415,416,0,active,▼B,,51,"Cells, tissues or products of human origin",,,,,,,,,,0
II,416,417,0,active,▼B,,51,"3,3-Bis(4-hydroxyphenyl)phthalide (Phenolphthalein (INN))",,,77-09-8,201-004-7,,,,,,0
II,417,418,0,active,▼B,,51,"3-Imidazol-4-ylacrylic acid (Urocanic acid) and
its ethyl ester",,,"104-98-3/
27538-35-8","203-258-4/
248-515-1",,,,,,0
II,418,419,0,active,▼B,,51,"Category 1 material and Category 2 material as
defined in Articles 4 and 5 respectively of
Regulation (EC) No 1774/2002 of the European
Parliament and of the Council (3), and
ingredients derived therefrom",,,,,,,,,,0
II,419,420,0,active,▼B,,52,Crude and refined coal tars,,,8007-45-2,232-361-7,,,,,,0
II,420,421,0,active,▼B,,52,"1,1,3,3,5-Pentamethyl-4,6-dinitroindane
(Moskene)",,,116-66-5,204-149-4,,,,,,0
II,421,422,0,active,▼B,,52,"5-tert.-Butyl-1,2,3-trimethyl-4,6-dinitrobenzene
(Musk Tibetene)",,,145-39-1,205-651-6,,,,,,0
II,422,423,0,active,▼B,,52,"Alanroot oil (Inula helenium L.), when used as a
fragrance ingredient",,,97676-35-2,,,,,,,0
II,423,424,0,active,▼B,,52,"Benzyl cyanide, when used as a fragrance
ingredient",,,140-29-4,205-410-5,,,,,,0
II,424,425,0,active,▼B,,52,"Cyclamen alcohol, when used as a fragrance
ingredient",,,4756-19-8,225-289-2,,,,,,0
II,425,426,0,active,▼B,,52,"Diethyl maleate, when used as a fragrance
ingredient",,,141-05-9,205-451-9,,,,,,0
II,426,427,0,active,▼B,,52,"3,4-Dihydrocoumarin, when used as a fragrance
ingredient",,,119-84-6,204-354-9,,,,,,0
II,427,428,0,active,▼B,,52,"2,4-Dihydroxy-3-methylbenzaldehyde, when
used as a fragrance ingredient",,,6248-20-0,228-369-5,,,,,,0
II,428,429,0,active,▼B,,52,"3,7-Dimethyl-2-octen-1-ol (6,7-Dihydrogeraniol),
when used as a fragrance ingredient",,,40607-48-5,254-999-5,,,,,,0
II,429,430,0,active,▼B,,52,"4,6-Dimethyl-8-tert-butylcoumarin, when used as
a fragrance ingredient",,,17874-34-9,241-827-9,,,,,,0
II,430,431,0,active,▼B,,52,"Dimethyl citraconate, when used as a fragrance
ingredient",,,617-54-9,,,,,,,0
II,431,432,0,active,▼B,,52,"7,11-Dimethyl-4,6,10-dodecatrien-3-one (Pseudomethylionone), when used as a fragrance
ingredient",,,26651-96-7,247-878-3,,,,,,0
II,432,433,0,active,▼B,,52,"6,10-Dimethyl-3,5,9-undecatrien-2-one (Pseudoionone), when used as a fragrance ingredient",,,141-10-6,205-457-1,,,,,,0
II,433,434,0,active,▼B,,52,"Diphenylamine, when used as a fragrance
ingredient",,,122-39-4,204-539-4,,,,,,0
II,434,435,0,active,▼B,,52,"Ethyl acrylate, when used as a fragrance
ingredient",,,140-88-5,205-438-8,,,,,,0
II,435,436,0,active,▼B,,52,"Fig leaf absolute (Ficus carica L.), when used as
a fragrance ingredient",,,68916-52-9,,,,,,,0
II,436,437,0,active,▼B,,52,"trans-2-Heptenal, when used as a fragrance
ingredient",,,18829-55-5,242-608-0,,,,,,0
II,437,438,0,active,▼B,,53,"trans-2-Hexenal diethyl acetal, when used as a
fragrance ingredient",,,67746-30-9,266-989-8,,,,,,0
II,438,439,0,active,▼B,,53,"trans-2-Hexenal dimethyl acetal, when used as a
fragrance ingredient",,,18318-83-7,242-204-4,,,,,,0
II,439,440,0,active,▼B,,53,"Hydroabietyl alcohol, when used as a fragrance
ingredient",,,13393-93-6,236-476-3,,,,,,0
II,440,441,0,active,▼B,,53,"6-Isopropyl-2-decahydronaphthalenol, when used
as a fragrance ingredient",,,34131-99-2,251-841-7,,,,,,0
II,441,442,0,active,▼B,,53,"7-Methoxycoumarin, when used as a fragrance
ingredient",,,531-59-9,208-513-3,,,,,,0
II,442,443,0,active,▼B,,53,"4-(4-Methoxyphenyl)-3-butene-2-one (Anisylidene acetone), when used as a fragrance
ingredient",,,943-88-4,213-404-9,,,,,,0
II,443,444,0,active,▼B,,53,"1-(4-Methoxyphenyl)-1-penten-3-one (alpha-
Methylanisylideneacetone), when used as a
fragrance ingredient",,,104-27-8,203-190-5,,,,,,0
II,444,445,0,active,▼B,,53,"Methyl trans-2-butenoate, when used as a
fragrance ingredient",,,623-43-8,210-793-7,,,,,,0
II,445,446,0,active,▼B,,53,"7-Methylcoumarin, when used as a fragrance
ingredient",,,2445-83-2,219-499-3,,,,,,0
II,446,447,0,active,▼B,,53,"5-Methyl-2,3-hexanedione (Acetyl isovaleryl),
when used as a fragrance ingredient",,,13706-86-0,237-241-8,,,,,,0
II,447,448,0,active,▼B,,53,"2-Pentylidenecyclohexanone, when used as a
fragrance ingredient",,,25677-40-1,247-178-8,,,,,,0
II,448,449,0,active,▼B,,53,"3,6,10-Trimethyl-3,5,9-undecatrien-2-one
(Pseudo-Isomethyl ionone), when used as a
fragrance ingredient",,,1117-41-5,214-245-8,,,,,,0
II,449,450,0,active,▼M1,,53,"Verbena essential oils (Lippia citriodora Kunth.)
and derivatives other than absolute when used as
a fragrance ingredient",,,8024-12-2,285-515-0,,,,,,0
II,450,451,0,moved_or_deleted,▼B,,53,Moved or deleted,,,,,,,,,,0
II,451,452,0,active,▼B,,53,"6-(2-Chloroethyl)-6-(2-methoxyethoxy)-2,5,7,10-
tetraoxa-6-silaundecane",,,37894-46-5,253-704-7,,,,,,0
II,452,453,0,active,▼B,,53,Cobalt dichloride,,,7646-79-9,231-589-4,,,,,,0
II,453,454,0,active,▼B,,53,Cobalt sulphate,,,10124-43-3,233-334-2,,,,,,0
II,454,455,0,active,▼B,,54,Nickel monoxide,,,1313-99-1,215-215-7,,,,,,0
II,455,456,0,active,▼B,,54,Dinickel trioxide,,,1314-06-3,215-217-8,,,,,,0
II,456,457,0,active,▼B,,54,Nickel dioxide,,,12035-36-8,234-823-3,,,,,,0
II,457,458,0,active,▼B,,54,Trinickel disulphide,,,12035-72-2,234-829-6,,,,,,0
II,458,459,0,active,▼B,,54,Tetracarbonylnickel,,,13463-39-3,236-669-2,,,,,,0
II,459,460,0,active,▼B,,54,Nickel sulphide,,,16812-54-7,240-841-2,,,,,,0
II,460,461,0,active,▼B,,54,Potassium bromate,,,7758-01-2,231-829-8,,,,,,0
II,461,462,0,active,▼B,,54,Carbon monoxide,,,630-08-0,211-128-3,,,,,,0
II,462,463,0,active,▼B,,54,"Buta-1,3-diene, see also entries 464-611",,,106-99-0,203-450-8,,,,,,0
II,463,464,0,active,▼B,,54,"Isobutane, if it contains ≥ 0,1 % w/w Butadiene",,,75-28-5,200-857-2,,,,,,0
II,464,465,0,active,▼B,,54,"Butane, if it contains ≥ 0,1 % w/w Butadiene",,,106-97-8,203-448-7,,,,,,0
II,465,466,0,active,▼B,,54,"Gases (petroleum), C3-4, if they contain > 0,1 %
w/w Butadiene",,,68131-75-9,268-629-5,,,,,,0
II,466,467,0,active,▼B,,54,"Tail gas (petroleum), catalytic cracked distillate
and catalytic cracked naphtha fractionation
absorber, if it contains > 0,1 % w/w Butadiene",,,68307-98-2,269-617-2,,,,,,0
II,467,468,0,active,▼B,,54,"Tail gas (petroleum), catalytic polymn. naphtha
fractionation stabiliser, if it contains > 0,1 % w/
w Butadiene",,,68307-99-3,269-618-8,,,,,,0
II,468,469,0,active,▼B,,54,"Tail gas (petroleum), catalytic reformed naphtha
fractionation stabiliser, hydrogen sulfide-free, if
it contains > 0,1 % w/w Butadiene",,,68308-00-9,269-619-3,,,,,,0
II,469,470,0,active,▼B,,54,"Tail gas (petroleum), cracked distillate hydrotreater stripper, if it contains > 0,1 % w/w
Butadiene",,,68308-01-0,269-620-9,,,,,,0
II,470,471,0,active,▼B,,54,"Tail gas (petroleum), gas oil catalytic cracking
absorber, if it contains > 0,1 % w/w Butadiene",,,68308-03-2,269-623-5,,,,,,0
II,471,472,0,active,▼B,,54,"Tail gas (petroleum), gas recovery plant, if it
contains > 0,1 % w/w Butadiene",,,68308-04-3,269-624-0,,,,,,0
II,472,473,0,active,▼B,,54,"Tail gas (petroleum), gas recovery plant deethaniser, if it contains > 0,1 % w/w Butadiene",,,68308-05-4,269-625-6,,,,,,0
II,473,474,0,active,▼B,,55,"Tail gas (petroleum), hydrodesulfurised distillate
and hydrodesulfurised naphtha fractionator, acid-
free, if it contains > 0,1 % w/w Butadiene",,,68308-06-5,269-626-1,,,,,,0
II,474,475,0,active,▼B,,55,"Tail gas (petroleum), hydrodesulfurised vacuum
gas oil stripper, hydrogen sulfide-free, if it
contains > 0,1 % w/w Butadiene",,,68308-07-6,269-627-7,,,,,,0
II,475,476,0,active,▼B,,55,"Tail gas (petroleum), isomerised naphtha fractionation stabiliser, if it contains > 0,1 % w/w
Butadiene",,,68308-08-7,269-628-2,,,,,,0
II,476,477,0,active,▼B,,55,"Tail gas (petroleum), light straight-run naphtha
stabiliser, hydrogen sulfide-free, if it contains >
0,1 % w/w Butadiene",,,68308-09-8,269-629-8,,,,,,0
II,477,478,0,active,▼B,,55,"Tail gas (petroleum), straight-run distillate
hydrodesulfurised, hydrogen sulfide-free, if it
contains > 0,1 % w/w Butadiene",,,68308-10-1,269-630-3,,,,,,0
II,478,479,0,active,▼B,,55,"Tail gas (petroleum), propane-propylene alkylation feed prep deethaniser, if it contains >
0,1 % w/w Butadiene",,,68308-11-2,269-631-9,,,,,,0
II,479,480,0,active,▼B,,55,"Tail gas (petroleum), vacuum gas oil hydrodesulfurised, hydrogen sulfide-free, if it contains >
0,1 % w/w Butadiene",,,68308-12-3,269-632-4,,,,,,0
II,480,481,0,active,▼B,,55,"Gases (petroleum), catalytic cracked overheads,
if they contain > 0,1 % w/w Butadiene",,,68409-99-4,270-071-2,,,,,,0
II,481,482,0,active,▼B,,55,"Alkanes, C1-2, if they contain > 0,1 % w/w
Butadiene",,,68475-57-0,270-651-5,,,,,,0
II,482,483,0,active,▼B,,55,"Alkanes, C2-3, if they contain > 0,1 % w/w
Butadiene",,,68475-58-1,270-652-0,,,,,,0
II,483,484,0,active,▼B,,55,"Alkanes, C3-4, if they contain > 0,1 % w/w
Butadiene",,,68475-59-2,270-653-6,,,,,,0
II,484,485,0,active,▼B,,55,"Alkanes, C4-5, if they contain > 0,1 % w/w
Butadiene",,,68475-60-5,270-654-1,,,,,,0
II,485,486,0,active,▼B,,55,"Fuel-gases, if they contain > 0,1 % w/w
Butadiene",,,68476-26-6,270-667-2,,,,,,0
II,486,487,0,active,▼B,,55,"Fuel gases, crude oil distillates, if they contain >
0,1 % w/w Butadiene",,,68476-29-9,270-670-9,,,,,,0
II,487,488,0,active,▼B,,55,"Hydrocarbons, C3-4, if they contain > 0,1 % w/w
Butadiene",,,68476-40-4,270-681-9,,,,,,0
II,488,489,0,active,▼B,,55,"Hydrocarbons, C4-5, if they contain > 0,1 % w/w
Butadiene",,,68476-42-6,270-682-4,,,,,,0
II,489,490,0,active,▼B,,56,"Hydrocarbons, C2-4, C3-rich, if they contain >
0,1 % w/w Butadiene",,,68476-49-3,270-689-2,,,,,,0
II,490,491,0,active,▼B,,56,"Petroleum gases, liquefied, if they contain >
0,1 % w/w Butadiene",,,68476-85-7,270-704-2,,,,,,0
II,491,492,0,active,▼B,,56,"Petroleum gases, liquefied, sweetened, if they
contain > 0,1 % w/w Butadiene",,,68476-86-8,270-705-8,,,,,,0
II,492,493,0,active,▼B,,56,"Gases (petroleum), C3-4, isobutane-rich if they
contain > 0,1 % w/w Butadiene",,,68477-33-8,270-724-1,,,,,,0
II,493,494,0,active,▼B,,56,"Distillates (petroleum), C3-6, piperylene-rich, if
they contain > 0,1 % w/w Butadiene",,,68477-35-0,270-726-2,,,,,,0
II,494,495,0,active,▼B,,56,"Gases (petroleum), amine system feed, if they
contain > 0,1 % w/w Butadiene",,,68477-65-6,270-746-1,,,,,,0
II,495,496,0,active,▼B,,56,"Gases (petroleum), benzene unit hydrodesulfurised off, if they contain > 0,1 % w/w
Butadiene",,,68477-66-7,270-747-7,,,,,,0
II,496,497,0,active,▼B,,56,"Gases (petroleum), benzene unit recycle,
hydrogen-rich, if they contain > 0,1 % w/w
Butadiene",,,68477-67-8,270-748-2,,,,,,0
II,497,498,0,active,▼B,,56,"Gases (petroleum), blend oil, hydrogen-nitrogen-
rich, if they contain > 0,1 % w/w Butadiene",,,68477-68-9,270-749-8,,,,,,0
II,498,499,0,active,▼B,,56,"Gases (petroleum), butane splitter overheads, if
they contain > 0,1 % w/w Butadiene",,,68477-69-0,270-750-3,,,,,,0
II,499,500,0,active,▼B,,56,"Gases (petroleum), C2-3, if they contain > 0,1 %
w/w Butadiene",,,68477-70-3,270-751-9,,,,,,0
II,500,501,0,active,▼B,,56,"Gases (petroleum), catalytic-cracked gas oil
depropaniser bottoms, C4-rich acid-free, if they
contain > 0,1 % w/w Butadiene",,,68477-71-4,270-752-4,,,,,,0
II,501,502,0,active,▼B,,56,"Gases (petroleum), catalytic-cracked naphtha
debutaniser bottoms, C3-5-rich, if they contain >
0,1 % w/w Butadiene",,,68477-72-5,270-754-5,,,,,,0
II,502,503,0,active,▼B,,56,"Gases (petroleum), catalytic cracked naphtha
depropaniser overhead, C3-rich acid-free, if they
contain > 0,1 % w/w Butadiene",,,68477-73-6,270-755-0,,,,,,0
II,503,504,0,active,▼B,,56,"Gases (petroleum), catalytic cracker, if they
contain > 0,1 % w/w Butadiene",,,68477-74-7,270-756-6,,,,,,0
II,504,505,0,active,▼B,,56,"Gases (petroleum), catalytic cracker, C1-5-rich, if
they contain > 0,1 % w/w Butadiene",,,68477-75-8,270-757-1,,,,,,0
II,505,506,0,active,▼B,,57,"Gases (petroleum), catalytic polymd. naphtha
stabiliser overhead, C2-4-rich, if they contain >
0,1 % w/w Butadiene",,,68477-76-9,270-758-7,,,,,,0
II,506,507,0,active,▼B,,57,"Gases (petroleum), catalytic reformed naphtha
stripper overheads, if they contain > 0,1 % w/w
Butadiene",,,68477-77-0,270-759-2,,,,,,0
II,507,508,0,active,▼B,,57,"Gases (petroleum), catalytic reformer, C1-4-rich,
if they contain > 0,1 % w/w Butadiene",,,68477-79-2,270-760-8,,,,,,0
II,508,509,0,active,▼B,,57,"Gases (petroleum), C6-8 catalytic reformer
recycle, if they contain > 0,1 % w/w Butadiene",,,68477-80-5,270-761-3,,,,,,0
II,509,510,0,active,▼B,,57,"Gases (petroleum), C6-8 catalytic reformer, if
they contain > 0,1 % w/w Butadiene",,,68477-81-6,270-762-9,,,,,,0
II,510,511,0,active,▼B,,57,"Gases (petroleum), C6-8 catalytic reformer
recycle, hydrogen-rich, if they contain > 0,1 %
w/w Butadiene",,,68477-82-7,270-763-4,,,,,,0
II,511,512,0,active,▼B,,57,"Gases (petroleum), C3-5 olefinic-paraffinic alkylation feed, if they contain > 0,1 % w/w
Butadiene",,,68477-83-8,270-765-5,,,,,,0
II,512,513,0,active,▼B,,57,"Gases (petroleum), C2-return stream, if they
contain > 0,1 % w/w Butadiene",,,68477-84-9,270-766-0,,,,,,0
II,513,514,0,active,▼B,,57,"Gases (petroleum), C4-rich, if they contain >
0,1 % w/w Butadiene",,,68477-85-0,270-767-6,,,,,,0
II,514,515,0,active,▼B,,57,"Gases (petroleum), deethaniser overheads, if they
contain > 0,1 % w/w Butadiene",,,68477-86-1,270-768-1,,,,,,0
II,515,516,0,active,▼B,,57,"Gases (petroleum), deisobutaniser tower overheads, if they contain > 0,1 % w/w Butadiene",,,68477-87-2,270-769-7,,,,,,0
II,516,517,0,active,▼B,,57,"Gases (petroleum), depropaniser dry, propene-
rich, if they contain > 0,1 % w/w Butadiene",,,68477-90-7,270-772-3,,,,,,0
II,517,518,0,active,▼B,,57,"Gases (petroleum), depropaniser overheads, if
they contain > 0,1 % w/w Butadiene",,,68477-91-8,270-773-9,,,,,,0
II,518,519,0,active,▼B,,57,"Gases (petroleum), dry sour, gas-concn. -unit-
off, if they contain > 0,1 % w/w Butadiene",,,68477-92-9,270-774-4,,,,,,0
II,519,520,0,active,▼B,,57,"Gases (petroleum), gas concn. reabsorber distn.,
if they contain > 0,1 % w/w Butadiene",,,68477-93-0,270-776-5,,,,,,0
II,520,521,0,active,▼B,,57,"Gases (petroleum), gas recovery plant depropaniser overheads, if they contain > 0,1 % w/w
Butadiene",,,68477-94-1,270-777-0,,,,,,0
II,521,522,0,active,▼B,,58,"Gases (petroleum), Girbatol unit feed, if they
contain > 0,1 % w/w Butadiene",,,68477-95-2,270-778-6,,,,,,0
II,522,523,0,active,▼B,,58,"Gases (petroleum), hydrogen absorber off, if
they contain > 0,1 % w/w Butadiene",,,68477-96-3,270-779-1,,,,,,0
II,523,524,0,active,▼B,,58,"Gases (petroleum), hydrogen-rich, if they contain
> 0,1 % w/w Butadiene",,,68477-97-4,270-780-7,,,,,,0
II,524,525,0,active,▼B,,58,"Gases (petroleum), hydrotreater blend oil
recycle, hydrogen-nitrogen-rich, if they contain >
0,1 % w/w Butadiene",,,68477-98-5,270-781-2,,,,,,0
II,525,526,0,active,▼B,,58,"Gases (petroleum), isomerised naphtha fractionator, C4-rich, hydrogen sulfide-free, if they
contain > 0,1 % w/w Butadiene",,,68477-99-6,270-782-8,,,,,,0
II,526,527,0,active,▼B,,58,"Gases (petroleum), recycle, hydrogen-rich, if
they contain > 0,1 % w/w Butadiene",,,68478-00-2,270-783-3,,,,,,0
II,527,528,0,active,▼B,,58,"Gases (petroleum), reformer make-up, hydrogen-
rich, if they contain > 0,1 % w/w Butadiene",,,68478-01-3,270-784-9,,,,,,0
II,528,529,0,active,▼B,,58,"Gases (petroleum), reforming hydrotreater, if
they contain > 0,1 % w/w Butadiene",,,68478-02-4,270-785-4,,,,,,0
II,529,530,0,active,▼B,,58,"Gases (petroleum), reforming hydrotreater,
hydrogen-methane-rich, if they contain > 0,1 %
w/w Butadiene",,,68478-03-5,270-787-5,,,,,,0
II,530,531,0,active,▼B,,58,"Gases (petroleum), reforming hydrotreater make-
up, hydrogen-rich, if they contain > 0,1 % w/w
Butadiene",,,68478-04-6,270-788-0,,,,,,0
II,531,532,0,active,▼B,,58,"Gases (petroleum), thermal cracking distn., if
they contain > 0,1 % w/w Butadiene",,,68478-05-7,270-789-6,,,,,,0
II,532,533,0,active,▼B,,58,"Tail gas (petroleum), catalytic cracked clarified
oil and thermal cracked vacuum residue fractionation reflux drum, if it contains > 0,1 % w/w
Butadiene",,,68478-21-7,270-802-5,,,,,,0
II,533,534,0,active,▼B,,58,"Tail gas (petroleum), catalytic cracked naphtha
stabilisation absorber, if it contains > 0,1 % w/w
Butadiene",,,68478-22-8,270-803-0,,,,,,0
II,534,535,0,active,▼B,,58,"Tail gas (petroleum), catalytic cracker, catalytic
reformer and hydrodesulfurised combined fractionater, if it contains > 0,1 % w/w Butadiene",,,68478-24-0,270-804-6,,,,,,0
II,535,536,0,active,▼B,,58,"Tail gas (petroleum), catalytic cracker refractionation absorber, if it contains > 0,1 % w/w
Butadiene",,,68478-25-1,270-805-1,,,,,,0
II,536,537,0,active,▼B,,58,"Tail gas (petroleum), catalytic reformed naphtha
fractionation stabiliser, if it contains > 0,1 % w/
w Butadiene",,,68478-26-2,270-806-7,,,,,,0
II,537,538,0,active,▼B,,59,"Tail gas (petroleum), catalytic reformed naphtha
separator, if it contains > 0,1 % w/w Butadiene",,,68478-27-3,270-807-2,,,,,,0
II,538,539,0,active,▼B,,59,"Tail gas (petroleum), catalytic reformed naphtha
stabiliser, if it contains > 0,1 % w/w Butadiene",,,68478-28-4,270-808-8,,,,,,0
II,539,540,0,active,▼B,,59,"Tail gas (petroleum), cracked distillate hydrotreater separator, if it contains > 0,1 % w/w
Butadiene",,,68478-29-5,270-809-3,,,,,,0
II,540,541,0,active,▼B,,59,"Tail gas (petroleum), hydrodesulfurised straight-
run naphtha separator, if it contains > 0,1 % w/w
Butadiene",,,68478-30-8,270-810-9,,,,,,0
II,541,542,0,active,▼B,,59,"Tail gas (petroleum), saturate gas plant mixed
stream, C4-rich, if it contains > 0,1 % w/w
Butadiene",,,68478-32-0,270-813-5,,,,,,0
II,542,543,0,active,▼B,,59,"Tail gas (petroleum), saturate gas recovery plant,
C1-2-rich, if it contains > 0,1 % w/w Butadiene",,,68478-33-1,270-814-0,,,,,,0
II,543,544,0,active,▼B,,59,"Tail gas (petroleum), vacuum residues thermal
cracker, if it contains > 0,1 % w/w Butadiene",,,68478-34-2,270-815-6,,,,,,0
II,544,545,0,active,▼B,,59,"Hydrocarbons, C3-4-rich, petroleum distillate, if
they contain > 0,1 % w/w Butadiene",,,68512-91-4,270-990-9,,,,,,0
II,545,546,0,active,▼B,,59,"Gases (petroleum), catalytic reformed straight-
run naphtha stabiliser overheads, if they contain
> 0,1 % w/w Butadiene",,,68513-14-4,270-999-8,,,,,,0
II,546,547,0,active,▼B,,59,"Gases (petroleum), full-range straight-run
naphtha dehexaniser off, if they contain > 0,1 %
w/w Butadiene",,,68513-15-5,271-000-8,,,,,,0
II,547,548,0,active,▼B,,59,"Gases (petroleum), hydrocracking depropaniser
off, hydrocarbon-rich, if they contain > 0,1 % w/
w Butadiene",,,68513-16-6,271-001-3,,,,,,0
II,548,549,0,active,▼B,,59,"Gases (petroleum), light straight-run naphtha
stabiliser off, if they contain > 0,1 % w/w
Butadiene",,,68513-17-7,271-002-9,,,,,,0
II,549,550,0,active,▼B,,59,"Gases (petroleum), reformer effluent high-
pressure flash drum off, if they contain > 0,1 %
w/w Butadiene",,,68513-18-8,271-003-4,,,,,,0
II,550,551,0,active,▼B,,59,"Gases (petroleum), reformer effluent low-
pressure flash drum off, if they contain > 0,1 %
w/w Butadiene",,,68513-19-9,271-005-5,,,,,,0
II,551,552,0,active,▼B,,60,"Residues (petroleum), alkylation splitter, C4-rich,
if they contain > 0,1 % w/w Butadiene",,,68513-66-6,271-010-2,,,,,,0
II,552,553,0,active,▼B,,60,"Hydrocarbons, C1-4, if they contain > 0,1 % w/w
Butadiene",,,68514-31-8,271-032-2,,,,,,0
II,553,554,0,active,▼B,,60,"Hydrocarbons, C1-4, sweetened, if they contain >
0,1 % w/w Butadiene",,,68514-36-3,271-038-5,,,,,,0
II,554,555,0,active,▼B,,60,"Gases (petroleum), oil refinery gas distn. off, if
they contain > 0,1 % w/w Butadiene",,,68527-15-1,271-258-1,,,,,,0
II,555,556,0,active,▼B,,60,"Hydrocarbons, C1-3, if they contain > 0,1 % w/w
Butadiene",,,68527-16-2,271-259-7,,,,,,0
II,556,557,0,active,▼B,,60,"Hydrocarbons, C1-4, debutaniser fraction, if they
contain > 0,1 % w/w Butadiene",,,68527-19-5,271-261-8,,,,,,0
II,557,558,0,active,▼B,,60,"Gases (petroleum), benzene unit hydrotreater
depentaniser overheads, if they contain > 0,1 %
w/w Butadiene",,,68602-82-4,271-623-5,,,,,,0
II,558,559,0,active,▼B,,60,"Gases (petroleum), C1-5, wet, if they contain >
0,1 % w/w Butadiene",,,68602-83-5,271-624-0,,,,,,0
II,559,560,0,active,▼B,,60,"Gases (petroleum), secondary absorber off,
fluidised catalytic cracker overheads fractionator,
if they contain > 0,1 % w/w Butadiene",,,68602-84-6,271-625-6,,,,,,0
II,560,561,0,active,▼B,,60,"Hydrocarbons, C2-4, if they contain > 0,1 % w/w
Butadiene",,,68606-25-7,271-734-9,,,,,,0
II,561,562,0,active,▼B,,60,"Hydrocarbons, C3, if they contain > 0,1 % w/w
Butadiene",,,68606-26-8,271-735-4,,,,,,0
II,562,563,0,active,▼B,,60,"Gases (petroleum), alkylation feed, if they
contain > 0,1 % w/w Butadiene",,,68606-27-9,271-737-5,,,,,,0
II,563,564,0,active,▼B,,60,"Gases (petroleum), depropaniser bottoms fractionation off, if they contain > 0,1 % w/w
Butadiene",,,68606-34-8,271-742-2,,,,,,0
II,564,565,0,active,▼B,,60,"Petroleum products, refinery gases, if they
contain > 0,1 % w/w Butadiene",,,68607-11-4,271-750-6,,,,,,0
II,565,566,0,active,▼B,,60,"Gases (petroleum), hydrocracking low-pressure
separator, if they contain > 0,1 % w/w Butadiene",,,68783-06-2,272-182-1,,,,,,0
II,566,567,0,active,▼B,,60,"Gases (petroleum), refinery blend, if they contain
> 0,1 % w/w Butadiene",,,68783-07-3,272-183-7,,,,,,0
II,567,568,0,active,▼B,,60,"Gases (petroleum), catalytic cracking, if they
contain > 0,1 % w/w Butadiene",,,68783-64-2,272-203-4,,,,,,0
II,568,569,0,active,▼B,,61,"Gases (petroleum), C2-4, sweetened, if they
contain > 0,1 % w/w Butadiene",,,68783-65-3,272-205-5,,,,,,0
II,569,570,0,active,▼B,,61,"Gases (petroleum), refinery, if they contain >
0,1 % w/w Butadiene",,,68814-67-5,272-338-9,,,,,,0
II,570,571,0,active,▼B,,61,"Gases (petroleum), platformer products separator
off, if they contain > 0,1 % w/w Butadiene",,,68814-90-4,272-343-6,,,,,,0
II,571,572,0,active,▼B,,61,"Gases (petroleum), hydrotreated sour kerosine
depentaniser stabiliser off, if they contain >
0,1 % w/w Butadiene",,,68911-58-0,272-775-5,,,,,,0
II,572,573,0,active,▼B,,61,"Gases (petroleum), hydrotreated sour kerosine
flash drum, if they contain > 0,1 % w/w
Butadiene",,,68911-59-1,272-776-0,,,,,,0
II,573,574,0,active,▼B,,61,"Gases (petroleum), crude oil fractionation off, if
they contain > 0,1 % w/w Butadiene",,,68918-99-0,272-871-7,,,,,,0
II,574,575,0,active,▼B,,61,"Gases (petroleum), dehexaniser off, if they
contain > 0,1 % w/w Butadiene",,,68919-00-6,272-872-2,,,,,,0
II,575,576,0,active,▼B,,61,"Gases (petroleum), distillate unifiner desulfurisation stripper off, if they contain > 0,1 % w/w
Butadiene",,,68919-01-7,272-873-8,,,,,,0
II,576,577,0,active,▼B,,61,"Gases (petroleum), fluidised catalytic cracker
fractionation off if they contain > 0,1 % w/w
Butadiene",,,68919-02-8,272-874-3,,,,,,0
II,577,578,0,active,▼B,,61,"Gases (petroleum), fluidised catalytic cracker
scrubbing secondary absorber off, if they contain
> 0,1 % w/w Butadiene",,,68919-03-9,272-875-9,,,,,,0
II,578,579,0,active,▼B,,61,"Gases (petroleum), heavy distillate hydrotreater
desulfurisation stripper off, if they contain >
0,1 % w/w Butadiene",,,68919-04-0,272-876-4,,,,,,0
II,579,580,0,active,▼B,,61,"Gases (petroleum), light straight run gasoline
fractionation stabiliser off, if they contain >
0,1 % w/w Butadiene",,,68919-05-1,272-878-5,,,,,,0
II,580,581,0,active,▼B,,61,"Gases (petroleum), naphtha unifiner desulfurisation stripper off, if they contain > 0,1 % w/w
Butadiene",,,68919-06-2,272-879-0,,,,,,0
II,581,582,0,active,▼B,,61,"Gases (petroleum), platformer stabiliser off, light
ends fractionation, if they contain > 0,1 % w/w
Butadiene",,,68919-07-3,272-880-6,,,,,,0
II,582,583,0,active,▼B,,62,"Gases (petroleum), preflash tower off, crude
distn., if they contain > 0,1 % w/w Butadiene",,,68919-08-4,272-881-1,,,,,,0
II,583,584,0,active,▼B,,62,"Gases (petroleum), straight-run naphtha catalytic
reforming off, if they contain > 0,1 % w/w
Butadiene",,,68919-09-5,272-882-7,,,,,,0
II,584,585,0,active,▼B,,62,"Gases (petroleum), straight-run stabiliser off, if
they contain > 0,1 % w/w Butadiene",,,68919-10-8,272-883-2,,,,,,0
II,585,586,0,active,▼B,,62,"Gases (petroleum), tar stripper off, if they
contain > 0,1 % w/w Butadiene",,,68919-11-9,272-884-8,,,,,,0
II,586,587,0,active,▼B,,62,"Gases (petroleum), unifiner stripper off, if they
contain > 0,1 % w/w Butadiene",,,68919-12-0,272-885-3,,,,,,0
II,587,588,0,active,▼B,,62,"Gases (petroleum), fluidised catalytic cracker
splitter overheads, if they contain > 0,1 % w/w
Butadiene",,,68919-20-0,272-893-7,,,,,,0
II,588,589,0,active,▼B,,62,"Gases (petroleum), catalytic cracked naphtha
debutaniser, if they contain > 0,1 % w/w
Butadiene",,,68952-76-1,273-169-3,,,,,,0
II,589,590,0,active,▼B,,62,"Tail gas (petroleum), catalytic cracked distillate
and naphtha stabiliser, if it contains > 0,1 % w/w
Butadiene",,,68952-77-2,273-170-9,,,,,,0
II,590,591,0,active,▼B,,62,"Tail gas (petroleum), catalytic hydrodesulfurised
naphtha separator, if it contains > 0,1 % w/w
Butadiene",,,68952-79-4,273-173-5,,,,,,0
II,591,592,0,active,▼B,,62,"Tail gas (petroleum), straight-run naphtha
hydrodesulfurised, if it contains > 0,1 % w/w
Butadiene",,,68952-80-7,273-174-0,,,,,,0
II,592,593,0,active,▼B,,62,"Tail gas (petroleum), thermal-cracked distillate,
gas oil and naphtha absorber, if it contains >
0,1 % w/w Butadiene",,,68952-81-8,273-175-6,,,,,,0
II,593,594,0,active,▼B,,62,"Tail gas (petroleum), thermal cracked hydrocarbon fractionation stabiliser, petroleum coking,
if it contains > 0,1 % w/w Butadiene",,,68952-82-9,273-176-1,,,,,,0
II,594,595,0,active,▼B,,62,"Gases (petroleum), light steam-cracked,
butadiene conc., if they contain > 0,1 % w/w
Butadiene",,,68955-28-2,273-265-5,,,,,,0
II,595,596,0,active,▼B,,62,"Gases (petroleum), sponge absorber off, fluidised
catalytic cracker and gas oil desulfuriser
overhead fractionation, if they contain > 0,1 %
w/w Butadiene",,,68955-33-9,273-269-7,,,,,,0
II,596,597,0,active,▼B,,63,"Gases (petroleum), straight-run naphtha catalytic
reformer stabiliser overhead, if they contain >
0,1 % w/w Butadiene",,,68955-34-0,273-270-2,,,,,,0
II,597,598,0,active,▼B,,63,"Gases (petroleum), crude distn. and catalytic
cracking, if they contain > 0,1 % w/w Butadiene",,,68989-88-8,273-563-5,,,,,,0
II,598,599,0,active,▼B,,63,"Hydrocarbons, C4, if they contain > 0,1 % w/w
Butadiene",,,87741-01-3,289-339-5,,,,,,0
II,599,600,0,active,▼B,,63,"Alkanes, C1-4, C3-rich, if they contain > 0,1 %
w/w Butadiene",,,90622-55-2,292-456-4,,,,,,0
II,600,601,0,active,▼B,,63,"Gases (petroleum), gas oil diethanolamine
scrubber off, if they contain > 0,1 % w/w
Butadiene",,,92045-15-3,295-397-2,,,,,,0
II,601,602,0,active,▼B,,63,"Gases (petroleum), gas oil hydrodesulfurisation
effluent, if they contain > 0,1 % w/w Butadiene",,,92045-16-4,295-398-8,,,,,,0
II,602,603,0,active,▼B,,63,"Gases (petroleum), gas oil hydrodesulfurisation
purge, if they contain > 0,1 % w/w Butadiene",,,92045-17-5,295-399-3,,,,,,0
II,603,604,0,active,▼B,,63,"Gases (petroleum), hydrogenator effluent flash
drum off, if they contain > 0,1 % w/w Butadiene",,,92045-18-6,295-400-7,,,,,,0
II,604,605,0,active,▼B,,63,"Gases (petroleum), naphtha steam cracking high-
pressure residual, if they contain > 0,1 % w/w
Butadiene",,,92045-19-7,295-401-2,,,,,,0
II,605,606,0,active,▼B,,63,"Gases (petroleum), residue visbreaking off, if
they contain > 0,1 % w/w Butadiene",,,92045-20-0,295-402-8,,,,,,0
II,606,607,0,active,▼B,,63,"Gases (petroleum), steam-cracker C3-rich, if they
contain > 0,1 % w/w Butadiene",,,92045-22-2,295-404-9,,,,,,0
II,607,608,0,active,▼B,,63,"Hydrocarbons, C4, steam-cracker distillate, if
they contain > 0,1 % w/w Butadiene",,,92045-23-3,295-405-4,,,,,,0
II,608,609,0,active,▼B,,63,"Petroleum gases, liquefied, sweetened, C4
fraction, if they contain > 0,1 % w/w Butadiene",,,92045-80-2,295-463-0,,,,,,0
II,609,610,0,active,▼B,,63,"Hydrocarbons, C4, 1,3-butadiene- and isobutene-
free, if they contain > 0,1 % w/w Butadiene",,,95465-89-7,306-004-1,,,,,,0
II,610,611,0,active,▼B,,64,"Raffinates (petroleum), steam-cracked C4
fraction cuprous ammonium acetate extn., C3-5
and C3-5 unsatd., butadiene-free, if they contain
> 0,1 % w/w Butadiene",,,97722-19-5,307-769-4,,,,,,0
II,611,612,0,active,▼B,,64,Benzo[def]chrysene (benzo[a]pyrene),,,50-32-8,200-028-5,,,,,,0
II,612,613,0,active,▼B,,64,"Pitch, coal tar-petroleum, if it contains >
0,005 % w/w benzo[a]pyrene",,,68187-57-5,269-109-0,,,,,,0
II,613,614,0,active,▼B,,64,"Distillates (coal-petroleum), condensed-ring
arom., if they contain > 0,005 % w/w benzo[a]
pyrene",,,68188-48-7,269-159-3,,,,,,0
II,614,615,0,moved_or_deleted,▼B,,64,Moved or deleted,,,,,,,,,,0
II,615,616,0,moved_or_deleted,▼B,,64,Moved or deleted,,,,,,,,,,0
II,616,617,0,active,▼B,,64,"Creosote oil, acenaphthene fraction, acenaphthene-free, if it contains > 0,005 % w/w benzo[a]
pyrene",,,90640-85-0,292-606-9,,,,,,0
II,617,618,0,active,▼B,,64,"Pitch, coal tar, low-temp., if it contains >
0,005 % w/w benzo[a]pyrene",,,90669-57-1,292-651-4,,,,,,0
II,618,619,0,active,▼B,,64,"Pitch, coal tar, low-temp., heat-treated, if it
contains > 0,005 % w/w benzo[a]pyrene",,,90669-58-2,292-653-5,,,,,,0
II,619,620,0,active,▼B,,64,"Pitch, coal tar, low-temp., oxidised, if it contains
> 0,005 % w/w benzo[a]pyrene",,,90669-59-3,292-654-0,,,,,,0
II,620,621,0,active,▼B,,64,"Extract residues (coal), brown, if they contain >
0,005 % w/w benzo[a]pyrene",,,91697-23-3,294-285-0,,,,,,0
II,621,622,0,active,▼B,,64,"Paraffin waxes (coal), brown-coal high-temp. tar,
if they contain > 0,005 % w/w benzo[a]pyrene",,,92045-71-1,295-454-1,,,,,,0
II,622,623,0,active,▼B,,64,"Paraffin waxes (coal), brown-coal high-temp. tar,
hydrotreated, if they contain > 0,005 % w/w
benzo[a]pyrene",,,92045-72-2,295-455-7,,,,,,0
II,623,624,0,active,▼B,,64,"Waste solids, coal-tar pitch coking, if they
contain > 0,005 % w/w benzo[a]pyrene",,,92062-34-5,295-549-8,,,,,,0
II,624,625,0,active,▼B,,64,"Pitch, coal tar, high-temp., secondary, if it
contains > 0,005 % w/w benzo[a]pyrene",,,94114-13-3,302-650-3,,,,,,0
II,625,626,0,active,▼B,,64,"Residues (coal), liq. solvent extn., if they contain
> 0,005 % w/w benzo[a]pyrene",,,94114-46-2,302-681-2,,,,,,0
II,626,627,0,active,▼B,,65,"Coal liquids, liq. solvent extn. soln., if they
contain > 0,005 % w/w benzo[a]pyrene",,,94114-47-3,302-682-8,,,,,,0
II,627,628,0,active,▼B,,65,"Coal liquids, liq. solvent extn., if they contain >
0,005 % w/w benzo[a]pyrene",,,94114-48-4,302-683-3,,,,,,0
II,628,629,0,active,▼B,,65,"Paraffin waxes (coal), brown-coal high-temp. tar,
carbon-treated, if they contain > 0,005 % w/w
benzo[a]pyrene",,,97926-76-6,308-296-6,,,,,,0
II,629,630,0,active,▼B,,65,"Paraffin waxes (coal), brown-coal high-temp tar,
clay-treated, if they contain > 0,005 % w/w
benzo[a]pyrene",,,97926-77-7,308-297-1,,,,,,0
II,630,631,0,active,▼B,,65,"Paraffin waxes (coal), brown-coal high-temp tar,
silicic acid-treated, if they contain > 0,005 % w/
w benzo[a]pyrene",,,97926-78-8,308-298-7,,,,,,0
II,631,632,0,active,▼B,,65,"Absorption oils, bicyclo arom. and heterocylic
hydrocarbon fraction, if they contain > 0,005 %
w/w benzo[a]pyrene",,,101316-45-4,309-851-5,,,,,,0
II,632,633,0,active,▼B,,65,"Aromatic hydrocarbons, C20-28, polycyclic,
mixed coal-tar pitch-polyethylene polypropylene
pyrolysis-derived, if they contain > 0,005 % w/w
benzo[a]pyrene",,,101794-74-5,309-956-6,,,,,,0
II,633,634,0,active,▼B,,65,"Aromatic hydrocarbons, C20-28, polycyclic,
mixed coal-tar pitch-polyethylene pyrolysis-
derived, if they contain > 0,005 % w/w benzo[a]
pyrene",,,101794-75-6,309-957-1,,,,,,0
II,634,635,0,active,▼B,,65,"Aromatic hydrocarbons, C20-28, polycyclic,
mixed coal-tar pitch-polystyrene pyrolysis-
derived, if they contain > 0,005 % w/w benzo[a]
pyrene",,,101794-76-7,309-958-7,,,,,,0
II,635,636,0,active,▼B,,65,"Pitch, coal tar, high-temp., heat-treated, if it
contains > 0,005 % w/w benzo[a]pyrene",,,121575-60-8,310-162-7,,,,,,0
II,636,637,0,active,▼B,,65,"Dibenz[a,h]anthracene",,,53-70-3,200-181-8,,,,,,0
II,637,638,0,active,▼B,,65,Benz[a]anthracene,,,56-55-3,200-280-6,,,,,,0
II,638,639,0,active,▼B,,65,Benzo[e]pyrene,,,192-97-2,205-892-7,,,,,,0
II,639,640,0,active,▼B,,65,Benzo[j]fluoranthene,,,205-82-3,205-910-3,,,,,,0
II,640,641,0,active,▼B,,65,Benz(e)acephenanthrylene,,,205-99-2,205-911-9,,,,,,0
II,641,642,0,active,▼B,,65,Benzo(k)fluoranthene,,,207-08-9,205-916-6,,,,,,0
II,642,643,0,active,▼B,,66,Chrysene,,,218-01-9,205-923-4,,,,,,0
II,643,644,0,active,▼B,,66,2-Bromopropane,,,75-26-3,200-855-1,,,,,,0
II,644,645,0,active,▼B,,66,Trichloroethylene,,,79-01-6,201-167-4,,,,,,0
II,645,646,0,active,▼B,,66,"1,2-Dibromo-3-chloropropane",,,96-12-8,202-479-3,,,,,,0
II,646,647,0,active,▼B,,66,"2,3-Dibromopropan-1-ol",,,96-13-9,202-480-9,,,,,,0
II,647,648,0,active,▼B,,66,"1,3-Dichloropropan-2-ol",,,96-23-1,202-491-9,,,,,,0
II,648,649,0,active,▼B,,66,"α,α,α-Trichlorotoluene",,,98-07-7,202-634-5,,,,,,0
II,649,650,0,active,▼B,,66,α-Chlorotoluene (Benzyl chloride),,,100-44-7,202-853-6,,,,,,0
II,650,651,0,active,▼B,,66,"1,2-Dibromoethane",,,106-93-4,203-444-5,,,,,,0
II,651,652,0,active,▼B,,66,Hexachlorobenzene,,,118-74-1,204-273-9,,,,,,0
II,652,653,0,active,▼B,,66,Bromoethylene (Vinyl bromide),,,593-60-2,209-800-6,,,,,,0
II,653,654,0,active,▼B,,66,"1,4-Dichlorobut-2-ene",,,764-41-0,212-121-8,,,,,,0
II,654,655,0,active,▼B,,66,Methyloxirane (Propylene oxide),,,75-56-9,200-879-2,,,,,,0
II,655,656,0,active,▼B,,66,(Epoxyethyl)benzene (Styrene oxide),,,96-09-3,202-476-7,,,,,,0
II,656,657,0,active,▼B,,66,"1-Chloro-2,3-epoxypropane (Epichlorohydrin)",,,106-89-8,203-439-8,,,,,,0
II,657,658,0,active,▼B,,66,"R-1-Chloro-2,3-epoxypropane",,,51594-55-9,424-280-2,,,,,,0
II,658,659,0,active,▼B,,66,"1,2-Epoxy-3-phenoxypropane (Phenylglycidyl
ether)",,,122-60-1,204-557-2,,,,,,0
II,659,660,0,active,▼B,,66,"2,3-Epoxypropan-1-ol (Glycidol)",,,556-52-5,209-128-3,,,,,,0
II,660,661,0,active,▼B,,66,"R-2,3-Epoxy-1-propanol",,,57044-25-4,404-660-4,,,,,,0
II,661,662,0,active,▼B,,66,"2,2′-Bioxirane (1,2:3,4-Diepoxybutane)",,,1464-53-5,215-979-1,,,,,,0
II,662,663,0,active,▼B,,66,"(2RS,3RS)-3-(2-Chlorophenyl)-2-(4-fluorophenyl)-[1H-1,2,4-triazol-1-yl)methyl]oxirane;
Epoxiconazole",,,133855-98-8,406-850-2,,,,,,0
II,663,664,0,active,▼B,,66,Chloromethyl methyl ether,,,107-30-2,203-480-1,,,,,,0
II,664,665,0,active,▼B,,66,2-Methoxyethanol and its acetate (2-Methoxyethyl acetate),,,"109-86-4/
110-49-6","203-713-7/
203-772-9",,,,,,0
II,665,666,0,active,▼B,,66,"2-Ethoxyethanol and its acetate (2-Ethoxyethyl
acetate)",,,"110-80-5/
111-15-9","203-804-1/
203-839-2",,,,,,0
II,666,667,0,active,▼B,,66,"Oxybis[chloromethane], bis (Chloromethyl) ether",,,542-88-1,208-832-8,,,,,,0
II,667,668,0,active,▼B,,67,2-Methoxypropanol,,,1589-47-5,216-455-5,,,,,,0
II,668,669,0,active,▼B,,67,Propiolactone,,,57-57-8,200-340-1,,,,,,0
II,669,670,0,active,▼B,,67,Dimethylcarbamoyl chloride,,,79-44-7,201-208-6,,,,,,0
II,670,671,0,active,▼B,,67,Urethane (Ethyl carbamate),,,51-79-6,200-123-1,,,,,,0
II,671,672,0,moved_or_deleted,▼B,,67,Moved or deleted,,,,,,,,,,0
II,672,673,0,moved_or_deleted,▼B,,67,Moved or deleted,,,,,,,,,,0
II,673,674,0,active,▼B,,67,Methoxyacetic acid,,,625-45-6,210-894-6,,,,,,0
II,674,675,0,active,▼B,,67,Dibutyl phthalate,,,84-74-2,201-557-4,,,,,,0
II,675,676,0,active,▼B,,67,bis(2-Methoxyethyl) ether (Dimethoxydiglycol),,,111-96-6,203-924-4,,,,,,0
II,676,677,0,active,▼B,,67,"bis(2-Ethylhexyl) phthalate (Diethylhexyl
phthalate)",,,117-81-7,204-211-0,,,,,,0
II,677,678,0,active,▼B,,67,bis(2-Methoxyethyl) phthalate,,,117-82-8,204-212-6,,,,,,0
II,678,679,0,active,▼B,,67,2-Methoxypropyl acetate,,,70657-70-4,274-724-2,,,,,,0
II,679,680,0,active,▼B,,67,"2-Ethylhexyl[[[3,5-bis(1,1-dimethylethyl)-4-
hydroxyphenyl]-methyl]thio]acetate",,,80387-97-9,279-452-8,,,,,,0
II,680,681,0,active,▼B,,67,"Acrylamide, unless regulated elsewhere in this
Regulation",,,79-06-1,201-173-7,,,,,,0
II,681,682,0,active,▼B,,67,Acrylonitrile,,,107-13-1,203-466-5,,,,,,0
II,682,683,0,active,▼B,,67,2-Nitropropane,,,79-46-9,201-209-1,,,,,,0
II,683,684,0,active,▼B,,67,"Dinoseb, its salts and esters with the exception
of those specified elsewhere in this list",,,88-85-7,201-861-7,,,,,,0
II,684,685,0,active,▼B,,67,2-Nitroanisole,,,91-23-6,202-052-1,,,,,,0
II,685,686,0,active,▼B,,67,4-Nitrobiphenyl,,,92-93-3,202-204-7,,,,,,0
II,686,687,0,active,▼B,,67,"2,4-Dinitrotoluene;
Dinitrotoluene, technical grade",,,"121-14-2/
25321-14-6","204-450-0/
246-836-1",,,,,,0
II,687,688,0,active,▼B,,67,Binapacryl,,,485-31-4,207-612-9,,,,,,0
II,688,689,0,active,▼B,,67,2-Nitronaphthalene,,,581-89-5,209-474-5,,,,,,0
II,689,690,0,active,▼B,,67,"2,3-Dinitrotoluene",,,602-01-7,210-013-5,,,,,,0
II,690,691,0,active,▼B,,67,5-Nitroacenaphthene,,,602-87-9,210-025-0,,,,,,0
II,691,692,0,active,▼B,,67,"2,6-Dinitrotoluene",,,606-20-2,210-106-0,,,,,,0
II,692,693,0,active,▼B,,67,"3,4-Dinitrotoluene",,,610-39-9,210-222-1,,,,,,0
II,693,694,0,active,▼B,,68,"3,5-Dinitrotoluene",,,618-85-9,210-566-2,,,,,,0
II,694,695,0,active,▼B,,68,"2,5-Dinitrotoluene",,,619-15-8,210-581-4,,,,,,0
II,695,696,0,active,▼B,,68,"Dinoterb, its salts and esters",,,1420-07-1,215-813-8,,,,,,0
II,696,697,0,active,▼B,,68,Nitrofen,,,1836-75-5,217-406-0,,,,,,0
II,697,698,0,moved_or_deleted,▼B,,68,Moved or deleted,,,,,,,,,,0
II,698,699,0,active,▼B,,68,Diazomethane,,,334-88-3,206-382-7,,,,,,0
II,699,700,0,active,▼B,,68,"1,4,5,8-Tetraaminoanthraquinone (Disperse Blue
1)",,,2475-45-8,219-603-7,,,,,,0
II,700,701,0,moved_or_deleted,▼B,,68,Moved or deleted,,,,,,,,,,0
II,701,702,0,active,▼B,,68,1-Methyl-3-nitro-1-nitrosoguanidine,,,70-25-7,200-730-1,,,,,,0
II,702,703,0,moved_or_deleted,▼B,,68,Moved or deleted,,,,,,,,,,0
II,703,704,0,moved_or_deleted,▼B,,68,Moved or deleted,,,,,,,,,,0
II,704,705,0,active,▼B,,68,"4,4′-Methylenedianiline",,,101-77-9,202-974-4,,,,,,0
II,705,706,0,active,▼B,,68,"4,4′-(4-Iminocyclohexa-2,5-dienylidenemethylene) dianiline hydrochloride",,,569-61-9,209-321-2,,,,,,0
II,706,707,0,active,▼B,,68,"4,4′-Methylenedi-o-toluidine",,,838-88-0,212-658-8,,,,,,0
II,707,708,0,active,▼B,,68,o-Anisidine,,,90-04-0,201-963-1,,,,,,0
II,708,709,0,active,▼B,,68,"3,3′-Dimethoxybenzidine (ortho-Dianisidine) and
its salts",,,119-90-4,204-355-4,,,,,,0
II,709,710,0,moved_or_deleted,▼B,,68,Moved or deleted,,,,,,,,,,0
II,710,711,0,active,▼B,,68,o-Dianisidine based azo dyes,,,,,,,,,,0
II,711,712,0,active,▼B,,68,"3,3′-Dichlorobenzidine",,,91-94-1,202-109-0,,,,,,0
II,712,713,0,active,▼B,,68,Benzidine dihydrochloride,,,531-85-1,208-519-6,,,,,,0
II,713,714,0,active,▼B,,68,"[[1,1′-Biphenyl]-4,4′-diyl]diammonium sulphate",,,531-86-2,208-520-1,,,,,,0
II,714,715,0,active,▼B,,68,"3,3′-Dichlorobenzidine dihydrochloride",,,612-83-9,210-323-0,,,,,,0
II,715,716,0,active,▼B,,68,Benzidine sulphate,,,21136-70-9,244-236-4,,,,,,0
II,716,717,0,active,▼B,,68,Benzidine acetate,,,36341-27-2,252-984-8,,,,,,0
II,717,718,0,active,▼B,,68,"3,3′-Dichlorobenzidine dihydrogen bis(sulphate)",,,64969-34-2,265-293-1,,,,,,0
II,718,719,0,active,▼B,,68,"3,3′-Dichlorobenzidine sulphate",,,74332-73-3,277-822-3,,,,,,0
II,719,720,0,active,▼B,,68,Benzidine based azo dyes,,,,,,,,,,0
II,720,721,0,active,▼B,,69,"4,4′-Bi-o-toluidine (ortho-Tolidine)",,,119-93-7,204-358-0,,,,,,0
II,721,722,0,active,▼B,,69,"4,4′-Bi-o-toluidine dihydrochloride",,,612-82-8,210-322-5,,,,,,0
II,722,723,0,active,▼B,,69,"[3,3′-Dimethyl[1,1′-biphenyl]-4,4′-diyl]diammonium bis(hydrogen sulphate)",,,64969-36-4,265-294-7,,,,,,0
II,723,724,0,active,▼B,,69,"4,4′-Bi-o-toluidine sulphate",,,74753-18-7,277-985-0,,,,,,0
II,724,725,0,active,▼B,,69,o-Tolidine based dyes,,,,611-030-00-4,,,,,,0
II,725,726,0,active,▼B,,69,"Biphenyl-4-ylamine (4-Aminobiphenyl) and its
salts",,,92-67-1,202-177-1,,,,,,0
II,726,727,0,active,▼B,,69,Azobenzene,,,103-33-3,203-102-5,,,,,,0
II,727,728,0,active,▼B,,69,(Methyl-ONN-azoxy)methyl acetate,,,592-62-1,209-765-7,,,,,,0
II,728,729,0,active,▼B,,69,Cycloheximide,,,66-81-9,200-636-0,,,,,,0
II,729,730,0,active,▼B,,69,2-Methylaziridine,,,75-55-8,200-878-7,,,,,,0
II,730,731,0,active,▼B,,69,Imidazolidine-2-thione (Ethylene thiourea),,,96-45-7,202-506-9,,,,,,0
II,731,732,0,active,▼B,,69,Furan,,,110-00-9,203-727-3,,,,,,0
II,732,733,0,active,▼B,,69,Aziridine,,,151-56-4,205-793-9,,,,,,0
II,733,734,0,active,▼B,,69,Captafol,,,2425-06-1,219-363-3,,,,,,0
II,734,735,0,active,▼B,,69,Carbadox,,,6804-07-5,229-879-0,,,,,,0
II,735,736,0,active,▼B,,69,Flumioxazin,,,103361-09-7,"613-166-00-
X",,,,,,0
II,736,737,0,active,▼B,,69,Tridemorph,,,24602-86-6,246-347-3,,,,,,0
II,737,738,0,active,▼B,,69,Vinclozolin,,,50471-44-8,256-599-6,,,,,,0
II,738,739,0,active,▼B,,69,Fluazifop-butyl,,,69806-50-4,274-125-6,,,,,,0
II,739,740,0,active,▼B,,69,Flusilazole,,,85509-19-9,014-017-00-6,,,,,,0
II,740,741,0,active,▼B,,69,"1,3,5-Tris(oxiranylmethyl)-1,3,5-triazine-2,4,6
(1H,3H,5H)-trione (TGIC)",,,2451-62-9,219-514-3,,,,,,0
II,741,742,0,active,▼B,,69,Thioacetamide,,,62-55-5,200-541-4,,,,,,0
II,742,743,0,moved_or_deleted,▼B,,69,Moved or deleted,,,,,,,,,,0
II,743,744,0,active,▼B,,69,Formamide,,,75-12-7,200-842-0,,,,,,0
II,744,745,0,active,▼B,,69,N-Methylacetamide,,,79-16-3,201-182-6,,,,,,0
II,745,746,0,active,▼B,,69,N-Methylformamide,,,123-39-7,204-624-6,,,,,,0
II,746,747,0,active,▼B,,70,"N,N-Dimethylacetamide",,,127-19-5,204-826-4,,,,,,0
II,747,748,0,active,▼B,,70,Hexamethylphosphoric-triamide,,,680-31-9,211-653-8,,,,,,0
II,748,749,0,active,▼B,,70,Diethyl sulphate,,,64-67-5,200-589-6,,,,,,0
II,749,750,0,active,▼B,,70,Dimethyl sulphate,,,77-78-1,201-058-1,,,,,,0
II,750,751,0,active,▼B,,70,"1,3-Propanesultone",,,1120-71-4,214-317-9,,,,,,0
II,751,752,0,active,▼B,,70,Dimethylsulphamoyl-chloride,,,13360-57-1,236-412-4,,,,,,0
II,752,753,0,active,▼B,,70,Sulfallate,,,95-06-7,202-388-9,,,,,,0
II,753,754,0,active,▼B,,70,"A mixture of: 4-[[bis-(4-Fluorophenyl)methylsilyl]methyl]-4H-1,2,4-triazole and 1-[[bis-(4-
fluorophenyl)methylsilyl]methyl]-1 H-1,2,4-
triazole",,,,403-250-2,,,,,,0
II,754,755,0,active,▼B,,70,(+/–)-Tetrahydrofurfuryl –(R)-2-[4-(6-chloroquinoxalin-2-yloxy)phenyloxy]propionate,,,119738-06-6,607-373-00-4,,,,,,0
II,755,756,0,active,▼B,,70,"6-Hydroxy-1-(3-Isopropoxypropyl)-4-methyl-2-
oxo-5-[4-(phenylazo)phenylazo]-1,2-dihydro-3-
pyridinecarbonitrile",,,85136-74-9,-400-340-3,,,,,,0
II,756,757,0,active,▼B,,70,"(6-(4-Hydroxy-3-(2-methoxyphenylazo)-2-
sulfonato-7-naphthylamino)-1,3,5-triazine-2,4-
diyl)bis[(amino-1-methylethyl)ammonium]
formate",,,108225-03-2,402-060-7,,,,,,0
II,757,758,0,active,▼B,,70,"Trisodium [4′-(8-acetylamino-3,6-disulfonato-2-
naphthylazo)-4″-(6-benzoylamino-3-Sulfonato-2-
naphthylazo)-biphenyl-1,3′,3″,1′′′-tetraolato-O,O′,
O″,O′′′]copper(II)",,,,413-590-3,,,,,,0
II,758,759,0,active,▼B,,70,"A mixture of: N-[3-Hydroxy-2-(2-methylacryloylaminomethoxy)propoxymethyl]-2-methylacrylamide and N-[2,3-bis-(2-Methylacryloylaminomethoxy)propoxymethyl]-2-methylacrylamide and methacrylamide and 2-methyl-N-(2-
methylacryloylaminomethoxymethyl)-acrylamide
and N-(2,3-dihydroxypropoxymethyl)-2-methylacrylamide",,,,412-790-8,,,,,,0
II,759,760,0,active,▼B,,70,"1,3,5-tris-[(2S and 2R)-2,3-Epoxypropyl]-1,3,5-
triazine-2,4,6-(1H,3H,5H)-trione (Teroxirone)",,,59653-74-6,616-091-00-0,,,,,,0
II,760,761,0,active,▼B,,70,Erionite,,,12510-42-8,650-012-00-0,,,,,,0
II,761,762,0,active,▼B,,70,Asbestos,,,12001-28-4,650-013-00-6,,,,,,0
II,762,763,0,active,▼B,,70,Petroleum,,,8002-05-9,232-298-5,,,,,,0
II,763,764,0,active,▼B,,70,"Distillates (petroleum), heavy hydrocracked, if
they contain > 3 % w/w DMSO extract",,,64741-76-0,265-077-7,,,,,,0
II,764,765,0,active,▼B,,71,"Distillates (petroleum), solvent-refined heavy
paraffinic, if they contain > 3 % w/w DMSO
extract",,,64741-88-4,265-090-8,,,,,,0
II,765,766,0,active,▼B,,71,"Distillates (petroleum), solvent-refined light
paraffinic, if they contain > 3 % w/w DMSO
extract",,,64741-89-5,265-091-3,,,,,,0
II,766,767,0,active,▼B,,71,"Residual oils (petroleum), solvent deasphalted, if
they contain > 3 % w/w DMSO extract",,,64741-95-3,265-096-0,,,,,,0
II,767,768,0,active,▼B,,71,"Distillates (petroleum), solvent-refined heavy
naphthenic, if they contain > 3 % w/w DMSO
extract",,,64741-96-4,265-097-6,,,,,,0
II,768,769,0,active,▼B,,71,"Distillates (petroleum), solvent-refined light
naphthenic, if they contain > 3 % w/w DMSO
extract",,,64741-97-5,265-098-1,,,,,,0
II,769,770,0,active,▼B,,71,"Residual oils (petroleum), solvent-refined, if they
contain > 3 % w/w DMSO extract",,,64742-01-4,265-101-6,,,,,,0
II,770,771,0,active,▼B,,71,"Distillates (petroleum), clay-treated heavy
paraffinic, if they contain > 3 % w/w DMSO
extract",,,64742-36-5,265-137-2,,,,,,0
II,771,772,0,active,▼B,,71,"Distillates (petroleum), clay-treated light paraffinic, if they contain > 3 % w/w DMSO extract",,,64742-37-6,265-138-8,,,,,,0
II,772,773,0,active,▼B,,71,"Residual oils (petroleum), clay-treated, if they
contain > 3 % w/w DMSO extract",,,64742-41-2,265-143-5,,,,,,0
II,773,774,0,active,▼B,,71,"Distillates (petroleum), clay-treated heavy naphthenic, if they contain > 3 % w/w DMSO extract",,,64742-44-5,265-146-1,,,,,,0
II,774,775,0,active,▼B,,71,"Distillates (petroleum), clay-treated light naphthenic, if they contain > 3 % w/w DMSO extract",,,64742-45-6,265-147-7,,,,,,0
II,775,776,0,active,▼B,,71,"Distillates (petroleum), hydrotreated heavy
naphthenic, if they contain > 3 % w/w DMSO
extract",,,64742-52-5,265-155-0,,,,,,0
II,776,777,0,active,▼B,,71,"Distillates (petroleum), hydrotreated light naphthenic, if they contain > 3 % w/w DMSO extract",,,64742-53-6,265-156-6,,,,,,0
II,777,778,0,active,▼B,,71,"Distillates (petroleum), hydrotreated heavy
paraffinic, if they contain > 3 % w/w DMSO
extract",,,64742-54-7,265-157-1,,,,,,0
II,778,779,0,active,▼B,,71,"Distillates (petroleum), hydrotreated light paraffinic, if they contain > 3 % w/w DMSO extract",,,64742-55-8,265-158-7,,,,,,0
II,779,780,0,active,▼B,,72,"Distillates (petroleum), solvent-dewaxed light
paraffinic, if they contain > 3 % w/w DMSO
extract",,,64742-56-9,265-159-2,,,,,,0
II,780,781,0,active,▼B,,72,"Residual oils (petroleum), hydrotreated, if they
contain > 3 % w/w DMSO extract",,,64742-57-0,265-160-8,,,,,,0
II,781,782,0,active,▼B,,72,"Residual oils (petroleum), solvent-dewaxed, if
they contain > 3 % w/w DMSO extract",,,64742-62-7,265-166-0,,,,,,0
II,782,783,0,active,▼B,,72,"Distillates (petroleum), solvent-dewaxed heavy
naphthenic, if they contain > 3 % w/w DMSO
extract",,,64742-63-8,265-167-6,,,,,,0
II,783,784,0,active,▼B,,72,"Distillates (petroleum), solvent-dewaxed light
naphthenic, if they contain > 3 % w/w DMSO
extract",,,64742-64-9,265-168-1,,,,,,0
II,784,785,0,active,▼B,,72,"Distillates (petroleum), solvent-dewaxed heavy
paraffinic, if they contain > 3 % w/w DMSO
extract",,,64742-65-0,265-169-7,,,,,,0
II,785,786,0,active,▼B,,72,"Foots oil (petroleum), if it contains > 3 % w/w
DMSO extract",,,64742-67-2,265-171-8,,,,,,0
II,786,787,0,active,▼B,,72,"Naphthenic oils (petroleum), catalytic dewaxed
heavy, if they contain > 3 % w/w DMSO extract",,,64742-68-3,265-172-3,,,,,,0
II,787,788,0,active,▼B,,72,"Naphthenic oils (petroleum), catalytic dewaxed
light, if they contain > 3 % w/w DMSO extract",,,64742-69-4,265-173-9,,,,,,0
II,788,789,0,active,▼B,,72,"Paraffin oils (petroleum), catalytic dewaxed
heavy, if they contain > 3 % w/w DMSO extract",,,64742-70-7,265-174-4,,,,,,0
II,789,790,0,active,▼B,,72,"Paraffin oils (petroleum), catalytic dewaxed
light, if they contain > 3 % w/w DMSO extract",,,64742-71-8,265-176-5,,,,,,0
II,790,791,0,active,▼B,,72,"Naphthenic oils (petroleum), complex dewaxed
heavy, if they contain > 3 % w/w DMSO extract",,,64742-75-2,265-179-1,,,,,,0
II,791,792,0,active,▼B,,72,"Naphthenic oils (petroleum), complex dewaxed
light, if they contain > 3 % w/w DMSO extract",,,64742-76-3,265-180-7,,,,,,0
II,792,793,0,active,▼B,,72,"Extracts (petroleum), heavy naphthenic distillate
solvent, arom. Conc., if they contain > 3 % w/w
DMSO extract",,,68783-00-6,272-175-3,,,,,,0
II,793,794,0,active,▼B,,73,"Extracts (petroleum), solvent-refined heavy
paraffinic distillate solvent, if they contain > 3 %
w/w DMSO extract",,,68783-04-0,272-180-0,,,,,,0
II,794,795,0,active,▼B,,73,"Extracts (petroleum), heavy paraffinic distillates,
solvent-deasphalted, if they contain > 3 % w/w
DMSO extract",,,68814-89-1,272-342-0,,,,,,0
II,795,796,0,active,▼B,,73,"Lubricating oils (petroleum), C20-50, hydrotreated
neutral oil-based, high-viscosity, if they contain
> 3 % w/w DMSO extract",,,72623-85-9,276-736-3,,,,,,0
II,796,797,0,active,▼B,,73,"Lubricating oils (petroleum), C15-30, hydrotreated
neutral oil-based, if they contain > 3 % w/w
DMSO extract",,,72623- 86-0,276-737-9,,,,,,0
II,797,798,0,active,▼B,,73,"Lubricating oils (petroleum), C20-50, hydrotreated
neutral oil-based, if they contain > 3 % w/w
DMSO extract",,,72623- 87-1,276-738-4,,,,,,0
II,798,799,0,active,▼B,,73,"Lubricating oils, if they contain > 3 % w/w
DMSO extract",,,74869-22-0,278-012-2,,,,,,0
II,799,800,0,active,▼B,,73,"Distillates (petroleum), complex dewaxed heavy
paraffinic, if they contain > 3 % w/w DMSO
extract",,,90640-91-8,292-613-7,,,,,,0
II,800,801,0,active,▼B,,73,"Distillates (petroleum), complex dewaxed light
paraffinic, if they contain > 3 % w/w DMSO
extract",,,90640-92-9,292-614-2,,,,,,0
II,801,802,0,active,▼B,,73,"Distillates (petroleum), solvent dewaxed heavy
paraffinic, clay-treated, if they contain > 3 % w/
w DMSO extract",,,90640-94-1,292-616-3,,,,,,0
II,802,803,0,active,▼B,,73,"Hydrocarbons, C20-50, solvent dewaxed heavy
paraffinic, hydrotreated, if they contain > 3 % w/
w DMSO extract",,,90640-95-2,292-617-9,,,,,,0
II,803,804,0,active,▼B,,73,"Distillates (petroleum), solvent dewaxed light
paraffinic, clay-treated, if they contain > 3 % w/
w DMSO extract",,,90640-96-3,292-618-4,,,,,,0
II,804,805,0,active,▼B,,73,"Distillates (petroleum), solvent dewaxed light
paraffinic, hydrotreated, if they contain > 3 % w/
w DMSO extract",,,90640-97-4,292-620-5,,,,,,0
II,805,806,0,active,▼B,,73,"Extracts (petroleum), heavy naphthenic distillate
solvent, hydrotreated, if they contain > 3 % w/w
DMSO extract",,,90641-07-9,292-631-5,,,,,,0
II,806,807,0,active,▼B,,73,"Extracts (petroleum), heavy paraffinic distillate
solvent, hydrotreated, if they contain > 3 % w/w
DMSO extract",,,90641-08-0,292-632-0,,,,,,0
II,807,808,0,active,▼B,,74,"Extracts (petroleum), light paraffinic distillate
solvent, hydrotreated, if they contain > 3 % w/w
DMSO extract",,,90641-09-1,292-633-6,,,,,,0
II,808,809,0,active,▼B,,74,"Residual oils (petroleum), hydrotreated solvent
dewaxed, if they contain > 3 % w/w DMSO
extract",,,90669-74-2,292-656-1,,,,,,0
II,809,810,0,active,▼B,,74,"Residual oils (petroleum), catalytic dewaxed, if
they contain > 3 % w/w DMSO extract",,,91770-57-9,294-843-3,,,,,,0
II,810,811,0,active,▼B,,74,"Distillates (petroleum), dewaxed heavy paraffinic, hydrotreated, if they contain > 3 % w/w
DMSO extract",,,91995-39-0,295-300-3,,,,,,0
II,811,812,0,active,▼B,,74,"Distillates (petroleum), dewaxed light paraffinic,
hydrotreated, if they contain > 3 % w/w DMSO
extract",,,91995-40-3,295-301-9,,,,,,0
II,812,813,0,active,▼B,,74,"Distillates (petroleum), hydrocracked solvent-
refined, dewaxed, if they contain > 3 % w/w
DMSO extract",,,91995-45-8,295-306-6,,,,,,0
II,813,814,0,active,▼B,,74,"Distillates (petroleum), solvent-refined light
naphthenic, hydrotreated, if they contain > 3 %
w/w DMSO extract",,,91995-54-9,295-316-0,,,,,,0
II,814,815,0,active,▼B,,74,"Extracts (petroleum), hydrotreated light
paraffinic distillate solvent, if they contain > 3 %
w/w DMSO extract",,,91995- 73-2,295-335-4,,,,,,0
II,815,816,0,active,▼B,,74,"Extracts (petroleum), light naphthenic distillate
solvent, hydrodesulfurised, if they contain > 3 %
w/w DMSO extract",,,91995-75-4,295-338-0,,,,,,0
II,816,817,0,active,▼B,,74,"Extracts (petroleum), light paraffinic distillate
solvent, acid-treated, if they contain > 3 % w/w
DMSO extract",,,91995-76-5,295-339-6,,,,,,0
II,817,818,0,active,▼B,,74,"Extracts (petroleum), light paraffinic distillate
solvent, hydrodesulfurised, if they contain > 3 %
w/w DMSO extract",,,91995-77-6,295-340-1,,,,,,0
II,818,819,0,active,▼B,,74,"Extracts (petroleum), light vacuum gas oil
solvent, hydrotreated, if they contain > 3 % w/w
DMSO extract",,,91995-79-8,295-342-2,,,,,,0
II,819,820,0,active,▼B,,74,"Foots oil (petroleum), hydrotreated, if it contains
> 3 % w/w DMSO extract",,,92045-12-0,295-394-6,,,,,,0
II,820,821,0,active,▼B,,74,"Lubricating oils (petroleum), C17-35, solvent-
extd., dewaxed, hydrotreated, if they contain >
3 % w/w DMSO extract",,,92045-42-6,295-423-2,,,,,,0
II,821,822,0,active,▼B,,75,"Lubricating oils (petroleum), hydrocracked
nonarom solvent-deparaffined, if they contain >
3 % w/w DMSO extract",,,92045-43-7,295-424-8,,,,,,0
II,822,823,0,active,▼B,,75,"Residual oils (petroleum), hydrocracked acid-
treated solvent-dewaxed, if they contain > 3 %
w/w DMSO extract",,,92061-86-4,295-499-7,,,,,,0
II,823,824,0,active,▼B,,75,"Paraffin oils (petroleum), solvent-refined
dewaxed heavy, if they contain > 3 % w/w
DMSO extract",,,92129-09-4,295-810-6,,,,,,0
II,824,825,0,active,▼B,,75,"Extracts (petroleum), heavy paraffinic distillate
solvent, clay-treated, if they contain > 3 % w/w
DMSO extract",,,92704-08-0,296-437-1,,,,,,0
II,825,826,0,active,▼B,,75,"Lubricating oils (petroleum), base oils, paraffinic, if they contain > 3 % w/w DMSO extract",,,93572-43-1,297-474-6,,,,,,0
II,826,827,0,active,▼B,,75,"Extracts (petroleum), heavy naphthenic distillate
solvent, hydrodesulfurised, if they contain > 3 %
w/w DMSO extract",,,93763-10-1,297-827-4,,,,,,0
II,827,828,0,active,▼B,,75,"Extracts (petroleum), solvent-dewaxed heavy
paraffinic distillate solvent, hydrodesulfurised, if
they contain > 3 % w/w DMSO extract",,,93763-11-2,297-829-5,,,,,,0
II,828,829,0,active,▼B,,75,"Hydrocarbons, hydrocracked paraffinic distn.
residues, solvent-dewaxed, if they contain > 3 %
w/w DMSO extract",,,93763-38-3,297-857-8,,,,,,0
II,829,830,0,active,▼B,,75,"Foots oil (petroleum), acid-treated, if it contains
> 3 % w/w DMSO extract",,,93924-31-3,300-225-7,,,,,,0
II,830,831,0,active,▼B,,75,"Foots oil (petroleum), clay-treated, if it contains
> 3 % w/w DMSO extract",,,93924-32-4,300-226-2,,,,,,0
II,831,832,0,active,▼B,,75,"Hydrocarbons, C20-50, residual oil hydrogenation
vacuum distillate, if they contain > 3 % w/w
DMSO extract",,,93924-61-9,300-257-1,,,,,,0
II,832,833,0,active,▼B,,75,"Distillates (petroleum), solvent-refined hydrotreated heavy, hydrogenated, if they contain >
3 % w/w DMSO extract",,,94733-08-1,305-588-5,,,,,,0
II,833,834,0,active,▼B,,75,"Distillates (petroleum), solvent-refined hydrocracked light, if they contain > 3 % w/w DMSO
extract",,,94733-09-2,305-589-0,,,,,,0
II,834,835,0,active,▼B,,76,"Lubricating oils (petroleum), C18-40, solvent-
dewaxed hydrocracked distillate-based, if they
contain > 3 % w/w DMSO extract",,,94733-15-0,305-594-8,,,,,,0
II,835,836,0,active,▼B,,76,"Lubricating oils (petroleum), C18-40, solvent-
dewaxed hydrogenated raffinate-based, if they
contain > 3 % w/w DMSO extract",,,94733-16-1,305-595-3,,,,,,0
II,836,837,0,active,▼B,,76,"Hydrocarbons, C13-30, arom. -rich, solvent-extd.
naphthenic distillate, if they contain > 3 % w/w
DMSO extract",,,95371-04-3,305-971-7,,,,,,0
II,837,838,0,active,▼B,,76,"Hydrocarbons, C16-32, arom. rich, solvent-extd.
naphthenic distillate, if they contain > 3 % w/w
DMSO extract",,,95371-05-4,305-972-2,,,,,,0
II,838,839,0,active,▼B,,76,"Hydrocarbons, C37-68, dewaxed deasphalted
hydrotreated vacuum distn. Residues, if they
contain > 3 % w/w DMSO extract",,,95371-07-6,305-974-3,,,,,,0
II,839,840,0,active,▼B,,76,"Hydrocarbons, C37-65, hydrotreated deasphalted
vacuum distn. Residues, if they contain > 3 % w/
w DMSO extract",,,95371-08-7,305-975-9,,,,,,0
II,840,841,0,active,▼B,,76,"Distillates (petroleum), hydrocracked solvent-
refined light, if they contain > 3 % w/w DMSO
extract",,,97488-73-8,307-010-7,,,,,,0
II,841,842,0,active,▼B,,76,"Distillates (petroleum), solvent-refined hydrogenated heavy, if they contain > 3 % w/w
DMSO extract",,,97488-74-9,307-011-2,,,,,,0
II,842,843,0,active,▼B,,76,"Lubricating oils (petroleum), C18-27, hydrocracked solvent-dewaxed, if they contain > 3 %
w/w DMSO extract",,,97488-95-4,307-034-8,,,,,,0
II,843,844,0,active,▼B,,76,"Hydrocarbons, C17-30, hydrotreated solvent-
deasphalted atm. distn. residue, distn. lights, if
they contain > 3 % w/w DMSO extract",,,97675-87-1,307-661-7,,,,,,0
II,844,845,0,active,▼B,,76,"Hydrocarbons, C17-40, hydrotreated solvent-
deasphalted distn. residue, vacuum distn. lights,
if they contain > 3 % w/w DMSO extract",,,97722-06-0,307-755-8,,,,,,0
II,845,846,0,active,▼B,,76,"Hydrocarbons, C13-27, solvent-extd. light naphthenic, if they contain > 3 % w/w DMSO extract",,,97722-09-3,307-758-4,,,,,,0
II,846,847,0,active,▼B,,76,"Hydrocarbons, C14-29, solvent-extd. light naphthenic, if they contain > 3 % w/w DMSO extract",,,97722-10-6,307-760-5,,,,,,0
II,847,848,0,active,▼B,,77,"Foots oil (petroleum), carbon-treated, if it
contains > 3 % w/w DMSO extract",,,97862-76-5,308-126-0,,,,,,0
II,848,849,0,active,▼B,,77,"Foots oil (petroleum), silicic acid-treated, if it
contains > 3 % w/w DMSO extract",,,97862-77-6,308-127-6,,,,,,0
II,849,850,0,active,▼B,,77,"Hydrocarbons, C27-42, dearomatised, if they
contain > 3 % w/w DMSO extract",,,97862-81-2,308-131-8,,,,,,0
II,850,851,0,active,▼B,,77,"Hydrocarbons, C17-30, hydrotreated distillates,
distn. Lights, if they contain > 3 % w/w DMSO
extract",,,97862-82-3,308-132-3,,,,,,0
II,851,852,0,active,▼B,,77,"Hydrocarbons, C27-45, naphthenic vacuum distn.,
if they contain > 3 % w/w DMSO extract",,,97862-83-4,308-133-9,,,,,,0
II,852,853,0,active,▼B,,77,"Hydrocarbons, C27-45, dearomatised, if they
contain > 3 % w/w DMSO extract",,,97926-68-6,308-287-7,,,,,,0
II,853,854,0,active,▼B,,77,"Hydrocarbons, C20-58, hydrotreated, if they
contain > 3 % w/w DMSO extract",,,97926-70-0,308-289-8,,,,,,0
II,854,855,0,active,▼B,,77,"Hydrocarbons, C27-42, naphthenic, if they contain
> 3 % w/w DMSO extract",,,97926-71-1,308-290-3,,,,,,0
II,855,856,0,active,▼B,,77,"Extracts (petroleum), light paraffinic distillate
solvent, carbon-treated, if they contain > 3 % w/
w DMSO extract",,,100684-02-4,309-672-2,,,,,,0
II,856,857,0,active,▼B,,77,"Extracts (petroleum), light paraffinic distillate
solvent, clay-treated, if they contain > 3 % w/w
DMSO extract",,,100684- 03-5,309-673-8,,,,,,0
II,857,858,0,active,▼B,,77,"Extracts (petroleum), light vacuum, gas oil
solvent, carbon-treated, if they contain > 3 % w/
w DMSO extract",,,100684-04-6,309-674-3,,,,,,0
II,858,859,0,active,▼B,,77,"Extracts (petroleum), light vacuum gas oil
solvent, clay-treated, if they contain > 3 % w/w
DMSO extract",,,100684-05-7,309-675-9,,,,,,0
II,859,860,0,active,▼B,,77,"Residual oils (petroleum), carbon-treated
solvent-dewaxed, if they contain > 3 % w/w
DMSO extract",,,100684-37-5,309-710-8,,,,,,0
II,860,861,0,active,▼B,,77,"Residual oils (petroleum), clay-treated solvent-
dewaxed, if they contain > 3 % w/w DMSO
extract",,,100684-38-6,309-711-3,,,,,,0
II,861,862,0,active,▼B,,77,"Lubricating oils (petroleum), C>25, solvent-extd.,
deasphalted, dewaxed, hydrogenated, if they
contain > 3 % w/w DMSO extract",,,101316-69-2,309-874-0,,,,,,0
II,862,863,0,active,▼B,,78,"Lubricating oils (petroleum), C17-32, solvent-
extd., dewaxed, hydrogenated, if they contain >
3 % w/w DMSO extract",,,101316-70-5,309-875-6,,,,,,0
II,863,864,0,active,▼B,,78,"Lubricating oils (petroleum), C20-35, solvent-
extd., dewaxed, hydrogenated, if they contain >
3 % w/w DMSO extract",,,101316-71-6,309-876-1,,,,,,0
II,864,865,0,active,▼B,,78,"Lubricating oils (petroleum), C24-50, solvent-
extd., dewaxed, hydrogenated, if they contain >
3 % w/w DMSO extract",,,101316-72-7,309-877-7,,,,,,0
II,865,866,0,active,▼B,,78,"Distillates (petroleum), sweetened middle, except
if the full refining history is known and it can be
shown that the substance from which it is
produced is not a carcinogen",,,64741-86-2,265-088-7,,,,,,0
II,866,867,0,active,▼B,,78,"Gas oils (petroleum), solvent-refined, except if
the full refining history is known and it can be
shown that the substance from which it is
produced is not a carcinogen",,,64741-90-8,265-092-9,,,,,,0
II,867,868,0,active,▼B,,78,"Distillates (petroleum), solvent-refined middle,
except if the full refining history is known and it
can be shown that the substance from which it is
produced is not a carcinogen",,,64741-91-9,265-093-4,,,,,,0
II,868,869,0,active,▼B,,78,"Gas oils (petroleum), acid-treated, except if the
full refining history is known and it can be
shown that the substance from which it is
produced is not a carcinogen",,,64742-12-7,265-112-6,,,,,,0
II,869,870,0,active,▼B,,78,"Distillates (petroleum), acid-treated middle,
except if the full refining history is known and it
can be shown that the substance from which it is
produced is not a carcinogen",,,64742-13-8,265-113-1,,,,,,0
II,870,871,0,active,▼B,,78,"Distillates (petroleum), acid-treated light, except
if the full refining history is known and it can be
shown that the substance from which it is
produced is not a carcinogen",,,64742-14-9,265-114-7,,,,,,0
II,871,872,0,active,▼B,,78,"Gas oils (petroleum), chemically neutralised,
except if the full refining history is known and it
can be shown that the substance from which it is
produced is not a carcinogen",,,64742-29-6,265-129-9,,,,,,0
II,872,873,0,active,▼B,,78,"Distillates (petroleum), chemically neutralised
middle, except if the full refining history is
known and it can be shown that the substance
from which it is produced is not a carcinogen",,,64742-30-9,265-130-4,,,,,,0
II,873,874,0,active,▼B,,79,"Distillates (petroleum), clay-treated middle,
except if the full refining history is known and it
can be shown that the substance from which it is
produced is not a carcinogen",,,64742-38-7,265-139-3,,,,,,0
II,874,875,0,active,▼B,,79,"Distillates (petroleum), hydrotreated middle,
except if the full refining history is known and it
can be shown that the substance from which it is
produced is not a carcinogen",,,64742-46-7,265-148-2,,,,,,0
II,875,876,0,active,▼B,,79,"Gas oils (petroleum), hydrodesulfurised, except
if the full refining history is known and it can be
shown that the substance from which it is
produced is not a carcinogen",,,64742-79-6,265-182-8,,,,,,0
II,876,877,0,active,▼B,,79,"Distillates (petroleum), hydrodesulfurised
middle, except if the full refining history is
known and it can be shown that the substance
from which it is produced is not a carcinogen",,,64742-80-9,265-183-3,,,,,,0
II,877,878,0,active,▼B,,79,"Distillates (petroleum), catalytic reformer fractionator residue, high-boiling, except if the full
refining history is known and it can be shown
that the substance from which it is produced is
not a carcinogen",,,68477-29-2,270-719-4,,,,,,0
II,878,879,0,active,▼B,,79,"Distillates (petroleum), catalytic reformer fractionator residue, intermediate-boiling, except if
the full refining history is known and it can be
shown that the substance from which it is
produced is not a carcinogen",,,68477-30-5,270-721-5,,,,,,0
II,879,880,0,active,▼B,,79,"Distillates (petroleum), catalytic reformer fractionator residue, low-boiling, except if the full
refining history is known and it can be shown
that the substance from which it is produced is
not a carcinogen",,,68477-31-6,270-722-0,,,,,,0
II,880,881,0,active,▼B,,79,"Alkanes, C12-26, branched and linear, except if
the full refining history is known and it can be
shown that the substance from which it is
produced is not a carcinogen",,,90622-53-0,292-454-3,,,,,,0
II,881,882,0,active,▼B,,79,"Distillates (petroleum), highly refined middle,
except if the full refining history is known and it
can be shown that the substance from which it is
produced is not a carcinogen",,,90640-93-0,292-615-8,,,,,,0
II,882,883,0,active,▼B,,79,"Distillates (petroleum), catalytic reformer, heavy
arom. conc., except if the full refining history is
known and it can be shown that the substance
from which it is produced is not a carcinogen",,,91995-34-5,295-294-2,,,,,,0
II,883,884,0,active,▼B,,80,"Gas oils, paraffinic, except if the full refining
history is known and it can be shown that the
substance from which it is produced is not a
carcinogen",,,93924-33-5,300-227-8,,,,,,0
II,884,885,0,active,▼B,,80,"Naphtha (petroleum), solvent-refined hydrodesulfurised heavy, except if the full refining
history is known and it can be shown that the
substance from which it is produced is not a
carcinogen",,,97488-96-5,307-035-3,,,,,,0
II,885,886,0,active,▼B,,80,"Hydrocarbons, C16-20, hydrotreated middle
distillate, distn. Lights, except if the full refining
history is known and it can be shown that the
substance from which it is produced is not a
carcinogen",,,97675- 85-9,307-659-6,,,,,,0
II,886,887,0,active,▼B,,80,"Hydrocarbons, C12-20, hydrotreated paraffinic,
distn. lights, except if the full refining history is
known and it can be shown that the substance
from which it is produced is not a carcinogen",,,97675-86-0,307-660-1,,,,,,0
II,887,888,0,active,▼B,,80,"Hydrocarbons, C11-17, solvent-extd. light naphthenic, except if the full refining history is
known and it can be shown that the substance
from which it is produced is not a carcinogen",,,97722-08-2,307-757-9,,,,,,0
II,888,889,0,active,▼B,,80,"Gas oils, hydrotreated, except if the full refining
history is known and it can be shown that the
substance from which it is produced is not a
carcinogen",,,97862-78-7,308-128-1,,,,,,0
II,889,890,0,active,▼B,,80,"Distillates (petroleum), carbon-treated light
paraffinic, except if the full refining history is
known and it can be shown that the substance
from which it is produced is not a carcinogen",,,100683-97-4,309-667-5,,,,,,0
II,890,891,0,active,▼B,,80,"Distillates (petroleum), intermediate paraffinic,
carbon-treated, except if the full refining history
is known and it can be shown that the substance
from which it is produced is not a carcinogen",,,100683-98-5,309-668-0,,,,,,0
II,891,892,0,active,▼B,,80,"Distillates (petroleum), intermediate paraffinic,
clay-treated, except if the full refining history is
known and it can be shown that the substance
from which it is produced is not a carcinogen",,,100683-99-6,309-669-6,,,,,,0
II,892,893,0,active,▼B,,80,"Lubricating greases, except if the full refining
history is known and it can be shown that the
substance from which it is produced is not a
carcinogen",,,74869-21-9,278-011-7,,,,,,0
II,893,894,0,active,▼B,,81,"Slack wax (petroleum), except if the full refining
history is known and it can be shown that the
substance from which it is produced is not a
carcinogen",,,64742-61-6,265-165-5,,,,,,0
II,894,895,0,active,▼B,,81,"Slack wax (petroleum), acid-treated, except if the
full refining history is known and it can be
shown that the substance from which it is
produced is not a carcinogen",,,90669-77-5,292-659-8,,,,,,0
II,895,896,0,active,▼B,,81,"Slack wax (petroleum), clay-treated, except if the
full refining history is known and it can be
shown that the substance from which it is
produced is not a carcinogen",,,90669-78-6,292-660-3,,,,,,0
II,896,897,0,active,▼B,,81,"Slack wax (petroleum), hydrotreated, except if
the full refining history is known and it can be
shown that the substance from which it is
produced is not a carcinogen",,,92062-09-4,295-523-6,,,,,,0
II,897,898,0,active,▼B,,81,"Slack wax (petroleum), low-melting, except if
the full refining history is known and it can be
shown that the substance from which it is
produced is not a carcinogen",,,92062-10-7,295-524-1,,,,,,0
II,898,899,0,active,▼B,,81,"Slack wax (petroleum), low-melting, hydrotreated, except if the full refining history is
known and it can be shown that the substance
from which it is produced is not a carcinogen",,,92062-11-8,295-525-7,,,,,,0
II,899,900,0,active,▼B,,81,"Slack wax (petroleum), low-melting, carbon-
treated, except if the full refining history is
known and it can be shown that the substance
from which it is produced is not a carcinogen",,,97863-04-2,308-155-9,,,,,,0
II,900,901,0,active,▼B,,81,"Slack wax (petroleum), low-melting, clay-
treated, except if the full refining history is
known and it can be shown that the substance
from which it is produced is not a carcinogen",,,97863-05-3,308-156-4,,,,,,0
II,901,902,0,active,▼B,,81,"Slack wax (petroleum), low-melting, silicic acid-
treated, except if the full refining history is
known and it can be shown that the substance
from which it is produced is not a carcinogen",,,97863-06-4,308-158-5,,,,,,0
II,902,903,0,active,▼B,,81,"Slack wax (petroleum), carbon-treated, except if
the full refining history is known and it can be
shown that the substance from which it is
produced is not a carcinogen",,,100684-49-9,309-723-9,,,,,,0
II,903,904,0,active,▼B,,82,"Petrolatum, except if the full refining history is
known and it can be shown that the substance
from which it is produced is not a carcinogen",,,8009-03-8,232-373-2,,,,,,0
II,904,905,0,active,▼B,,82,"Petrolatum (petroleum), oxidised, except if the
full refining history is known and it can be
shown that the substance from which it is
produced is not a carcinogen",,,64743-01-7,265-206-7,,,,,,0
II,905,906,0,active,▼B,,82,"Petrolatum (petroleum), alumina-treated, except
if the full refining history is known and it can be
shown that the substance from which it is
produced is not a carcinogen",,,85029-74-9,285-098-5,,,,,,0
II,906,907,0,active,▼B,,82,"Petrolatum (petroleum), hydrotreated, except if
the full refining history is known and it can be
shown that the substance from which it is
produced is not a carcinogen",,,92045-77-7,295-459-9,,,,,,0
II,907,908,0,active,▼B,,82,"Petrolatum (petroleum), carbon-treated, except if
the full refining history is known and it can be
shown that the substance from which it is
produced is not a carcinogen",,,97862-97-0,308-149-6,,,,,,0
II,908,909,0,active,▼B,,82,"Petrolatum (petroleum), silicic acid-treated,
except if the full refining history is known and it
can be shown that the substance from which it is
produced is not a carcinogen",,,97862-98-1,308-150-1,,,,,,0
II,909,910,0,active,▼B,,82,"Petrolatum (petroleum), clay-treated, except if
the full refining history is known and it can be
shown that the substance from which it is
produced is not a carcinogen",,,100684-33-1,309-706-6,,,,,,0
II,910,911,0,active,▼B,,82,"Distillates (petroleum), light catalytic cracked",,,64741-59-9,265-060-4,,,,,,0
II,911,912,0,active,▼B,,82,"Distillates (petroleum), intermediate catalytic
cracked",,,64741-60-2,265-062-5,,,,,,0
II,912,913,0,active,▼B,,82,"Distillates (petroleum), light thermal cracked",,,64741-82-8,265-084-5,,,,,,0
II,913,914,0,active,▼B,,82,"Distillates (petroleum), hydrodesulfurised light
catalytic cracked",,,68333-25-5,269-781-5,,,,,,0
II,914,915,0,active,▼B,,82,"Distillates (petroleum), light steam-cracked
naphtha",,,68475-80-9,270-662-5,,,,,,0
II,915,916,0,active,▼B,,82,"Distillates (petroleum), cracked steam-cracked
petroleum distillates",,,68477-38-3,270-727-8,,,,,,0
II,916,917,0,active,▼B,,82,"Gas oils (petroleum), steam-cracked",,,68527-18-4,271-260-2,,,,,,0
II,917,918,0,active,▼B,,82,"Distillates (petroleum), hydrodesulfurised
thermal cracked middle",,,85116-53-6,285-505-6,,,,,,0
II,918,919,0,active,▼B,,83,"Gas oils (petroleum), thermal-cracked, hydrodesulfurised",,,92045-29-9,295-411-7,,,,,,0
II,919,920,0,active,▼B,,83,"Residues (petroleum), hydrogenated steam-
cracked naphtha",,,92062-00-5,295-514-7,,,,,,0
II,920,921,0,active,▼B,,83,"Residues (petroleum), steam-cracked naphtha
distn.",,,92062-04-9,295-517-3,,,,,,0
II,921,922,0,active,▼B,,83,"Distillates (petroleum), light catalytic cracked,
thermally degraded",,,92201-60-0,295-991-1,,,,,,0
II,922,923,0,active,▼B,,83,"Residues (petroleum), steam-cracked heat-soaked
naphtha",,,93763-85-0,297-905-8,,,,,,0
II,923,924,0,active,▼B,,83,"Gas oils (petroleum), light vacuum, thermal-
cracked hydrodesulfurised",,,97926-59-5,308-278-8,,,,,,0
II,924,925,0,active,▼B,,83,"Distillates (petroleum), hydrodesulfurised middle
coker",,,101316-59-0,309-865-1,,,,,,0
II,925,926,0,active,▼B,,83,"Distillates (petroleum), heavy steam-cracked",,,101631-14-5,309-939-3,,,,,,0
II,926,927,0,active,▼B,,83,"Residues (petroleum), atm. Tower",,,64741-45-3,265-045-2,,,,,,0
II,927,928,0,active,▼B,,83,"Gas oils (petroleum), heavy vacuum",,,64741-57-7,265-058-3,,,,,,0
II,928,929,0,active,▼B,,83,"Distillates (petroleum), heavy catalytic cracked",,,64741-61-3,265-063-0,,,,,,0
II,929,930,0,active,▼B,,83,"Clarified oils (petroleum), catalytic cracked",,,64741-62-4,265-064-6,,,,,,0
II,930,931,0,active,▼B,,83,"Residues (petroleum), catalytic reformer fractionator",,,64741-67-9,265-069-3,,,,,,0
II,931,932,0,active,▼B,,83,"Residues (petroleum), hydrocracked",,,64741-75-9,265-076-1,,,,,,0
II,932,933,0,active,▼B,,83,"Residues (petroleum), thermal cracked",,,64741-80-6,265-081-9,,,,,,0
II,933,934,0,active,▼B,,83,"Distillates (petroleum), heavy thermal cracked",,,64741-81-7,265-082-4,,,,,,0
II,934,935,0,active,▼B,,83,"Gas oils (petroleum), hydrotreated vacuum",,,64742-59-2,265-162-9,,,,,,0
II,935,936,0,active,▼B,,83,"Residues (petroleum), hydrodesulfurised atmospheric tower",,,64742-78-5,265-181-2,,,,,,0
II,936,937,0,active,▼B,,83,"Gas oils (petroleum), hydrodesulfurised heavy
vacuum",,,64742-86-5,265-189-6,,,,,,0
II,937,938,0,active,▼B,,83,"Residues (petroleum), steam-cracked",,,64742-90-1,265-193-8,,,,,,0
II,938,939,0,active,▼B,,83,"Residues (petroleum), atmospheric",,,68333-22-2,269-777-3,,,,,,0
II,939,940,0,active,▼B,,83,"Clarified oils (petroleum), hydrodesulfurised
catalytic cracked",,,68333-26-6,269-782-0,,,,,,0
II,940,941,0,active,▼B,,84,"Distillates (petroleum), hydrodesulfurised intermediate catalytic cracked",,,68333-27-7,269-783-6,,,,,,0
II,941,942,0,active,▼B,,84,"Distillates (petroleum), hydrodesulfurised heavy
catalytic cracked",,,68333-28-8,269-784-1,,,,,,0
II,942,943,0,active,▼B,,84,"Fuel oil, residues-straight-run gas oils, high-
sulfur",,,68476-32-4,270-674-0,,,,,,0
II,943,944,0,active,▼B,,84,"Fuel oil, residual",,,68476-33-5,270-675-6,,,,,,0
II,944,945,0,active,▼B,,84,"Residues (petroleum), catalytic reformer fractionator residue distn.",,,68478-13-7,270-792-2,,,,,,0
II,945,946,0,active,▼B,,84,"Residues (petroleum), heavy coker gas oil and
vacuum gas oil",,,68478-17-1,270-796-4,,,,,,0
II,946,947,0,active,▼B,,84,"Residues (petroleum), heavy coker and light
vacuum",,,68512-61-8,270-983-0,,,,,,0
II,947,948,0,active,▼B,,84,"Residues (petroleum), light vacuum",,,68512-62-9,270-984-6,,,,,,0
II,948,949,0,active,▼B,,84,"Residues (petroleum), steam-cracked light",,,68513-69-9,271-013-9,,,,,,0
II,949,950,0,active,▼B,,84,"Fuel oil, No 6",,,68553-00-4,271-384-7,,,,,,0
II,950,951,0,active,▼B,,84,"Residues (petroleum), topping plant, low-sulfur",,,68607-30-7,271-763-7,,,,,,0
II,951,952,0,active,▼B,,84,"Gas oils (petroleum), heavy atmospheric",,,68783-08-4,272-184-2,,,,,,0
II,952,953,0,active,▼B,,84,"Residues (petroleum), coker scrubber,
condensed-ring-arom. -contg",,,68783-13-1,272-187-9,,,,,,0
II,953,954,0,active,▼B,,84,"Distillates (petroleum), petroleum residues
vacuum",,,68955-27-1,273-263-4,,,,,,0
II,954,955,0,active,▼B,,84,"Residues (petroleum), steam-cracked, resinous",,,68955-36-2,273-272-3,,,,,,0
II,955,956,0,active,▼B,,84,"Distillates (petroleum), intermediate vacuum",,,70592-76-6,274-683-0,,,,,,0
II,956,957,0,active,▼B,,84,"Distillates (petroleum), light vacuum",,,70592-77-7,274-684-6,,,,,,0
II,957,958,0,active,▼B,,84,"Distillates (petroleum), vacuum",,,70592-78-8,274-685-1,,,,,,0
II,958,959,0,active,▼B,,84,"Gas oils (petroleum), hydrodesulfurised coker
heavy vacuum",,,85117-03-9,285-555-9,,,,,,0
II,959,960,0,active,▼B,,84,"Residues (petroleum), steam-cracked, distillates",,,90669-75-3,292-657-7,,,,,,0
II,960,961,0,active,▼B,,84,"Residues (petroleum), vacuum, light",,,90669-76-4,292-658-2,,,,,,0
II,961,962,0,active,▼B,,84,"Fuel oil, heavy, high-sulfur",,,92045-14-2,295-396-7,,,,,,0
II,962,963,0,active,▼B,,85,"Residues (petroleum), catalytic cracking",,,92061-97-7,295-511-0,,,,,,0
II,963,964,0,active,▼B,,85,"Distillates (petroleum), intermediate catalytic
cracked, thermally degraded",,,92201-59-7,295-990-6,,,,,,0
II,964,965,0,active,▼B,,85,Residual oils (petroleum),,,93821-66-0,298-754-0,,,,,,0
II,965,966,0,active,▼B,,85,"Residues, steam cracked, thermally treated",,,98219-64-8,308-733-0,,,,,,0
II,966,967,0,active,▼B,,85,"Distillates (petroleum), hydrodesulfurised full-
range middle",,,101316-57-8,309-863-0,,,,,,0
II,967,968,0,active,▼B,,85,"Distillates (petroleum), light paraffinic",,,64741-50-0,265-051-5,,,,,,0
II,968,969,0,active,▼B,,85,"Distillates (petroleum), heavy paraffinic",,,64741-51-1,265-052-0,,,,,,0
II,969,970,0,active,▼B,,85,"Distillates (petroleum), light naphthenic",,,64741-52-2,265-053-6,,,,,,0
II,970,971,0,active,▼B,,85,"Distillates (petroleum), heavy naphthenic",,,64741-53-3,265-054-1,,,,,,0
II,971,972,0,active,▼B,,85,"Distillates (petroleum), acid-treated heavy naphthenic",,,64742-18-3,265-117-3,,,,,,0
II,972,973,0,active,▼B,,85,"Distillates (petroleum), acid-treated light naphthenic",,,64742-19-4,265-118-9,,,,,,0
II,973,974,0,active,▼B,,85,"Distillates (petroleum), acid-treated heavy
paraffinic",,,64742-20-7,265-119-4,,,,,,0
II,974,975,0,active,▼B,,85,"Distillates (petroleum), acid-treated light
paraffinic",,,64742-21-8,265-121-5,,,,,,0
II,975,976,0,active,▼B,,85,"Distillates (petroleum), chemically neutralised
heavy paraffinic",,,64742-27-4,265-127-8,,,,,,0
II,976,977,0,active,▼B,,85,"Distillates (petroleum), chemically neutralised
light paraffinic",,,64742-28-5,265-128-3,,,,,,0
II,977,978,0,active,▼B,,85,"Distillates (petroleum), chemically neutralised
heavy naphthenic",,,64742-34-3,265-135-1,,,,,,0
II,978,979,0,active,▼B,,85,"Distillates (petroleum), chemically neutralised
light naphthenic",,,64742-35-4,265-136-7,,,,,,0
II,979,980,0,active,▼B,,85,"Extracts (petroleum), light naphthenic distillate
solvent",,,64742-03-6,265-102-1,,,,,,0
II,980,981,0,active,▼B,,85,"Extracts (petroleum), heavy paraffinic distillate
solvent",,,64742-04-7,265-103-7,,,,,,0
II,981,982,0,active,▼B,,85,"Extracts (petroleum), light paraffinic distillate
solvent",,,64742-05-8,265-104-2,,,,,,0
II,982,983,0,active,▼B,,85,"Extracts (petroleum), heavy naphthenic distillate
solvent",,,64742-11-6,265-111-0,,,,,,0
II,983,984,0,active,▼B,,85,"Extracts (petroleum), light vacuum gas oil
solvent",,,91995-78-7,295-341-7,,,,,,0
II,984,985,0,active,▼B,,86,"Hydrocarbons, C26-55, arom. rich",,,97722-04-8,307-753-7,,,,,,0
II,985,986,0,active,▼B,,86,"Disodium 3,3′-[[1,1′-biphenyl]-4,4′-diylbis(azo)]
bis(4-aminonaphthalene-1-sulphonate)",,,573-58-0,209-358-4,,,,,,0
II,986,987,0,active,▼B,,86,"Disodium 4-amino-3-[[4′-[(2,4-diaminophenyl)
azo] [1,1′-biphenyl]-4-yl]azo]-5-hydroxy-6-
(phenylazo)naphthalene-2,7-disulphonate",,,1937-37-7,217-710-3,,,,,,0
II,987,988,0,active,▼B,,86,"Tetrasodium 3,3′-[[1,1′-biphenyl]-4,4′-diylbis
(azo)]bis[5-amino-4-hydroxynaphthalene-2,7-
disulphonate]",,,2602-46-2,220-012-1,,,,,,0
II,988,989,0,active,▼B,,86,4-o-Tolylazo-o-toluidine,,,97-56-3,202-591-2,,,,,,0
II,989,990,0,active,▼B,,86,4-Aminoazobenzene,,,60-09-3,200-453-6,,,,,,0
II,990,991,0,active,▼B,,86,"Disodium[5-[[4′-[[2,6-dihydroxy-3-[(2-hydroxy-
5-sulphophenyl)azo]phenyl]azo][1,1 ′-biphenyl]-
4-yl]azo]salicylato(4-)]cuprate(2-)",,,16071-86-6,240-221-1,,,,,,0
II,991,992,0,active,▼B,,86,Resorcinol diglycidyl ether,,,101-90-6,202-987-5,,,,,,0
II,992,993,0,active,▼B,,86,"1,3-Diphenylguanidine",,,102-06-7,203-002-1,,,,,,0
II,993,994,0,active,▼B,,86,Heptachlor-epoxide,,,1024-57-3,213-831-0,,,,,,0
II,994,995,0,active,▼B,,86,4-Nitrosophenol,,,104-91-6,203-251-6,,,,,,0
II,995,996,0,active,▼B,,86,Carbendazim,,,10605-21-7,234-232-0,,,,,,0
II,996,997,0,active,▼B,,86,Allyl glycidyl ether,,,106-92-3,203-442-4,,,,,,0
II,997,998,0,active,▼B,,86,Chloroacetaldehyde,,,107-20-0,203-472-8,,,,,,0
II,998,999,0,active,▼B,,86,Hexane,,,110-54-3,203-777-6,,,,,,0
II,999,1000,0,active,▼B,,86,"2-(2-Methoxyethoxy)ethanol (Diethylene glycol
monomethyl ether; DEGME)",,,111-77-3,203-906-6,,,,,,0
II,1000,1001,0,active,▼B,,86,"(+/–)-2-(2,4-Dichlorophenyl)-3-(1H-1,2,4-triazol-
1-yl)propyl-1,1,2,2-tetrafluoroethylether (Tetraconazole - ISO)",,,112281-77-3,407-760-6,,,,,,0
II,1001,1002,0,active,▼B,,86,"4-[4-(1,3-Dihydroxyprop-2-yl)phenylamino]-1,8-
dihydroxy-5-nitroanthraquinone",,,114565-66-1,406-057-1,,,,,,0
II,1002,1003,0,active,▼B,,86,"5,6,12,13-Tetrachloroanthra(2,1,9-def:6,5,10-
d'e'f')diisoquinoline-1,3,8,10(2H,9H)-tetrone",,,115662-06-1,405-100-1,,,,,,0
II,1003,1004,0,active,▼B,,86,tris(2-Chloroethyl) phosphate,,,115-96-8,204-118-5,,,,,,0
II,1004,1005,0,active,▼B,,86,4′-Ethoxy-2-benzimidazoleanilide,,,120187-29-3,407-600-5,,,,,,0
II,1005,1006,0,active,▼B,,86,Nickel dihydroxide,,,12054-48-7,235-008-5,,,,,,0
II,1006,1007,0,active,▼B,,86,"N,N-Dimethylaniline",,,121-69-7,204-493-5,,,,,,0
II,1007,1008,0,active,▼B,,86,Simazine,,,122-34-9,204-535-2,,,,,,0
II,1008,1009,0,active,▼B,,87,"bis(Cyclopentadienyl)-bis(2,6-difluoro-3-(pyrrol-
1-yl)-phenyl)titanium",,,125051-32-3,412-000-1,,,,,,0
II,1009,1010,0,active,▼B,,87,"N,N,N′,N′-Tetraglycidyl-4,4′-diamino-3,3′-
diethyldiphenylmethane",,,130728-76-6,410-060-3,,,,,,0
II,1010,1011,0,active,▼B,,87,Divanadium pentaoxide,,,1314-62-1,215-239-8,,,,,,0
II,1011,1012,0,active,▼B,,87,Pentachlorophenol and its alkali salts,,,"87-86-5/131-
52-2/7778-
73-6","201-778-6/
205-025-2/
231-911-3",,,,,,0
II,1012,1013,0,active,▼B,,87,Phosphamidon,,,13171-21-6,236-116-5,,,,,,0
II,1013,1014,0,active,▼B,,87,"N-(Trichloromethylthio)phthalimide (Folpet -
ISO)",,,133-07-3,205-088-6,,,,,,0
II,1014,1015,0,active,▼B,,87,N-2-Naphthylaniline,,,135-88-6,205-223-9,,,,,,0
II,1015,1016,0,active,▼B,,87,Ziram,,,137-30-4,205-288-3,,,,,,0
II,1016,1017,0,active,▼B,,87,"1-Bromo-3,4,5-trifluorobenzene",,,138526-69-9,418-480-9,,,,,,0
II,1017,1018,0,active,▼B,,87,Propazine,,,139-40-2,205-359-9,,,,,,0
II,1018,1019,0,active,▼B,,87,"3-(4-Chlorophenyl)-1,1-dimethyluronium trichloroacetate; monuron-TCA",,,140-41-0,006-043-00-1,,,,,,0
II,1019,1020,0,active,▼B,,87,Isoxaflutole,,,141112-29-0,606-054-00-7,,,,,,0
II,1020,1021,0,active,▼B,,87,Kresoxim-methyl,,,143390-89-0,607-310-00-0,,,,,,0
II,1021,1022,0,active,▼B,,87,Chlordecone,,,143-50-0,205-601-3,,,,,,0
II,1022,1023,0,active,▼B,,87,9-Vinylcarbazole,,,1484-13-5,216-055-0,,,,,,0
II,1023,1024,0,active,▼M48,,87,"2-ethylhexanoic acid and its salts with the
exception of those specified elsewhere in Annex
VI to Regulation (EC) No 1272/2008",,,149-57-5/-,205-743-6/-,,,,,,0
II,1024,1025,0,active,▼B,,87,Monuron,,,150-68-5,205-766-1,,,,,,0
II,1025,1026,0,active,▼B,,87,Morpholine-4-carbonyl chloride,,,15159-40-7,239-213-0,,,,,,0
II,1026,1027,0,active,▼B,,87,Daminozide,,,1596-84-5,216-485-9,,,,,,0
II,1027,1028,0,active,▼B,,87,Alachlor (ISO),,,15972-60-8,240-110-8,,,,,,0
II,1028,1029,0,active,▼B,,87,"UVCB condensation product of: tetrakis-
hydroxymethylphosphonium chloride, urea and
distilled hydrogenated C16-18 tallow alkylamine",,,166242-53-1,422-720-8,,,,,,0
II,1029,1030,0,active,▼B,,87,Ioxynil and Ioxynil octanoate (ISO),,,"1689-83-4/
3861-47-0","216-881-1/
223-375-4",,,,,,0
II,1030,1031,0,active,▼B,,87,"Bromoxynil (ISO) (3,5-Dibromo-4-hydroxybenzonitrile) and Bromoxynil heptanoate (ISO)",,,"1689-84-5/
56634-95-8","216-882-7/
260-300-4",,,,,,0
II,1031,1032,0,active,▼B,,87,"2,6-Dibromo-4-cyanophenyl octanoate",,,1689-99-2,216-885-3,,,,,,0
II,1032,1033,0,moved_or_deleted,▼B,,87,Moved or deleted,,,,,,,,,,0
II,1033,1034,0,active,▼B,,88,"5-Chloro-1,3-dihydro-2H-indol-2-one",,,17630-75-0,412-200-9,,,,,,0
II,1034,1035,0,active,▼B,,88,Benomyl,,,17804-35-2,241-775-7,,,,,,0
II,1035,1036,0,active,▼B,,88,Chlorothalonil,,,1897-45-6,217-588-1,,,,,,0
II,1036,1037,0,active,▼B,,88,"N′-(4-Chloro-o-tolyl)-N,N-dimethylformamidine
monohydrochloride",,,19750-95-9,243-269-1,,,,,,0
II,1037,1038,0,active,▼B,,88,"4,4′-Methylenebis(2-ethylaniline)",,,19900-65-3,243-420-1,,,,,,0
II,1038,1039,0,active,▼B,,88,Valinamide,,,20108-78-5,402-840-7,,,,,,0
II,1039,1040,0,active,▼B,,88,[(p-Tolyloxy)methyl]oxirane,,,2186-24-5,218-574-8,,,,,,0
II,1040,1041,0,active,▼B,,88,[(m-Tolyloxy)methyl]oxirane,,,2186-25-6,218-575-3,,,,,,0
II,1041,1042,0,active,▼B,,88,"2,3-Epoxypropyl o-tolyl ether",,,2210-79-9,218-645-3,,,,,,0
II,1042,1043,0,active,▼B,,88,"[(Tolyloxy)methyl]oxirane, cresyl glycidyl ether",,,26447-14-3,247-711-4,,,,,,0
II,1043,1044,0,active,▼B,,88,Di-allate,,,2303-16-4,218-961-1,,,,,,0
II,1044,1045,0,active,▼B,,88,"Benzyl 2,4-dibromobutanoate",,,23085-60-1,420-710-8,,,,,,0
II,1045,1046,0,active,▼B,,88,Trifluoroiodomethane,,,2314-97-8,219-014-5,,,,,,0
II,1046,1047,0,active,▼B,,88,Thiophanate-methyl,,,23564-05-8,245-740-7,,,,,,0
II,1047,1048,0,active,▼B,,88,"Dodecachloropentacyclo[5.2.1.02,6.03,905,8]
decane (Mirex)",,,2385-85-5,219-196-6,,,,,,0
II,1048,1049,0,active,▼B,,88,Propyzamide,,,23950-58-5,245-951-4,,,,,,0
II,1049,1050,0,active,▼B,,88,Butyl glycidyl ether,,,2426-08-6,219-376-4,,,,,,0
II,1050,1051,0,active,▼B,,88,"2,3,4-Trichlorobut-1-ene",,,2431-50-7,219-397-9,,,,,,0
II,1051,1052,0,active,▼B,,88,Chinomethionate,,,2439-01-2,219-455-3,,,,,,0
II,1052,1053,0,active,▼B,,88,"(R)-α-Phenylethylammonium (-)-(1R,2S)-(1,2-
epoxypropyl)phosphonate monohydrate",,,25383-07-7,418-570-8,,,,,,0
II,1053,1054,0,active,▼B,,88,"5-Ethoxy-3-trichloromethyl-1,2,4-thiadiazole
(Etridiazole - ISO)",,,2593-15-9,219-991-8,,,,,,0
II,1054,1055,0,active,▼B,,88,Disperse Yellow 3,,,2832-40-8,220-600-8,,,,,,0
II,1055,1056,0,active,▼B,,88,"1,2,4-Triazole",,,288-88-0,206-022-9,,,,,,0
II,1056,1057,0,active,▼B,,88,Aldrin (ISO),,,309-00-2,206-215-8,,,,,,0
II,1057,1058,0,active,▼B,,88,Diuron (ISO),,,330-54-1,206-354-4,,,,,,0
II,1058,1059,0,active,▼B,,89,Linuron (ISO),,,330-55-2,206-356-5,,,,,,0
II,1059,1060,0,active,▼B,,89,Nickel carbonate,,,3333-67-3,222-068-2,,,,,,0
II,1060,1061,0,active,▼B,,89,"3-(4-Isopropylphenyl)-1,1-dimethylurea (Isoproturon - ISO)",,,34123-59-6,251-835-4,,,,,,0
II,1061,1062,0,active,▼B,,89,Iprodione,,,36734-19-7,253-178-9,,,,,,0
II,1062,1063,0,moved_or_deleted,▼B,,89,Moved or deleted,,,,,,,,,,0
II,1063,1064,0,active,▼B,,89,"5-(2,4-Dioxo-1,2,3,4-tetrahydropyrimidine)-3-
fluoro-2-hydroxymethyltetrahydrofuran",,,41107-56-6,415-360-8,,,,,,0
II,1064,1065,0,active,▼B,,89,Crotonaldehyde,,,4170-30-3,224-030-0,,,,,,0
II,1065,1066,0,active,▼B,,89,"Hexahydrocyclopenta(c)pyrrole-1-(1 H)-
ammonium N-ethoxycarbonyl-N-(p-tolylsulfonyl)
azanide",,,,418-350-1,,,,,,0
II,1066,1067,0,active,▼B,,89,"4,4′-Carbonimidoylbis[N,N-dimethylaniline] and
its salts",,,492-80-8,207-762-5,,,,,,0
II,1067,1068,0,active,▼B,,89,DNOC (ISO),,,534-52-1,208-601-1,,,,,,0
II,1068,1069,0,active,▼B,,89,Toluidinium chloride,,,540-23-8,208-740-8,,,,,,0
II,1069,1070,0,active,▼B,,89,Toluidine sulphate (1:1),,,540-25-0,208-741-3,,,,,,0
II,1070,1071,0,active,▼B,,89,2-(4-tert.-Butylphenyl)ethanol,,,5406-86-0,410-020-5,,,,,,0
II,1071,1072,0,active,▼B,,89,Fenthion,,,55-38-9,200-231-9,,,,,,0
II,1072,1073,0,active,▼B,,89,"Chlordane, pur",,,57-74-9,200-349-0,,,,,,0
II,1073,1074,0,active,▼B,,89,Hexan-2-one (Methyl butyl ketone),,,591-78-6,209-731-1,,,,,,0
II,1074,1075,0,active,▼B,,89,Fenarimol,,,60168-88-9,262-095-7,,,,,,0
II,1075,1076,0,active,▼B,,89,Acetamide,,,60-35-5,200-473-5,,,,,,0
II,1076,1077,0,active,▼B,,89,"N-Cyclohexyl-N-methoxy-2,5-dimethyl-3-
furamide (Furmecyclox - ISO)",,,60568-05-0,262-302-0,,,,,,0
II,1077,1078,0,active,▼B,,89,Dieldrin,,,60-57-1,200-484-5,,,,,,0
II,1078,1079,0,active,▼B,,89,"4,4′-Isobutylethylidenediphenol",,,6807-17-6,401-720-1,,,,,,0
II,1079,1080,0,active,▼B,,89,Chlordimeform,,,6164-98-3,228-200-5,,,,,,0
II,1080,1081,0,active,▼B,,89,Amitrole,,,61-82-5,200-521-5,,,,,,0
II,1081,1082,0,active,▼B,,89,Carbaryl,,,63-25-2,200-555-0,,,,,,0
II,1082,1083,0,active,▼B,,89,"Distillates (petroleum), light hydrocracked",,,64741-77-1,265-078-2,,,,,,0
II,1083,1084,0,active,▼B,,90,1-Ethyl-1-methylmorpholinium bromide,,,65756-41-4,612-182-00-4,,,,,,0
II,1084,1085,0,active,▼B,,90,"(3-Chlorophenyl)-(4-methoxy-3-nitrophenyl)
methanone",,,66938-41-8,423-290-4,,,,,,0
II,1085,1086,0,active,▼B,,90,"Fuels, diesel, except if the full refining history is
known and it can be shown that the substance
from which it is produced is not a carcinogen",,,68334-30-5,269-822-7,,,,,,0
II,1086,1087,0,active,▼B,,90,"Fuel oil, no. 2",,,68476-30-2,270-671-4,,,,,,0
II,1087,1088,0,active,▼B,,90,"Fuel oil, no. 4",,,68476-31-3,270-673-5,,,,,,0
II,1088,1089,0,active,▼B,,90,"Fuels, diesel, no. 2",,,68476-34-6,270-676-1,,,,,,0
II,1089,1090,0,active,▼B,,90,"2,2-Dibromo-2-nitroethanol",,,69094-18-4,412-380-9,,,,,,0
II,1090,1091,0,active,▼B,,90,1-Ethyl-1-methylpyrrolidinium bromide,,,69227-51-6,"612-183-00-
X",,,,,,0
II,1091,1092,0,active,▼B,,90,Monocrotophos,,,6923-22-4,230-042-7,,,,,,0
II,1092,1093,0,active,▼B,,90,Nickel,,,7440-02-0,231-111-4,,,,,,0
II,1093,1094,0,active,▼B,,90,Bromomethane (Methyl bromide - ISO),,,74-83-9,200-813-2,,,,,,0
II,1094,1095,0,active,▼B,,90,Chloromethane (Methyl chloride),,,74-87-3,200-817-4,,,,,,0
II,1095,1096,0,active,▼B,,90,Iodomethane (Methyl iodide),,,74-88-4,200-819-5,,,,,,0
II,1096,1097,0,active,▼B,,90,Bromoethane (Ethyl bromide),,,74-96-4,200-825-8,,,,,,0
II,1097,1098,0,active,▼B,,90,Heptachlor,,,76-44-8,200-962-3,,,,,,0
II,1098,1099,0,active,▼B,,90,Fentin hydroxide,,,76-87-9,200-990-6,,,,,,0
II,1099,1100,0,active,▼B,,90,Nickel sulphate,,,7786-81-4,232-104-9,,,,,,0
II,1100,1101,0,active,▼B,,90,"3,5,5-Trimethylcyclohex-2-enone (Isophorone)",,,78-59-1,201-126-0,,,,,,0
II,1101,1102,0,active,▼B,,90,"2,3-Dichloropropene",,,78-88-6,201-153-8,,,,,,0
II,1102,1103,0,active,▼B,,90,Fluazifop-P-butyl (ISO),,,79241-46-6,607-305-00-3,,,,,,0
II,1103,1104,0,active,▼B,,90,"(S)-2,3-Dihydro-1H-indole-carboxylic acid",,,79815-20-6,410-860-2,,,,,,0
II,1104,1105,0,active,▼B,,90,Toxaphene,,,8001-35-2,232-283-3,,,,,,0
II,1105,1106,0,active,▼B,,90,(4-Hydrazinophenyl)-N-methylmethanesulfonamide hydrochloride,,,81880-96-8,406-090-1,,,,,,0
II,1106,1107,0,active,▼B,,90,CI Solvent Yellow 14,,,842-07-9,212-668-2,,,,,,0
II,1107,1108,0,active,▼B,,90,Chlozolinate,,,84332-86-5,282-714-4,,,,,,0
II,1108,1109,0,active,▼B,,90,"Alkanes, C10-13, monochloro",,,85535-84-8,287-476-5,,,,,,0
II,1109,1110,0,moved_or_deleted,▼B,,90,Moved or deleted,,,,,,,,,,0
II,1110,1111,0,active,▼B,,91,"2,4,6-Trichlorophenol",,,88-06-2,201-795-9,,,,,,0
II,1111,1112,0,active,▼B,,91,Diethylcarbamoyl-chloride,,,88-10-8,201-798-5,,,,,,0
II,1112,1113,0,active,▼B,,91,1-Vinyl-2-pyrrolidone,,,88-12-0,201-800-4,,,,,,0
II,1113,1114,0,active,▼B,,91,"Myclobutanil (ISO) (2-(4-chlorophenyl)-2-(1H-
1,2,4-triazol-1-ylmethyl)hexanenitrile)",,,88671-89-0,410-400-0,,,,,,0
II,1114,1115,0,active,▼B,,91,Fentin acetate,,,900-95-8,212-984-0,,,,,,0
II,1115,1116,0,active,▼B,,91,Biphenyl-2-ylamine,,,90-41-5,201-990-9,,,,,,0
II,1116,1117,0,active,▼B,,91,"Trans-4-cyclohexyl-L-proline monohydro-
chloride",,,90657-55-9,419-160-1,,,,,,0
II,1117,1118,0,active,▼B,,91,"2-Methyl-m-phenylene diisocyanate (Toluene
2,6-diisocyanate)",,,91-08-7,202-039-0,,,,,,0
II,1118,1119,0,active,▼B,,91,"4-Methyl-m-phenylene diisocyanate (Toluene
2,4-diisocyanate)",,,584-84-9,209-544-5,,,,,,0
II,1119,1120,0,active,▼B,,91,"m-Tolylidene diisocyanate (Toluene
diisocyanate)",,,26471-62-5,247-722-4,,,,,,0
II,1120,1121,0,active,▼B,,91,"Fuels, jet aircraft, coal solvent extn., hydrocracked hydrogenated",,,94114-58-6,302-694-3,,,,,,0
II,1121,1122,0,active,▼B,,91,"Fuels, diesel, coal solvent extn., hydrocracked
hydrogenated",,,94114-59-7,302-695-9,,,,,,0
II,1122,1123,0,active,▼B,,91,"Pitch, if it contains > 0,005 % w/w benzo[a]
pyrene",,,61789-60-4,263-072-4,,,,,,0
II,1123,1124,0,active,▼B,,91,2-Butanone oxime,,,96-29-7,202-496-6,,,,,,0
II,1124,1125,0,active,▼B,,91,"Hydrocarbons, C16-20, solvent-dewaxed hydrocracked paraffinic distn. Residue",,,97675-88-2,307-662-2,,,,,,0
II,1125,1126,0,active,▼B,,91,"α,α-Dichlorotoluene",,,98-87-3,202-709-2,,,,,,0
II,1126,1127,0,active,▼B,,91,"Mineral wool, with the exception of those
specified elsewhere in this Annex; [Man-made
vitreous (silicate)fibres with random orientation
with alkaline oxide and alkali earth oxide (Na2O
+ K2O + CaO + MgO + BaO) content greater
than 18 % by weight]",,,,,,,,,,0
II,1127,1128,0,active,▼B,,91,"Reaction product of acetophenone, formaldehyde, cyclohexylamine, methanol and acetic
acid",,,,406-230-1,,,,,,0
II,1128,1129,0,moved_or_deleted,▼B,,91,Moved or deleted,,,,,,,,,,0
II,1129,1130,0,moved_or_deleted,▼B,,91,Moved or deleted,,,,,,,,,,0
II,1130,1131,0,active,▼B,,92,"Trisodium bis(7-acetamido-2-(4-nitro-2-oxidophenylazo)-3-sulfonato-1-naphtholato)chromate(1-
)",,,,400-810-8,,,,,,0
II,1131,1132,0,active,▼B,,92,"A mixture of: 4-allyl-2,6-bis(2,3-epoxypropyl)
phenol, 4-allyl-6-(3-(6-(3-(6-(3-(4-allyl-2,6-bis
(2,3-epoxypropyl)-phenoxy)2-hydroxypropyl)-4-
allyl-2-(2,3-epoxypropyl)phenoxy)-2-hydroxypropyl)-4-allyl-2-(2,3-epoxypropyl)-phenoxy-2-
hydroxypropyl-2-(2,3-epoxypropyl)phenol, 4-
allyl-6-(3-(4-allyl-2,6-bis(2,3-epoxypropyl)
phenoxy)-2- hydroxypropyl)-2-(2,3-epoxypropyl)
phenoxy)phenol and 4-allyl-6-(3-(6-(3-(4-allyl-
2,6-bis(2,3-epoxypropyl)-phenoxy)-2-hydroxypropyl)-4-allyl-2-(2,3-epoxypropyl)phenoxy)2-
hydroxypropyl)-2-(2,3-epoxypropyl)phenol",,,,417-470-1,,,,,,0
II,1132,1133,0,active,▼B,,92,"Costus root oil (Saussurea lappa Clarke), when
used as a fragrance ingredient",,,8023-88-9,,,,,,,0
II,1133,1134,0,active,▼B,,92,"7-Ethoxy-4-methylcoumarin, when used as a
fragrance ingredient",,,87-05-8,201-721-5,,,,,,0
II,1134,1135,0,active,▼B,,92,"Hexahydrocoumarin, when used as a fragrance
ingredient",,,700-82-3,211-851-4,,,,,,0
II,1135,1136,0,active,▼M1,,92,"Exudation of Myroxylon pereirae (Royle)
Klotzsch (Peru balsam, crude) when used as a
fragrance ingredient",,,8007-00-9,232-352-8,,,,,,0
II,1136,1137,0,active,▼B,,92,Isobutyl nitrite,,,542-56-2,208-819-7,,,,,,0
II,1137,1138,0,active,▼B,,92,"Isoprene (stabilized); (2-methyl-1,3-butadiene)",,,78-79-5,201-143-3,,,,,,0
II,1138,1139,0,active,▼B,,92,1-Bromopropane; n-Propyl bromide,,,106-94-5,203-445-0,,,,,,0
II,1139,1140,0,active,▼B,,92,"Chloroprene (stabilized); (2-Chlorobuta-1,3-
diene)",,,126-99-8,204-818-0,,,,,,0
II,1140,1141,0,active,▼B,,92,"1,2,3-Trichloropropane",,,96-18-4,202-486-1,,,,,,0
II,1141,1142,0,active,▼B,,92,Ethylene glycol dimethyl ether (EGDME),,,110-71-4,203-794-9,,,,,,0
II,1142,1143,0,active,▼B,,92,Dinocap (ISO),,,39300-45-3,254-408-0,,,,,,0
II,1143,1144,0,active,▼B,,92,"Diaminotoluene, technical product -mixture of
[4-methyl-m-phenylenediamine] (4) and [2-
methyl-m-phenylenediamine] (5)
Methyl-phenylenediamine",,,25376-45-8,246-910-3,,,,,,0
II,1144,1145,0,active,▼B,,92,p-Chlorobenzotrichloride,,,5216-25-1,226-009-1,,,,,,0
II,1145,1146,0,active,▼B,,92,Diphenylether; octabromo derivate,,,32536-52-0,251-087-9,,,,,,0
II,1146,1147,0,active,▼B,,92,"1,2-bis(2-Methoxyethoxy)ethane; Triethylene
glycol dimethyl ether (TEGDME)",,,112-49-2,203-977-3,,,,,,0
II,1147,1148,0,active,▼B,,93,Tetrahydrothiopyran-3-carboxaldehyde,,,61571-06-0,407-330-8,,,,,,0
II,1148,1149,0,active,▼B,,93,"4,4′-bis(Dimethylamino)benzophenone (Michler's
ketone)",,,90-94-8,202-027-5,,,,,,0
II,1149,1150,0,active,▼B,,93,"Oxiranemethanol, 4-methylbenzene-sulfonate,
(S)-",,,70987-78-9,417-210-7,,,,,,0
II,1150,1151,0,active,▼B,,93,"1,2-Benzenedicarboxylic acid, dipentylester,
branched and linear [1]
n-Pentyl-isopentylphthalate [2]
di-n-Pentyl phthalate [3]
Diisopentylphthalate [4]",,,"84777-06-0
[1]
-[2]
131-18-0 [3]
605-50-5 [4]","284-032-2
205-017-9
210-088-4",,,,,,0
II,1151,1152,0,active,▼B,,93,Benzyl butyl phthalate (BBP),,,85-68-7,201-622-7,,,,,,0
II,1152,1153,0,active,▼B,,93,"1,2-Benzenedicarboxylic acid, di-C7-11, branched
and linear alkyl esters",,,68515-42-4,271-084-6,,,,,,0
II,1153,1154,0,active,▼B,,93,"A mixture of: disodium 4-(3-ethoxycarbonyl-4-
(5-(3-ethoxycarbonyl-5-hydroxy-1-(4-sulfonatophenyl) pyrazol-4-yl)penta-2,4-dienylidene)-4,5-
dihydro-5-oxopyrazol-1-yl)benzenesulfonate and
trisodium 4-(3-ethoxycarbonyl-4-(5-(3-ethoxycarbonyl-5-oxido-1-(4-sulfonatophenyl)pyrazol-
4-yl)penta-2,4-dienylidene)-4,5-dihydro-5-oxopyrazol-1-yl)benzenesulfonate",,,,402-660-9,,,,,,0
II,1154,1155,0,active,▼B,,93,"(Methylenebis(4,1-phenylenazo(1-(3-(dimethylamino)propyl)-1,2-dihydro-6-hydroxy-4-methyl-
2-oxopyridine-5,3-diyl)))-1,1′-dipyridinium dichloride dihydrochloride",,,,401-500-5,,,,,,0
II,1155,1156,0,active,▼B,,93,"2-[2-Hydroxy-3-(2-chlorophenyl)carbamoyl-1-
naphthylazo]-7-[2-hydroxy-3-(3-methylphenyl)
carbamoyl-1-naphthylazo]fluoren-9-one",,,,420-580-2,,,,,,0
II,1156,1157,0,active,▼B,,93,Azafenidin,,,68049-83-2,,,,,,,0
II,1157,1158,0,active,▼B,,93,"2,4,5-Trimethylaniline [1]
2,4,5-Trimethylaniline hydrochloride [2]",,,"137-17-7 [1]
21436-97-5
[2]",205-282-0,,,,,,0
II,1158,1159,0,active,▼B,,93,"4,4′-Thiodianiline and its salts",,,139-65-1,205-370-9,,,,,,0
II,1159,1160,0,active,▼B,,93,"4,4′-Oxydianiline (p-Aminophenyl ether) and its
salts",,,101-80-4,202-977-0,,,,,,0
II,1160,1161,0,active,▼B,,93,"N,N,N′,N′-Tetramethyl-4,4′-methylenedianiline",,,101-61-1,202-959-2,,,,,,0
II,1161,1162,0,active,▼B,,93,6-Methoxy-m-toluidine; (p-Cresidine),,,120-71-8,204-419-1,,,,,,0
II,1162,1163,0,active,▼B,,93,"3-Ethyl-2-methyl-2-(3-methylbutyl)-1,3-
oxazolidine",,,143860-04-2,421-150-7,,,,,,0
II,1163,1164,0,active,▼B,,94,"A mixture of: 1,3,5-tris(3-aminomethylphenyl)-
1,3,5-(1H,3H,5H)-triazine-2,4,6-trione and a
mixture of oligomers of 3,5-bis(3-aminomethylphenyl)-1-poly[3,5-bis(3-aminomethylphenyl)-
2,4,6-trioxo-1,3,5-(1H,3H,5H)-triazin-1-yl]-1,3,5-
(1H,3H,5H)-triazine-2,4,6-trione",,,,421-550-1,,,,,,0
II,1164,1165,0,active,▼B,,94,2-Nitrotoluene,,,88-72-2,201-853-3,,,,,,0
II,1165,1166,0,active,▼B,,94,Tributyl phosphate,,,126-73-8,204-800-2,,,,,,0
II,1166,1167,0,active,▼B,,94,Naphthalene,,,91-20-3,202-049-5,,,,,,0
II,1167,1168,0,active,▼B,,94,"Nonylphenol [1]
4-Nonylphenol, branched [2]",,,"25154-52-3
[1]
84852-15-3
[2]","246-672-0
284-325-5",,,,,,0
II,1168,1169,0,active,▼B,,94,"1,1,2-Trichloroethane",,,79-00-5,201-166-9,,,,,,0
II,1169,1170,0,moved_or_deleted,▼B,,94,Moved or deleted,,,,,,,,,,0
II,1170,1171,0,moved_or_deleted,▼B,,94,Moved or deleted,,,,,,,,,,0
II,1171,1172,0,active,▼B,,94,allyl chloride; (3-Chloropropene),,,107-05-1,203-457-6,,,,,,0
II,1172,1173,0,active,▼B,,94,"1,4-Dichlorobenzene; (p-Dichlorobenzene)",,,106-46-7,203-400-5,,,,,,0
II,1173,1174,0,active,▼B,,94,bis(2-Chloroethyl) ether,,,111-44-4,203-870-1,,,,,,0
II,1174,1175,0,active,▼B,,94,Phenol,,,108-95-2,203-632-7,,,,,,0
II,1175,1176,0,active,▼B,,94,"Bisphenol A (4,4′-Isopropylidenediphenol)",,,80-05-7,201-245-8,,,,,,0
II,1176,1177,0,active,▼B,,94,"Trioxymethylene (1,3,5-Trioxan)",,,110-88-3,203-812-5,,,,,,0
II,1177,1178,0,active,▼B,,94,Propargite (ISO),,,2312-35-8,219-006-1,,,,,,0
II,1178,1179,0,active,▼B,,94,1-Chloro-4-nitrobenzene,,,100-00-5,202-809-6,,,,,,0
II,1179,1180,0,active,▼B,,94,Molinate (ISO),,,2212-67-1,218-661-0,,,,,,0
II,1180,1181,0,active,▼B,,94,Fenpropimorph (ISO),,,67564-91-4,266-719-9,,,,,,0
II,1181,1182,0,moved_or_deleted,▼B,,94,Moved or deleted,,,,,,,,,,0
II,1182,1183,0,active,▼B,,94,Methyl isocyanate,,,624-83-9,210-866-3,,,,,,0
II,1183,1184,0,active,▼B,,94,"N,N-Dimethylanilinium tetrakis(pentafluorophenyl)borate",,,118612-00-3,422-050-6,,,,,,0
II,1184,1185,0,active,▼B,,94,"O,O′-(Ethenylmethylsilylene) di[(4-methylpentan-2-one) oxime]",,,,421-870-1,,,,,,0
II,1185,1186,0,active,▼B,,95,"A 2:1 mixture of: 4-(7-hydroxy-2,4,4-trimethyl-
2-chromanyl)resorcinol-4-yl-tris(6-diazo-5,6-
dihydro-5-oxonaphthalen-1-sulfonate) and 4-(7-
hydroxy-2,4,4-trimethyl-2-chromanyl)resorcinolbis(6-diazo-5,6-dihydro-5-oxonaphthalen-1-
sulfonate)",,,140698-96-0,414-770-4,,,,,,0
II,1186,1187,0,active,▼B,,95,"A mixture of: reaction product of 4,4′-methylenebis[2-(4-hydroxybenzyl)-3,6-dimethylphenol]
and 6-diazo-5,6-dihydro-5-oxo-naphthalenesulfonate (1:2) and reaction product of 4,4′-
methylenebis[2-(4-hydroxybenzyl)-3,6-dimethylphenol] and 6-diazo-5,6-dihydro-5-oxonaphthalenesulfonate (1:3)",,,,417-980-4,,,,,,0
II,1187,1188,0,active,▼B,,95,"Malachite green hydrochloride [1]
Malachite green oxalate [2]",,,"569-64-2 [1]
18015-76-4
[2]","209-322-8
241-922-5",,,,,,0
II,1188,1189,0,active,▼B,,95,"1-(4-Chlorophenyl)-4,4-dimethyl-3-(1,2,4-triazol-
1-ylmethyl)pentan-3-ol",,,107534-96-3,403-640-2,,,,,,0
II,1189,1190,0,active,▼B,,95,"5-(3-Butyryl-2,4,6-trimethylphenyl)-2-[1-
(ethoxyimino)propyl]-3-hydroxycyclohex-2-en-1-
one",,,138164-12-2,414-790-3,,,,,,0
II,1190,1191,0,active,▼B,,95,trans-4-Phenyl-L-proline,,,96314-26-0,416-020-1,,,,,,0
II,1191,1192,0,moved_or_deleted,▼B,,95,Moved or deleted,,,,,,,,,,0
II,1192,1193,0,active,▼B,,95,"A mixture of: 5-[(4-[(7-amino-1-hydroxy-3-
sulfo-2-naphthyl)azo]-2,5-diethoxyphenyl)azo]-
2-[(3-phosphonophenyl)azo]benzoic acid and 5-
[(4-[(7-amino-1-hydroxy-3-sulfo-2-naphthyl)
azo]-2,5-diethoxyphenyl)azo]-3-[(3-phosphonophenyl)azo]benzoic acid",,,163879-69-4,418-230-9,,,,,,0
II,1193,1194,0,active,▼B,,95,"2-{]4-(2-Ammoniopropylamino)-6-[}4-hydroxy-
3-(5-methyl-2-methoxy-4-sulfamoylphenylazo)-
2-sulfonatonaphth-7-ylamino{]-1,3,5-triazin-2-
ylamino[}-2-aminopropyl formate",,,,424-260-3,,,,,,0
II,1194,1195,0,active,▼B,,95,"5-Nitro-o-toluidine [1]
5-Nitro-o-toluidine hydrochloride [2]",,,"99-55-8 [1]
51085-52-0
[2]","202-765-8
256-960-8",,,,,,0
II,1195,1196,0,active,▼B,,95,1-(1-Naphthylmethyl)quinolinium chloride,,,65322-65-8,406-220-7,,,,,,0
II,1196,1197,0,active,▼B,,95,"(R)-5-Bromo-3-(1-methyl-2-pyrrolidinylmethyl)-
1H-indole",,,143322-57-0,422-390-5,,,,,,0
II,1197,1198,0,active,▼B,,95,Pymetrozine (ISO),,,123312-89-0,613-202-00-4,,,,,,0
II,1198,1199,0,active,▼B,,95,Oxadiargyl (ISO),,,39807-15-3,254-637-6,,,,,,0
II,1199,1200,0,active,▼B,,95,"Chlorotoluron (3-(3-chloro-p-tolyl)-1,1-
dimethylurea)",,,15545-48-9,239-592-2,,,,,,0
II,1200,1201,0,active,▼B,,96,"N-[2-(3-Acetyl-5-nitrothiophen-2-ylazo)-5-
diethylaminophenyl]acetamide",,,,416-860-9,,,,,,0
II,1201,1202,0,active,▼B,,96,"1,3-bis(Vinylsulfonylacetamido)propane",,,93629-90-4,428-350-3,,,,,,0
II,1202,1203,0,active,▼B,,96,p-Phenetidine (4-Ethoxyaniline),,,156-43-4,205-855-5,,,,,,0
II,1203,1204,0,active,▼B,,96,m-Phenylenediamine and its salts,,,108-45-2,203-584-7,,,,,,0
II,1204,1205,0,active,▼B,,96,"Residues (coal tar), creosote oil distn., if it
contains > 0,005 % w/w benzo[a]pyrene",,,92061-93-3,295-506-3,,,,,,0
II,1205,1206,0,active,▼B,,96,"Creosote oil, acenaphthene fraction, wash oil, if
it contains > 0,005 % w/w benzo[a]pyrene",,,90640-84-9,292-605-3,,,,,,0
II,1206,1207,0,active,▼B,,96,"Creosote oil, if it contains > 0,005 % w/w benzo
[a]pyrene",,,61789-28-4,263-047-8,,,,,,0
II,1207,1208,0,active,▼B,,96,"Creosote, if it contains > 0,005 % w/w benzo[a]
pyrene",,,8001-58-9,232-287-5,,,,,,0
II,1208,1209,0,active,▼B,,96,"Creosote oil, high-boiling distillate, wash oil, if
it contains > 0,005 % w/w benzo[a]pyrene",,,70321-79-8,274-565-9,,,,,,0
II,1209,1210,0,active,▼B,,96,"Extract residues (coal), creosote oil acid, wash
oil extract residue, if it contains > 0,005 % w/w
benzo[a]pyrene",,,122384-77-4,310-189-4,,,,,,0
II,1210,1211,0,active,▼B,,96,"Creosote oil, low-boiling distillate, wash oil, if it
contains > 0,005 % w/w benzo[a]pyrene",,,70321-80-1,274-566-4,,,,,,0
II,1211,1212,0,active,▼B,,96,"6-Methoxy-2,3-Pyridinediamine and its HCl salt,
when used as a substance in hair dye products",,,94166-62-8,303-358-9,,,,,,0
II,1212,1213,0,active,▼B,,96,"2,3-Naphthalenediol, when used as a substance
in hair dye products",,,92-44-4,202-156-7,,,,,,0
II,1213,1214,0,active,▼B,,96,"2,4-Diaminodiphenylamine, when used as a
substance in hair dye products",,,136-17-4,,,,,,,0
II,1214,1215,0,active,▼B,,96,"2,6-Bis(2-Hydroxyethoxy)-3,5-Pyridinediamine
and its HCl salt, when used as a substance in
hair dye products",,,117907-42-3,,,,,,,0
II,1215,1216,0,active,▼B,,96,"2-Methoxymethyl-p-Aminophenol and its HCl
salt, when used as a substance in hair dye
products",,,"135043-65-1/
29785-47-5",,,,,,,0
II,1216,1217,0,active,▼B,,96,"4,5-Diamino-1-Methylpyrazole and its HCl salt,
when used as a substance in hair dye products",,,"20055-01-0/
21616-59-1",,,,,,,0
II,1217,1218,0,active,▼B,,96,"4,5-Diamino-1-((4-Chlorophenyl)Methyl)-1H-
Pyrazole Sulfate, when used as a substance in
hair dye products",,,163183-00-4,,,,,,,0
II,1218,1219,0,active,▼B,,97,"4-Chloro-2-Aminophenol, when used as a
substance in hair dye products",,,95-85-2,202-458-9,,,,,,0
II,1219,1220,0,active,▼B,,97,"4-Hydroxyindole, when used as a substance in
hair dye products",,,2380-94-1,219-177-2,,,,,,0
II,1220,1221,0,active,▼B,,97,"4-Methoxytoluene-2,5-Diamine and its HCl salt,
when used as a substance in hair dye products",,,56496-88-9,,,,,,,0
II,1221,1222,0,active,▼B,,97,"5-Amino-4-Fluoro-2-Methylphenol Sulfate, when
used as a substance in hair dye products",,,163183-01-5,,,,,,,0
II,1222,1223,0,active,▼B,,97,"N,N-Diethyl-m-Aminophenol, when used as a
substance in hair dye products",,,"91-68-9/
68239-84-9","202-090-9/
269-478-8",,,,,,0
II,1223,1224,0,active,▼B,,97,"N,N-Dimethyl-2,6-Pyridinediamine and its HCl
salt, when used as a substance in hair dye
products",,,—,,,,,,,0
II,1224,1225,0,active,▼B,,97,"N-Cyclopentyl-m-Aminophenol, when used as a
substance in hair dye products",,,104903-49-3,,,,,,,0
II,1225,1226,0,active,▼B,,97,"N-(2-Methoxyethyl)-p-phenylenediamine and its
HCl salt, when used as a substance in hair dye
products",,,"72584-59-9/
66566-48-1",276-723-2,,,,,,0
II,1226,1227,0,active,▼B,,97,"2,4-Diamino-5-methylphenetol and its HCl salt,
when used as a substance in hair dye products",,,113715-25-6,,,,,,,0
II,1227,1228,0,active,▼B,,97,"1,7-Naphthalenediol, when used as a substance
in hair dye products",,,575-38-2,209-383-0,,,,,,0
II,1228,1229,0,active,▼B,,97,"3,4-Diaminobenzoic acid, when used as a
substance in hair dye products",,,619-05-6,210-577-2,,,,,,0
II,1229,1230,0,active,▼B,,97,"2-Aminomethyl-p-aminophenol and its HCl salt,
when used as a substance in hair dye products",,,79352-72-0,,,,,,,0
II,1230,1231,0,active,▼B,,97,"Solvent Red 1 (CI 12150), when used as a
substance in hair dye products",,,1229-55-6,214-968-9,,,,,,0
II,1231,1232,0,active,▼B,,97,"Acid Orange 24 (CI 20170), when used as a
substance in hair dye products",,,1320-07-6,215-296-9,,,,,,0
II,1232,1233,0,active,▼B,,97,"Acid Red 73 (CI 27290), when used as a
substance in hair dye products",,,5413-75-2,226-502-1,,,,,,0
II,1233,1234,0,active,▼B,,97,"PEG-3,2′,2′-di-p-Phenylenediamine",,,144644-13-3,,,,,,,0
II,1234,1235,0,active,▼B,,97,6-Nitro-o-Toluidine,,,570-24-1,209-329-6,,,,,,0
II,1235,1236,0,active,▼B,,97,HC Yellow No 11,,,73388-54-2,,,,,,,0
II,1236,1237,0,active,▼B,,98,HC Orange No 3,,,81612-54-6,,,,,,,0
II,1237,1238,0,active,▼B,,98,HC Green No 1,,,52136-25-1,257-687-7,,,,,,0
II,1238,1239,0,active,▼B,,98,HC Red No 8 and its salts,,,"13556-29-1/
97404-14-3",- / 306-778-0,,,,,,0
II,1239,1240,0,active,▼B,,98,Tetrahydro-6-nitroquinoxaline and its salts,,,"158006-54-3/
41959-35-7/
73855-45-5",,,,,,,0
II,1240,1241,0,active,▼B,,98,"Disperse Red 15, except as impurity in Disperse
Violet 1",,,116-85-8,204-163-0,,,,,,0
II,1241,1242,0,active,▼B,,98,4-Amino-3-fluorophenol,,,399-95-1,402-230-0,,,,,,0
II,1242,1243,0,active,▼B,,98,"N,N′-dihexadecyl-N,N′-bis(2-hydroxyethyl)
propanediamide
Bishydroxyethyl Biscetyl Malonamide",,,149591-38-8,422-560-9,,,,,,0
II,1243,1244,0,active,▼B,,98,"1-Methyl-2,4,5-trihydroxybenzene and its salts,
when used as a substance in hair dye products",,,1124-09-0,214-390-7,,,,,,0
II,1244,1245,0,active,▼B,,98,"2,6-Dihydroxy-4-methylpyridine and its salts,
when used as a substance in hair dye products",,,4664-16-8,225-108-7,,,,,,0
II,1245,1246,0,active,▼B,,98,"5-Hydroxy-1,4-benzodioxane and its salts, when
used as a substance in hair dye products",,,10288-36-5,233-639-0,,,,,,0
II,1246,1247,0,active,▼B,,98,"3,4-Methylenedioxyphenol and its salts, when
used as a substance in hair dye products",,,533-31-3,208-561-5,,,,,,0
II,1247,1248,0,active,▼B,,98,"3,4-Methylenedioxyaniline and its salts, when
used as a substance in hair dye products",,,14268-66-7,238-161-6,,,,,,0
II,1248,1249,0,active,▼B,,98,"Hydroxypyridinone and its salts, when used as a
substance in hair dye products",,,822-89-9,212-506-0,,,,,,0
II,1249,1250,0,active,▼B,,98,"3-Nitro-4-aminophenoxyethanol and its salts,
when used as a substance in hair dye products",,,50982-74-6,,,,,,,0
II,1250,1251,0,active,▼B,,98,"2-methoxy-4-nitrophenol (4-Nitroguaiacol) and
its salts, when used as a substance in hair dye
products",,,3251-56-7,221-839-0,,,,,,0
II,1251,1252,0,active,▼B,,98,"CI Acid Black 131 and its salts, when used as a
substance in hair dye products",,,12219-01-1,,,,,,,0
II,1252,1253,0,active,▼B,,98,"1,3,5-Trihydroxybenzene (Phloroglucinol) and its
salts, when used as a substance in hair dye
products",,,108-73-6,203-611-2,,,,,,0
II,1253,1254,0,active,▼B,,99,"1,2,4-Benzenetriacetate and its salts, when used
as a substance in hair dye products",,,613-03-6,210-327-2,,,,,,0
II,1254,1255,0,active,▼B,,99,"Ethanol, 2,2'-iminobis-, reaction products with
epichlorohydrin and 2-nitro-1,4-benzenediamine
(HC Blue No. 5) and its salts, when used as a
substance in hair dye products",,,"68478-64-8/
158571-58-5",,,,,,,0
II,1255,1256,0,active,▼B,,99,"N-Methyl-1,4-diaminoanthraquinone, reaction
products with epichlorohydrin and monoethanolamine (HC Blue No. 4) and its salts, when used
as a substance in hair dye products",,,158571-57-4,,,,,,,0
II,1256,1257,0,active,▼B,,99,"4-Aminobenzenesulfonic acid (Sulfanilic acid)
and its salts, when used as a substance in hair
dye products",,,"121-57-3/
515-74-2","204-482-5/
208-208-5",,,,,,0
II,1257,1258,0,active,▼B,,99,"3,3'-(Sulfonylbis(2-nitro-4,1-phenylene)imino)bis
(6-(phenylamino)) benzenesulfonic acid and its
salts, when used as a substance in hair dye
products",,,6373-79-1,228-922-0,,,,,,0
II,1258,1259,0,active,▼B,,99,"3(or5)-((4-(Benzylmethylamino)phenyl)azo)-1,2-
(or1,4)-dimethyl-1H-1,2,4-triazolium and its
salts, when used as a substance in hair dye
products",,,"89959-98-8/
12221-69-1",289-660-0,,,,,,0
II,1259,1260,0,active,▼B,,99,"2,2'-((3-Chloro-4-((2,6-dichloro-4-nitrophenyl)
azo)phenyl)imino)bisethanol (Disperse Brown 1)
and its salts, when used as a substance in hair
dye products",,,23355-64-8,245-604-7,,,,,,0
II,1260,1261,0,active,▼B,,99,"Benzothiazolium, 2-[[4-[ethyl(2-hydroxyethyl)
amino]phenyl]azo]-6-methoxy-3-methyl-, and its
salts, when used as a substance in hair dye
products",,,12270-13-2,235-546-0,,,,,,0
II,1261,1262,0,active,▼B,,99,"2-[(4-Chloro-2-nitrophenyl)azo]-N-(2-methoxyphenyl)-3-oxobutanamide (Pigment Yellow 73)
and its salts, when used as a substance in hair
dye products",,,13515-40-7,236-852-7,,,,,,0
II,1262,1263,0,active,▼B,,99,"2,2'-[(3,3'-Dichloro[1,1'-biphenyl]-4,4'-diyl)bis
(azo)]bis[3-oxo-N-phenylbutanamide] (Pigment
Yellow 12) and its salts, when used as a
substance in hair dye products",,,6358-85-6,228-787-8,,,,,,0
II,1263,1264,0,active,▼B,,99,"2,2'-(1,2-Ethenediyl)bis[5-((4-ethoxyphenyl)azo]
benzenesulfonic acid) and its salts, when used as
a substance in hair dye products",,,2870-32-8,220-698-2,,,,,,0
II,1264,1265,0,active,▼B,,99,"2,3-Dihydro-2,2-dimethyl-6-[(4-(phenylazo)-1-
naphthalenyl)azo]-1H-pyrimidine (Solvent Black
3) and its salts, when used as a substance in hair
dye products",,,4197-25-5,224-087-1,,,,,,0
II,1265,1266,0,active,▼B,,100,"3(or5)-[[4-[(7-amino-1-hydroxy-3-sulphonato-2-
naphthyl)azo]-1-naphthyl]azo]salicylic acid and
its salts, when used as a substance in hair dye
products",,,"3442-21-5/
34977-63-4","222-351-0/
252-305-5",,,,,,0
II,1266,1267,0,active,▼B,,100,"2-Naphthalenesulfonic acid, 7-(benzoylamino)-4-
hydroxy-3-[[4-[(4-sulfophenyl)azo]phenyl]azo]-,
and its salts, when used as a substance in hair
dye products",,,2610-11-9,220-028-9,,,,,,0
II,1267,1268,0,active,▼B,,100,"(μ-((7,7'-Iminobis(4-hydroxy-3-((2-hydroxy-5-
(N-methylsulphamoyl)phenyl)azo)naphthalene-2-
sulphonato))(6-)))dicuprate(2-) and its salts,
when used as a substance in hair dye products",,,37279-54-2,253-441-8,,,,,,0
II,1268,1269,0,active,▼B,,100,"3-[(4-(Acetylamino)phenyl)azo]-4-hydroxy-7-
[[[[5-hydroxy-6-(phenylazo)-7-sulfo-2-naphthalenyl]amino]carbonyl]amino]-2-naphthalenesulfonic acid and its salts, when used as a
substance in hair dye products",,,3441-14-3,222-348-4,,,,,,0
II,1269,1270,0,active,▼B,,100,"2-Naphthalenesulfonic acid, 7,7'-(carbonyldiimino)bis(4-hydroxy-3-[[2-sulfo-4-[(4-sulfophenyl)azo]phenyl]azo]-, and its salts, when used
as a substance in hair dye products",,,"2610-10-8/
25188-41-4",220-027-3,,,,,,0
II,1270,1271,0,active,▼B,,100,"Ethanaminium, N-(4-[bis[4-(diethylamino)
phenyl]methylene]-2,5-cyclohexadien-1-ylidene)-
N-ethyl-, and its salts, when used as a substance
in hair dye products",,,2390-59-2,219-231-5,,,,,,0
II,1271,1272,0,active,▼B,,100,"3H-Indolium, 2-[[(4-methoxyphenyl)methylhydrazono]methyl]-1,3,3-trimethyl-, and its salts,
when used as a substance in hair dye products",,,54060-92-3,258-946-7,,,,,,0
II,1272,1273,0,active,▼B,,100,"3H-Indolium, 2-(2-((2,4-dimethoxyphenyl)
amino)ethenyl)-1,3,3-trimethyl-, and its salts,
when used as a substance in hair dye products",,,4208-80-4,224-132-5,,,,,,0
II,1273,1274,0,active,▼B,,100,"Nigrosine spirit soluble (Solvent Black 5), when
used as a substance in hair dye products",,,11099-03-9,,,,,,,0
II,1274,1275,0,active,▼B,,100,"Phenoxazin-5-ium, 3,7-bis(diethylamino)-, and
its salts, when used as a substance in hair dye
products",,,"47367-75-9/
33203-82-6",251-403-5,,,,,,0
II,1275,1276,0,active,▼B,,100,"Benzo[a]phenoxazin-7-ium, 9-(dimethylamino)-,
and its salts, when used as a substance in hair
dye products",,,"7057-57-0/
966-62-1","230-338-6/
213-524-1",,,,,,0
II,1276,1277,0,active,▼B,,100,"6-Amino-2-(2,4-dimethylphenyl)-1H-benz[de]
isoquinoline-1,3(2H)-dione (Solvent Yellow 44)
and its salts, when used as a substance in hair
dye products",,,2478-20-8,219-607-9,,,,,,0
II,1277,1278,0,active,▼B,,101,"1-Amino-4-[[4-[(dimethylamino)methyl]phenyl]
amino]anthraquinone and its salts, when used as
a substance in hair dye products",,,"67905-56-0/
12217-43-5","267-677-4/
235-398-7",,,,,,0
II,1278,1279,0,active,▼B,,101,"Laccaic Acid (CI Natural Red 25) and its salts,
when used as a substance in hair dye products",,,60687-93-6,,,,,,,0
II,1279,1280,0,active,▼B,,101,"Benzenesulfonic acid, 5-[(2,4-dinitrophenyl)
amino]-2-(phenylamino)-, and its salts, when
used as a substance in hair dye products",,,"6373-74-6/
15347-52-1","228-921-5/
239-377-3",,,,,,0
II,1280,1281,0,active,▼B,,101,"4-[(4-Nitrophenyl)azo]aniline (Disperse Orange
3) and its salts, when used as a substance in hair
dye products",,,"730-40-5/
70170-61-5",211-984-8,,,,,,0
II,1281,1282,0,active,▼B,,101,"4-Nitro-m-phenylenediamine and its salts, when
used as a substance in hair dye products",,,5131-58-8,225-876-3,,,,,,0
II,1282,1283,0,active,▼B,,101,"1-Amino-4-(methylamino)-9,10-anthracenedione
(Disperse Violet 4) and its salts, when used as a
substance in hair dye products",,,1220-94-6,214-944-8,,,,,,0
II,1283,1284,0,active,▼B,,101,"N-Methyl-3-nitro-p-phenylenediamine and its
salts, when used as a substance in hair dye
products",,,2973-21-9,221-014-5,,,,,,0
II,1284,1285,0,active,▼B,,101,"N1-(2-Hydroxyethyl)-4-nitro-o-phenylenediamine (HC Yellow No. 5) and its salts, when
used as a substance in hair dye products",,,56932-44-6,260-450-0,,,,,,0
II,1285,1286,0,active,▼B,,101,"N1-(Tris(hydroxymethyl))methyl-4-nitro-1,2-
phenylenediamine (HC Yellow No. 3) and its
salts, when used as a substance in hair dye
products",,,56932-45-7,260-451-6,,,,,,0
II,1286,1287,0,active,▼B,,101,"2-Nitro-N-hydroxyethyl-p-anisidine and its salts,
when used as a substance in hair dye products",,,57524-53-5,,,,,,,0
II,1287,1288,0,active,▼B,,101,"N,N'-Dimethyl-N-Hydroxyethyl-3-nitro-p-phenylenediamine and its salts, when used as a
substance in hair dye products",,,10228-03-2,233-549-1,,,,,,0
II,1288,1289,0,active,▼B,,101,"3-(N-Methyl-N-(4-methylamino-3-nitrophenyl)
amino)propane-1,2-diol and its salts, when used
as a substance in hair dye products",,,93633-79-5,403-440-5,,,,,,0
II,1289,1290,0,active,▼B,,101,"4-Ethylamino-3-nitrobenzoic acid (N-Ethyl-3-
Nitro PABA) and its salts, when used as a
substance in hair dye products",,,2788-74-1,412-090-2,,,,,,0
II,1290,1291,0,active,▼B,,102,"(8-[(4-Amino-2-nitrophenyl)azo]-7-hydroxy-2-
naphthyl)trimethylammonium and its salts,
except Basic Red 118 (CAS 71134-97-9) as
impurity in Basic Brown 17, when used as a
substance in hair dye products",,,71134-97-9,275-216-3,,,,,,0
II,1291,1292,0,active,▼B,,102,"5-((4-(Dimethylamino)phenyl)azo)-1,4-dimethyl-
1H-1,2,4-triazolium and its salts, when used as a
substance in hair dye products",,,12221-52-2,,,,,,,0
II,1292,1293,0,active,▼B,,102,"m-Phenylenediamine, 4-(phenylazo)-, and its
salts, when used as a substance in hair dye
products",,,495-54-5,207-803-7,,,,,,0
II,1293,1294,0,active,▼B,,102,"1,3-Benzenediamine, 4-methyl-6-(phenylazo)-
and its salts, when used as a substance in hair
dye products",,,4438-16-8,224-654-3,,,,,,0
II,1294,1295,0,active,▼B,,102,"2,7-Naphthalenedisulfonic acid, 5-(acetylamino)-
4-hydroxy-3-((2-methylphenyl)azo)-, and its
salts, when used as a substance in hair dye
products",,,6441-93-6,229-231-7,,,,,,0
II,1295,1296,0,active,▼B,,102,"4,4'-[(4-Methyl-1,3-phenylene)bis(azo)]bis[6-
methyl-1,3-benzenediamine] (Basic Brown 4)
and its salts, when used as a substance in hair
dye products",,,4482-25-1,224-764-1,,,,,,0
II,1296,1297,0,active,▼B,,102,"Benzenaminium, 3-[[4-[[diamino(phenylazo)
phenyl]azo]-2-methylphenyl]azo]-N,N,N-
trimethyl-, and its salts, when used as a
substance in hair dye products",,,83803-99-0,280-920-9,,,,,,0
II,1297,1298,0,active,▼B,,102,"Benzenaminium, 3-[[4-[[diamino(phenylazo)
phenyl]azo]-1-naphthalenyl]azo]-N,N,N-
trimethyl-, and its salts, when used as a
substance in hair dye products",,,83803-98-9,280-919-3,,,,,,0
II,1298,1299,0,active,▼B,,102,"Ethanaminium, N-[4-[(4-(diethylamino)phenyl)
phenylmethylene]-2,5-cyclohexadien-1-ylidene]-
N-ethyl- and its salts, when used as a substance
in hair dye products",,,633-03-4,211-190-1,,,,,,0
II,1299,1300,0,active,▼B,,102,"9,10-Anthracenedione, 1-[(2-hydroxyethyl)
amino]-4-(methylamino)-, and its derivatives and
salts, when used as a substance in hair dye
products",,,"2475-46-9/
86722-66-9","219-604-2/
289-276-3",,,,,,0
II,1300,1301,0,active,▼B,,102,"1,4-Diamino-2-methoxy-9,10-anthracenedione
(Disperse Red 11) and its salts, when used as a
substance in hair dye products",,,2872-48-2,220-703-8,,,,,,0
II,1301,1302,0,active,▼B,,102,"1,4-Dihydroxy-5,8-bis[(2-hydroxyethyl)amino]
anthraquinone (Disperse Blue 7) and its salts,
when used as a substance in hair dye products",,,3179-90-6,221-666-0,,,,,,0
II,1302,1303,0,active,▼B,,102,"1-[(3-Aminopropyl)amino]-4-(methylamino)
anthraquinone and its salts, when used as a
substance in hair dye products",,,22366-99-0,244-938-0,,,,,,0
II,1303,1304,0,active,▼B,,103,"N-[6-[(2-Chloro-4-hydroxyphenyl)imino]-4-
methoxy-3-oxo-1,4-cyclohexadien-1-yl]
acetamide (HC Yellow No. 8) and its salts, when
used as a substance in hair dye products",,,66612-11-1,266-424-5,,,,,,0
II,1304,1305,0,active,▼B,,103,"[6-[[3-Chloro-4-(methylamino)phenyl]imino]-4-
methyl-3-oxocyclohexa-1,4-dien-1-yl]urea (HC
Red No. 9) and its salts, when used as a
substance in hair dye products",,,56330-88-2,260-116-4,,,,,,0
II,1305,1306,0,active,▼B,,103,"Phenothiazin-5-ium, 3,7-bis(dimethylamino)-,
and its salts, when used as a substance in hair
dye products",,,61-73-4,200-515-2,,,,,,0
II,1306,1307,0,active,▼B,,103,"4,6-Bis(2-Hydroxyethoxy)-m-Phenylenediamine
and its salts, when used as a substance in hair
dye products",,,94082-85-6,,,,,,,0
II,1307,1308,0,active,▼B,,103,"5-Amino-2,6-Dimethoxy-3-Hydroxypyridine and
its salts, when used as a substance in hair dye
products",,,104333-03-1,,,,,,,0
II,1308,1309,0,active,▼B,,103,"4,4'-Diaminodiphenylamine and its salts, when
used as a substance in hair dye products",,,537-65-5,208-673-4,,,,,,0
II,1309,1310,0,active,▼B,,103,"4-Diethylamino-o-toluidine and its salts, when
used as a substance in hair dye products",,,"148-71-0/
24828-38-4/
2051-79-8","205-722-1/
246-484-9/
218-130-3",,,,,,0
II,1310,1311,0,active,▼B,,103,"N,N-Diethyl-p-phenylenediamine and its salts,
when used as a substance in hair dye products",,,"93-05-0/
6065-27-6/
6283-63-2","202-214-1/
227-995-6/
228-500-6",,,,,,0
II,1311,1312,0,active,▼B,,103,"N,N-Dimethyl-p-phenylenediamine and its salts,
when used as a substance in hair dye products",,,"99-98-9/
6219-73-4","202-807-5/
228-292-7",,,,,,0
II,1312,1313,0,active,▼B,,103,"Toluene-3,4-Diamine and its salts, when used as
a substance in hair dye products",,,496-72-0,207-826-2,,,,,,0
II,1313,1314,0,active,▼B,,103,"2,4-Diamino-5-methylphenoxyethanol and its
salts, when used as a substance in hair dye
products",,,"141614-05-3/
113715-27-8",,,,,,,0
II,1314,1315,0,active,▼B,,103,"6-Amino-o-cresol and its salts, when used as a
substance in hair dye products",,,17672-22-9,,,,,,,0
II,1315,1316,0,active,▼B,,103,"Hydroxyethylaminomethyl-p-aminophenol and
its salts, when used as a substance in hair dye
products",,,"110952-46-0/
135043-63-9",,,,,,,0
II,1316,1317,0,active,▼B,,103,"2-Amino-3-nitrophenol and its salts, when used
as a substance in hair dye products",,,603-85-0,210-060-1,,,,,,0
II,1317,1318,0,active,▼B,,103,"2-Chloro-5-nitro-N-hydroxyethyl-p-phenylenediamine and its salts, when used as a substance
in hair dye products",,,50610-28-1,256-652-3,,,,,,0
II,1318,1319,0,active,▼B,,103,"2-Nitro-p-phenylenediamine and its salts, when
used as a substance in hair dye products",,,"5307-14-2/
18266-52-9","226-164-5/
242-144-9",,,,,,0
II,1319,1320,0,active,▼B,,104,"Hydroxyethyl-2,6-dinitro-p-anisidine and its
salts, when used as a substance in hair dye
products",,,122252-11-3,,,,,,,0
II,1320,1321,0,active,▼B,,104,"6-Nitro-2,5-pyridinediamine and its salts, when
used as a substance in hair dye products",,,69825-83-8,,,,,,,0
II,1321,1322,0,active,▼B,,104,"Phenazinium, 3,7-diamino-2,8-dimethyl-5-
phenyl-, and its salts, when used as a substance
in hair dye products",,,477-73-6,207-518-8,,,,,,0
II,1322,1323,0,active,▼B,,104,"3-Hydroxy-4-[(2-hydroxynaphthyl)azo]-7-nitronaphthalene-1-sulphonic acid and its salts, when
used as a substance in hair dye products",,,"16279-54-2/
5610-64-0","240-379-1/
227-029-3",,,,,,0
II,1323,1324,0,active,▼B,,104,"3-[(2-nitro-4-(trifluoromethyl)phenyl)amino]
propane-1,2-diol (HC Yellow No. 6) and its
salts, when used as a substance in hair dye
products",,,104333-00-8,,,,,,,0
II,1324,1325,0,active,▼B,,104,"2-[(4-chloro-2-nitrophenyl)amino]ethanol (HC
Yellow No. 12) and its salts, when used as a
substance in hair dye products",,,59320-13-7,,,,,,,0
II,1325,1326,0,active,▼B,,104,"3-[[4-[(2-Hydroxyethyl)Methylamino]-2-Nitrophenyl]Amino]-1,2-Propanediol and its salts,
when used as a substance in hair dye products",,,"173994-75-7/
102767-27-1",,,,,,,0
II,1326,1327,0,active,▼B,,104,"3-[[4-[Ethyl(2-Hydroxyethyl)Amino]-2-Nitrophenyl]Amino]-1,2-Propanediol and its salts,
when used as a substance in hair dye products",,,"114087-41-1/
114087-42-2",,,,,,,0
II,1327,1328,0,active,▼B,,104,"Ethanaminium, N-[4-[[4-(diethylamino)phenyl]
[4-(ethylamino)-1-naphthalenyl]methylene]-2,5-
cyclohexadien-1-ylidene]-N-ethyl-, and its salts,
when used as a substance in hair dye products",,,2390-60-5,219-232-0,,,,,,0
II,1328,1329,0,active,▼M1,,104,"4-[(4-Aminophenyl)(4-iminocyclohexa-2,5-dien-
1-ylidene)methyl]-o-toluidine and its hydrochloride salt (Basic Violet 14; CI 42510) when
used as a substance in hair dye products",,,"3248-93-9 /
632-99-5
(HCl)","221-832-2 /
211-189-6
(HCl)",,,,,,0
II,1329,1330,0,active,▼M1,,104,"4-(2,4-Dihydroxyphenylazo)benzensulphonic
acid and its sodium salt (Acid Orange 6; CI
14270) when used as substance in hair dye
products",,,"2050-34-2 /
547-57-9
(Na)","218-087-0 /
208-924-8
(Na)",,,,,,0
II,1330,1331,0,active,▼M1,,105,"3-Hydroxy-4-(phenylazo)-2-naphthoic acid and
its calcium salt (Pigment Red 64:1; CI 15800)
when used as a substance in hair dye products",,,"27757-79-5 /
6371-76-2
(Ca)","248-638-0 /
228-899-7
(Ca)",,,,,,0
II,1331,1332,0,active,▼M1,,105,"2-(6-Hydroxy-3-oxo-(3H)xanthen-9-yl)benzoic
acid; Fluorescein and its disodium salt (Acid
Yellow 73 sodium salt; CI 45350) when used as
a substance in hair dye products",,,"2321-07-5 /
518-47-8
(Na)","219-031-8 /
208-253-0
(Na)",,,,,,0
II,1332,1333,0,active,▼M1,,105,"4′,5′-Dibromo-3′,6′-dihydroxyspiro[isobenzofuran-1(3H),9′-[9H]xanthene]-3-one; 4′,5′-Dibromofluorescein; (Solvent Red 72) and its
disodium salt (CI 45370) when used as a
substance in hair dye products",,,"596-03-2 /
4372-02-5
(Na)","209-876-0 /
224-468-2
(Na)",,,,,,0
II,1333,1334,0,active,▼M1,,105,"2-(3,6-Dihydroxy-2,4,5,7-tetrabromoxanthen-9-
yl)benzoic acid; Fluorescein, 2′,4′,5′,7′-tetrabromo-; (Solvent Red 43), its disodium salt
(Acid Red 87; CI 45380) and its aluminium salt
(Pigment Red 90:1 Aluminium lake) when used
as a substance in hair dye products",,,"15086-94-9 /
17372-87-1
(Na) / 15876-
39-8 (Al)","239-138-3 /
241-409-6
(Na) / 240-
005-7 (Al)",,,,,,0
II,1334,1335,0,active,▼M1,,105,"Xanthylium, 9-(2-carboxyphenyl)-3-((2-methylphenyl)amino)-6-((2-methyl-4-sulfophenyl)
amino)-, inner salt and its sodium salt (Acid
Violet 9; CI 45190) when used as a substance in
hair dye products",,,"10213-95-3 /
6252-76-2
(Na)","— / 228-377-
9 (Na)",,,,,,0
II,1335,1336,0,active,▼M1,,105,"3′,6′-Dihydroxy-4′,5′-diiodospiro(isobenzofuran-
1(3H),9′-[9H]xanthene)-3-one; (Solvent Red 73)
and its sodium salt (Acid Red 95; CI 45425)
when used as a substance in hair dye products",,,"38577-97-8 /
33239-19-9
(Na)","254-010-7 /
251-419-2
(Na)",,,,,,0
II,1336,1337,0,active,▼M1,,105,"2′,4′,5′,7′-Tetraiodofluorescein, its disodium salt
(Acid Red 51; CI 45430) and its aluminium salt
(Pigment Red 172 Aluminium lake) when used
as a substance in hair dye products",,,"15905-32-5 /
16423-68-0
(Na) / 12227-
78-0 (Al)","240-046-0 /
240-474-8
(Na) / 235-
440-4 (Al)",,,,,,0
II,1337,1338,0,active,▼M1,,105,"1-Hydroxy-2,4-diaminobenzene (2,4-Diaminophenol) and its dihydrochloride salts (2,4-Diaminophenol HCl) when used as a substance in hair
dye products",,,"95-86-3 /
137-09-7
(HCl)","202-459-4 /
205-279-4
(HCl)",,,,,,0
II,1338,1339,0,active,▼M1,,105,"1,4-Dihydroxybenzene (Hydroquinone), with the
exception of entry 14 in Annex III",,,123-31-9,204-617-8,,,,,,0
II,1339,1340,0,active,▼M1,,105,"[4-[[4-Anilino-1-naphthyl][4-(dimethylamino)
phenyl]methylene]cyclohexa-2,5-dien-1-ylidene]
dimethylammonium chloride (Basic Blue 26; CI
44045) when used as a substance in hair dye
products",,,2580-56-5,219-943-6,,,,,,0
II,1340,1341,0,active,▼M1,,105,"Disodium 3-[(2,4-dimethyl-5-sulphonatophenyl)
azo]-4-hydroxynaphthalene-1-sulphonate
(Ponceau SX; CI 14700) when used as a
substance in hair dye products",,,4548-53-2,224-909-9,,,,,,0
II,1341,1342,0,active,▼M1,,106,"Trisodium tris[5,6-dihydro-5-(hydroxyimino)-6-
oxonaphthalene-2-sulphonato(2-)- N5,O6]ferrate
(3-); (Acid Green 1; CI 10020) when used as a
substance in hair dye products",,,19381-50-1,243-010-2,,,,,,0
II,1342,1343,0,active,▼M1,,106,"4-(Phenylazo)resorcinol (Solvent Orange 1; CI
11920) and its salts when used as a substance in
hair dye products",,,2051-85-6,218-131-9,,,,,,0
II,1343,1344,0,active,▼M1,,106,"4-[(4-Ethoxyphenyl)azo]naphthol (Solvent Red
3; CI 12010) and its salts when used as a
substance in hair dye products",,,6535-42-8,229-439-8,,,,,,0
II,1344,1345,0,active,▼M1,,106,"1-[(2-Chloro-4-nitrophenyl)azo]-2-naphthol
(Pigment Red 4; CI 12085) and its salts when
used as a substance in hair dye products",,,2814-77-9,220-562-2,,,,,,0
II,1345,1346,0,active,▼M1,,106,"3-Hydroxy-N-(o-tolyl)-4-[(2,4,5-trichlorophenyl)
azo]naphthalene-2-carboxamide (Pigment Red
112; CI 12370) and its salts when used as a
substance in hair dye products",,,6535-46-2,229-440-3,,,,,,0
II,1346,1347,0,active,▼M1,,106,"N-(5-Chloro-2,4-dimethoxyphenyl)-4-[[5-[(diethylamino)sulphonyl]-2-methoxyphenyl]azo]-3-
hydroxynaphthalene-2-carboxamide (Pigment
Red 5; CI 12490) and its salts when used as a
substance in hair dye products",,,6410-41-9,229-107-2,,,,,,0
II,1347,1348,0,active,▼M1,,106,"Disodium 4-[(5-chloro-4-methyl-2-sulphonatophenyl)azo]-3-hydroxy-2-naphthoate (Pigment
Red 48; CI 15865) when used as a substance in
hair dye products",,,3564-21-4,222-642-2,,,,,,0
II,1348,1349,0,active,▼M1,,106,"Calcium 3-hydroxy-4-[(1-sulphonato-2-naphthyl)
azo]-2-naphthoate (Pigment Red 63:1; CI 15880)
when used as a substance in hair dye products",,,6417-83-0,229-142-3,,,,,,0
II,1349,1350,0,active,▼M1,,106,"Trisodium 3-hydroxy-4-(4′-sulphonatonaphthylazo)naphthalene-2,7-disulphonate (Acid Red
27; CI 16185) when used as a substance in hair
dye products",,,915-67-3,213-022-2,,,,,,0
II,1350,1351,0,active,▼M1,,106,"2,2′-[(3,3′-Dichloro[1,1′-biphenyl]-4,4′-diyl)bis
(azo)]bis[N-(2,4-dimethylphenyl)-3-oxobutyramide] (Pigment Yellow 13; CI 21100) when
used as a substance in hair dye products",,,5102-83-0,225-822-9,,,,,,0
II,1351,1352,0,active,▼M1,,106,"2,2′-[Cyclohexylidenebis[(2-methyl-4,1-
phenylene)azo]]bis[4-cyclohexylphenol] (Solvent
Yellow 29; CI 21230) when used as a substance
in hair dye products",,,6706-82-7,229-754-0,,,,,,0
II,1352,1353,0,active,▼M1,,106,"1-((4-Phenylazo)phenylazo)-2-naphthol (Solvent
Red 23; CI 26100) when used as a substance in
hair dye products",,,85-86-9,201-638-4,,,,,,0
II,1353,1354,0,active,▼M1,,107,"Tetrasodium 6-amino-4-hydroxy-3-[[7-
sulphonato-4-[(4-sulphonatophenyl)azo]-1-
naphthyl]azo]naphthalene-2,7-disulphonate
(Food Black 2; CI 27755) when used as a
substance in hair dye products",,,2118-39-0,218-326-9,,,,,,0
II,1354,1355,0,active,▼M1,,107,"Ethanaminium, N-(4-((4-diethylamino)phenyl)
(2,4-disulfophenyl)methylene)-2,5-cyclohexadien-1-ylidene)-N-ethyl-, hydroxide, inner salt,
sodium salt (Acid Blue 1; CI 42045) when used
as a substance in hair dye products",,,129-17-9,204-934-1,,,,,,0
II,1355,1356,0,active,▼M1,,107,"Ethanaminium, N-(4-((4-diethylamino)phenyl)(5-
hydroxy-2,4-disulfophenyl)methylene)-2,5-cyclohexadien-1-ylidene)-N-ethyl-, hydroxide, inner
salt, calcium salt (2:1) (Acid Blue 3; CI 42051)
when used as a substance in hair dye products",,,3536-49-0,222-573-8,,,,,,0
II,1356,1357,0,active,▼M1,,107,"Benzenemethanaminium, N-ethyl-N-(4-((4-(ethyl
((3-sulfophenyl)methyl)amino)phenyl)(4-
hydroxy-2-sulfophenyl)methylene)-2,5-cyclohexadien-1-ylidene)-3-sulfo-, hydroxide, inner salt,
disodium salt (Fast Green FCF; CI 42053) when
used as a substance in hair dye products",,,2353-45-9,219-091-5,,,,,,0
II,1357,1358,0,active,▼M1,,107,"1,3-Isobenzofurandione, reaction products with
methylquinoline and quinoline (Solvent Yellow
33; CI 47000) when used as a substance in hair
dye products",,,8003-22-3,232-318-2,,,,,,0
II,1358,1359,0,active,▼M1,,107,"Nigrosine (CI 50420) when used as a substance
in hair dye products",,,8005-03-6,—,,,,,,0
II,1359,1360,0,active,▼M1,,107,"8,18-Dichloro-5,15-diethyl-5,15-dihydrodiindolo
[3,2-b:3′,2′-m]triphenodioxazine (Pigment Violet
23; CI 51319) when used as a substance in hair
dye products",,,6358-30-1,228-767-9,,,,,,0
II,1360,1361,0,active,▼M1,,107,"1,2-Dihydroxyanthraquinone (Pigment Red 83;
CI 58000) when used as a substance in hair dye
products",,,72-48-0,200-782-5,,,,,,0
II,1361,1362,0,active,▼M1,,107,"Trisodium 8-hydroxypyrene-1,3,6-trisulphonate
(Solvent Green 7; CI 59040) when used as a
substance in hair dye products",,,6358-69-6,228-783-6,,,,,,0
II,1362,1363,0,active,▼M1,,107,"1-Hydroxy-4-(p-toluidino)anthraquinone (Solvent
Violet 13; CI 60725) when used as a substance
in hair dye products",,,81-48-1,201-353-5,,,,,,0
II,1363,1364,0,active,▼M1,,107,"1,4-bis(p-Tolylamino)anthraquinone (Solvent
Green 3; CI 61565) when used as a substance in
hair dye products",,,128-80-3,204-909-5,,,,,,0
II,1364,1365,0,active,▼M1,,107,"6-Chloro-2-(6-chloro-4-methyl-3-oxobenzo[b]
thien-2(3H)-ylidene)-4-methylbenzo[b]
thiophene-3(2H)-one (VAT Red 1; CI 73360)
when used as a substance in hair dye products",,,2379-74-0,219-163-6,,,,,,0
II,1365,1366,0,active,▼M1,,108,"5,12-Dihydroquino[2,3-b]acridine-7,14-dione
(Pigment Violet 19; CI 73900) when used as a
substance in hair dye products",,,1047-16-1,213-879-2,,,,,,0
II,1366,1367,0,active,▼M1,,108,"(29H,31H-Phthalocyaninato(2-)- N29,N30,N31,
N32)copper (Pigment Blue 15; CI 74160) when
used as a substance in hair dye products",,,147-14-8,205-685-1,,,,,,0
II,1367,1368,0,active,▼M1,,108,"Disodium [29H,31H-phthalocyaninedisulphonato
(4-)- N29,N30,N31,N32]cuprate(2-) (Direct Blue
86; CI 74180) when used as a substance in hair
dye products",,,1330-38-7,215-537-8,,,,,,0
II,1368,1369,0,active,▼M1,,108,"Polychloro copper phthalocyanine (Pigment
Green 7; CI 74260) when used as a substance in
hair dye products",,,1328-53-6,215-524-7,,,,,,0
II,1369,1370,0,active,▼M1,,108,"Diethylene glycol (DEG); 2,2′-oxydiethanol for
traces level, see Annex III",,,111-46-6,203-872-2,,,,,,0
II,1370,1371,0,active,▼M1,,108,Phytonadione [INCI] / phytomenadione [INN],,,"84-80-0 /
81818-54-4","201-564-2 /
279-833-9",,,,,,0
II,1371,1372,0,active,▼M1,,108,"2-Aminophenol (o-Aminophenol; CI 76520) and
its salts",,,"95-55-6 /
67845-79-8 /
51-19-4","202-431-1 /
267-335-4",,,,,,0
II,1372,1373,0,active,▼M3,,108,"N-(2-Nitro-4-aminophenyl)-allylamine (HC Red
No 16) and its salts",,,160219-76-1,,,,,,,0
II,1373,1374,0,active,▼M5,,108,"Isopropyl 4-hydroxybenzoate (INCI: Isopropylparaben)
Sodium salt or Salts of Isopropylparaben",,,4191-73-5,224-069-3,,,,,,0
II,1374,1375,0,active,▼M5,,108,"Isobutyl 4-hydroxybenzoate (INCI: Isobutylparaben)
Sodium salt or Salts of Isobutylparaben",,,"4247-02-3
84930-15-4","224-208-8
284-595-4",,,,,,0
II,1375,1376,0,active,▼M5,,108,Phenyl 4-hydroxybenzoate (INCI: Phenylparaben),,,17696-62-7,241-698-9,,,,,,0
II,1376,1377,0,active,▼M5,,108,Benzyl 4-hydroxybenzoate (INCI: Benzylparaben),,,94-18-8,,,,,,,0
II,1377,1378,0,active,▼M5,,108,Pentyl 4-hydroxybenzoate (INCI: Pentylparaben),,,6521-29-5,229-408-9,,,,,,0
II,1378,1379,0,active,▼M10,,108,3-Benzylidene Camphor,,,15087-24-8,239-139-9,,,,,,0
II,1379,1380,0,active,▼M23,,108,"3- and 4-(4-Hydroxy-4-methylpentyl) cyclohex-
3-ene-1-carbaldehyde (HICC) (6)",,,"51414-25-6/
31906-04-4/","257-187-9/
250-863-4/",,,,,,0
II,1380,1381,0,active,▼M23,,108,"2,6-Dihydroxy-4-methyl-benzaldehyde (atranol)
(6)",,,526-37-4,—,,,,,,0
II,1381,1382,0,active,▼M23,,108,"3-Chloro-2,6-Dihydroxy-4-methyl-benzaldehyde
(chloroatranol) (6)",,,57074-21-2,—,,,,,,0
II,1382,1383,0,active,▼M27 ▼C5,,109,"Tagetes erecta flower extract (7)
Tagetes erecta flower oil (8)",,,"90131-43-4
90131-43-4","290-353-9
290-353-9/-",,,,,,0
II,1383,1384,0,active,▼M30,,109,"2-chlorobenzene-1,4-diamine (2-Chloro-p-
Phenylenediamine), its sulfate and dihydrochloride salts (9) when used as a substance in
hair dye products, including eyebrow dye
products, and eyelash dye products",,,"615-66-7
61702-44-1
(sulfate)
615-46-3
(dihydrochloride)","210-441-2
262-915-3
210-427-6",,,,,,0
II,1384,1385,0,active,▼M32,,109,"Cis-1-(3-chloroallyl)-3,5,7- triaza-1-azoniaadamantane chloride (cis-CTAC)",,,51229-78-8,426-020-3,,,,,,0
II,1385,1386,0,active,▼M32,,109,"Cis-1-(3-chlorallyl)-3,5,7-triaza-1-azoniaadamantane chloride (cis-CTAC), quaternium-15",,,51229-78-8,426-020-3,,,,,,0
II,1386,1387,0,active,▼M32,,109,2-Chloracetamide,,,79-07-2,201-174-2,,,,,,0
II,1387,1388,0,active,▼M32,,109,Octamethylcyclotetrasiloxane,,,556-67-2,209-136-7,,,,,,0
II,1388,1389,0,active,▼M32,,109,Dichloromethane; methylene chloride,,,75-09-2,200-838-9,,,,,,0
II,1389,1390,0,active,▼M32,,109,"2,2′-((3,3′,5,5′-Tetramethyl-(1,1′-biphenyl)-4,4′-
diyl)-bis(oxymethylene))-bis-oxirane",,,85954-11-6,413-900-7,,,,,,0
II,1390,1391,0,active,▼M32,,109,Acetaldehyde; ethanal,,,75-07-0,200-836-8,,,,,,0
II,1391,1392,0,active,▼M32,,109,"1-Cyclopropyl-6,7-difluoro-1,4-dihydro-4-
oxoquinoline-3-carboxylic acid",,,93107-30-3,413-760-7,,,,,,0
II,1392,1393,0,active,▼M32,,109,N-Methyl-2-pyrrolidone; 1-methyl-2-pyrrolidone,,,872-50-4,212-828-1,,,,,,0
II,1393,1394,0,active,▼M32,,109,Diboron trioxide; boric oxide,,,1303-86-2,215-125-8,,,,,,0
II,1394,1395,0,active,▼M32,,109,"Boric acid [1]
Boric acid [2]",,,"10043-35-3
[1]
11113-50-1
[2]","233-139-2 [1]
234-343-4 [2]",,,,,,0
II,1395,1396,0,active,▼M36 ▼C6,,"109,110","Borates, tetraborates, octaborates and boric acid
salts and esters, including:
Disodium octaborate anhydrous [1]
Disodium octaborate tetrahydrate [2]
2-Aminoethanol, monoester with boric acid [3]
2-Hydroxypropyl ammonium dihydrogen orthoborate [4]
Potassium borate, boric acid potassium salt [5]
Trioctyldodecyl borate [6]
Zinc borate [7]
Sodium borate, disodium tetraborate anhydrous;
boric acid, sodium salt [8]
Tetraboron disodium heptaoxide, hydrate [9]
Orthoboric acid, sodium salt [10]
Disodium tetraborate decahydrate; borax
decahydrate [11]
Disodium tetraborate pentahydrate; borax
pentahydrate [12]",,,"12008-41-2
[1]
12280-03-4
[2]
10377-81-8
[3]
68003-13-4
[4]
12712-38-8
[5]
- [6]
1332-07-6
[7]
1330-43-4
[8]
12267-73-1
[9]
13840-56-7
[10]
1303-96-4
[11]
12179-04-3
[12]","234-541-0 [1]
234-541-0 [2]
233-829-3 [3]
268-109-8 [4]
603-184-6 [5]
- [6]
215-566-6 [7]
215-540-4 [8]
235-541-3 [9]
237-560-2
[10]
215-540-4
[11]
215-540-4
[12]",,,,,,0
II,1396,1397,0,active,▼M53,,110,"Perboric acid (H3BO2(O2)), monosodium salt
trihydrate [1]
Perboric acid, sodium salt, tetrahydrate [2]
Perboric acid (HBO(O2)), sodium salt,
tetrahydrate [3]
Sodium peroxoborate, hexahydrate [4]
Sodium perborate [5]
Sodium peroxometaborate; sodium peroxoborate
[6]
Perboric acid, sodium salt [7]
Perboric acid, sodium salt, monohydrate [8]
Perboric acid (HBO(O2)), sodium salt,
monohydrate [9]
Trimethyl borate",,,"13517-20-9
[1]
37244-98-7
[2]
10486-00-7
[3]
— [4]
15120-21-5
[5]
7632-04-4/
10332-33-9/
10486-00-7
[6]
11138-47-9
[7]
12040-72-1
[8]
10332-33-9
[9]
121-43-7
[10]","239-172-9 [1]
234-390-0 [2]
— [3]
— [4]
239-172-9 [5]
231-556-4 [6]
234-390-0 [7]
234-390-0 [8]
— [9]
204-468-9
[10]",,,,,,0
II,1397,1398-1399,1,deleted,▼M53,,110,,,,,,,,,,,0
II,1398,1400,0,active,▼M32,,110,Dibutyltin hydrogen borate,,,75113-37-0,401-040-5,,,,,,0
II,1399,1401,0,active,▼M32,,110,Nickel bis(tetrafluoroborate),,,14708-14-6,238-753-4,,,,,,0
II,1400,1402,0,active,▼M32,,110,"Mancozeb (ISO); manganese ethylenebis
(dithiocarbamate) (polymeric) complex with zinc
salt",,,8018-01-7,616-995-5,,,,,,0
II,1401,1403,0,active,▼M32,,110,Maneb (ISO); manganese ethylenebis(dithiocarbamate) (polymeric),,,12427-38-2,235-654-8,,,,,,0
II,1402,1404,0,active,▼M32,,110,"Benfuracarb (ISO); ethyl N-[2,3-dihydro-2,2-
dimethylbenzofuran-7-yloxycarbonyl(methyl)
aminothio]-N-isopropyl- β-alaninate",,,82560-54-1,617-356-3,,,,,,0
II,1403,1405,0,active,▼M32,,111,O-Isobutyl-N-ethoxy carbonylthiocarbamate,,,103122-66-3,434-350-4,,,,,,0
II,1404,1406,0,active,▼M32,,111,Chlorpropham (ISO); isopropyl 3-chlorocarbanilate,,,101-21-3,202-925-7,,,,,,0
II,1405,1407,0,active,▼M32,,111,O-Hexyl-N-ethoxycarbonylthiocarbamate,,,109202-58-6,432-750-3,,,,,,0
II,1406,1408,0,active,▼M32,,111,Hydroxylammonium nitrate,,,13465-08-2,236-691-2,,,,,,0
II,1407,1409,0,active,▼M32,,111,"(4-Ethoxyphenyl)(3-(4-fluoro-3-phenoxyphenyl)
propyl)dimethylsilane",,,105024-66-6,405-020-7,,,,,,0
II,1408,1410,0,active,▼M32,,111,Phoxim (ISO); α-(diethoxy-phosphinothioylimino) phenylacetonitrile,,,14816-18-3,238-887-3,,,,,,0
II,1409,1411,0,active,▼M32,,111,"Glufosinate ammonium (ISO); ammonium 2-
amino-4-(hydroxymethylphosphinyl)butyrate",,,77182-82-2,278-636-5,,,,,,0
II,1410,1412,0,active,▼M32,,111,"Reaction mass of: dimethyl (2-(hydroxymethylcarbamoyl)ethyl)phosphonate; diethyl (2-
(hydroxymethylcarbamoyl)ethyl)phosphonate;
methyl ethyl (2-(hydroxymethylcarbamoyl)ethyl)
phosphonate",,,—,435-960-3,,,,,,0
II,1411,1413,0,active,▼M32,,111,(4-Phenylbutyl)phosphinic acid,,,86552-32-1,420-450-5,,,,,,0
II,1412,1414,0,active,▼M32,,111,"Reaction mass of: 4,7-bis(mercaptomethyl)-
3,6,9-trithia-1,11-undecanedithiol; 4,8-bis(mercaptomethyl)-3,6,9-trithia-1,11-undecanedithiol;
5,7-bis(mercaptomethyl)-3,6,9-trithia-1,11-undecanedithiol",,,170016-25-8,427-050-1,,,,,,0
II,1413,1415,0,active,▼M32,,111,Potassium titanium oxide (K2Ti6O13),,,12056-51-8,432-240-0,,,,,,0
II,1414,1416,0,active,▼M32,,111,Cobalt di(acetate),,,71-48-7,200-755-8,,,,,,0
II,1415,1417,0,active,▼M32,,111,Cobalt dinitrate,,,10141-05-6,233-402-1,,,,,,0
II,1416,1418,0,active,▼M32,,111,Cobalt carbonate,,,513-79-1,208-169-4,,,,,,0
II,1417,1419,0,active,▼M32,,111,Nickel dichloride,,,7718-54-9,231-743-0,,,,,,0
II,1418,1420,0,active,▼M32,,111,"Nickel dinitrate [1]
Nitric acid, nickel salt [2]",,,"13138-45-9
[1]
14216-75-2
[2]","236-068-5 [1]
238-076-4 [2]",,,,,,0
II,1419,1421,0,active,▼M32,,111,Nickel matte,,,69012-50-6,273-749-6,,,,,,0
II,1420,1422,0,active,▼M32,,112,"Slimes and sludges, copper electrolytic refining,
decopperised, nickel sulfate",,,92129-57-2,295-859-3,,,,,,0
II,1421,1423,0,active,▼M32,,112,"Slimes and sludges, copper electrolyte refining,
decopperised",,,94551-87-8,305-433-1,,,,,,0
II,1422,1424,0,active,▼M32,,112,"Nickel diperchlorate; perchloric acid, nickel(II)
salt",,,13637-71-3,237-124-1,,,,,,0
II,1423,1425,0,active,▼M32,,112,"Nickel dipotassium bis(sulfate) [1]
Diammonium nickel bis(sulfate) [2]",,,"13842-46-1
[1]
15699-18-0
[2]","237-563-9 [1]
239-793-2 [2]",,,,,,0
II,1424,1426,0,active,▼M32,,112,Nickel bis(sulfamidate); nickel sulfamate,,,13770-89-3,237-396-1,,,,,,0
II,1425,1427,1,deleted,▼M40,,112,,,,,,,,,,,0
II,1426,1428,0,active,▼M32,,112,"Nickel diformate [1]
Formic acid, nickel salt [2]
Formic acid, copper nickel salt [3]",,,"3349-06-2
[1]
15843-02-4
[2]
68134-59-8
[3]","222-101-0 [1]
239-946-6 [2]
268-755-0 [3]",,,,,,0
II,1427,1429,0,active,▼M32,,112,"Nickel di(acetate) [1]
Nickel acetate [2]",,,"373-02-4 [1]
14998-37-9
[2]","206-761-7 [1]
239-086-1 [2]",,,,,,0
II,1428,1430,0,active,▼M32,,112,Nickel dibenzoate,,,553-71-9,209-046-8,,,,,,0
II,1429,1431,0,active,▼M32,,112,Nickel bis(4-cyclohexylbutyrate),,,3906-55-6,223-463-2,,,,,,0
II,1430,1432,0,active,▼M32,,112,Nickel(II) stearate; nickel(II) octadecanoate,,,2223-95-2,218-744-1,,,,,,0
II,1431,1433,0,active,▼M32,,112,Nickel dilactate,,,16039-61-5,—,,,,,,0
II,1432,1434,0,active,▼M32,,112,Nickel(II) octanoate,,,4995-91-9,225-656-7,,,,,,0
II,1433,1435,0,active,▼M32,,113,"Nickel difluoride [1]
Nickel dibromide [2]
Nickel diiodide [3]
Nickel potassium fluoride [4]",,,"10028-18-9
[1]
13462-88-9
[2]
13462-90-3
[3]
11132-10-8
[4]","233-071-3 [1]
236-665-0 [2]
236-666-6 [3]
— [4]",,,,,,0
II,1434,1436,0,active,▼M32,,113,Nickel hexafluorosilicate,,,26043-11-8,247-430-7,,,,,,0
II,1435,1437,0,active,▼M32,,113,Nickel selenate,,,15060-62-5,239-125-2,,,,,,0
II,1436,1438,0,active,▼M32,,113,"Nickel hydrogen phosphate [1]
Nickel bis(dihydrogen phosphate) [2]
Trinickel bis(orthophosphate) [3]
Dinickel diphosphate [4]
Nickel bis(phosphinate) [5]
Nickel phosphinate [6]
Phosphoric acid, calcium nickel salt [7]
Diphosphoric acid, nickel(II) salt [8]",,,"14332-34-4
[1]
18718-11-1
[2]
10381-36-9
[3]
14448-18-1
[4]
14507-36-9
[5]
36026-88-7
[6]
17169-61-8
[7]
19372-20-4
[8]","238-278-2 [1]
242-522-3 [2]
233-844-5 [3]
238-426-6 [4]
238-511-8 [5]
252-840-4 [6]
— [7]
— [8]",,,,,,0
II,1437,1439,0,active,▼M32,,113,Diammonium nickel hexacyanoferrate,,,74195-78-1,—,,,,,,0
II,1438,1440,0,active,▼M32,,113,Nickel dicyanide,,,557-19-7,209-160-8,,,,,,0
II,1439,1441,0,active,▼M32,,113,Nickel chromate,,,14721-18-7,238-766-5,,,,,,0
II,1440,1442,0,active,▼M32,,113,"Nickel(II) silicate [1]
Dinickel orthosilicate [2]
Nickel silicate (3:4) [3]
Silicic acid, nickel salt [4]
Trihydrogen hydroxybis[orthosilicato(4-)]
trinickelate(3-) [5]",,,"21784-78-1
[1]
13775-54-7
[2]
31748-25-1
[3]
37321-15-6
[4]
12519-85-6
[5]","244-578-4 [1]
237-411-1 [2]
250-788-7 [3]
253-461-7 [4]
235-688-3 [5]",,,,,,0
II,1441,1443,0,active,▼M32,,113,Dinickel hexacyanoferrate,,,14874-78-3,238-946-3,,,,,,0
II,1442,1444,0,active,▼M32,,113,Trinickel bis(arsenate); nickel(II) arsenate,,,13477-70-8,236-771-7,,,,,,0
II,1443,1445,0,active,▼M32,,113,"Nickel oxalate [1]
Oxalic acid, nickel salt [2]",,,"547-67-1 [1]
20543-06-0
[2]","208-933-7 [1]
243-867-2 [2]",,,,,,0
II,1444,1446,0,active,▼M32,,113,Nickel telluride,,,12142-88-0,235-260-6,,,,,,0
II,1445,1447,0,active,▼M32,,114,Trinickel tetrasulfide,,,12137-12-1,—,,,,,,0
II,1446,1448,0,active,▼M32,,114,Trinickel bis(arsenite),,,74646-29-0,—,,,,,,0
II,1447,1449,0,active,▼M32,,114,"Cobalt nickel gray periclase; C.I. Pigment Black
25; C.I. 77332 [1]
Cobalt nickel dioxide [2]
Cobalt nickel oxide [3]",,,"68186-89-0
[1]
58591-45-0
[2]
12737-30-3
[3]","269-051-6 [1]
261-346-8 [2]
620-395-9 [3]",,,,,,0
II,1448,1450,0,active,▼M32,,114,Nickel tin trioxide; nickel stannate,,,12035-38-0,234-824-9,,,,,,0
II,1449,1451,0,active,▼M32,,114,Nickel triuranium decaoxide,,,15780-33-3,239-876-6,,,,,,0
II,1450,1452,0,active,▼M32,,114,Nickel dithiocyanate,,,13689-92-4,237-205-1,,,,,,0
II,1451,1453,0,active,▼M32,,114,Nickel dichromate,,,15586-38-6,239-646-5,,,,,,0
II,1452,1454,0,active,▼M32,,114,Nickel(II) selenite,,,10101-96-9,233-263-7,,,,,,0
II,1453,1455,0,active,▼M32,,114,Nickel selenide,,,1314-05-2,215-216-2,,,,,,0
II,1454,1456,0,active,▼M32,,114,"Silicic acid, lead nickel salt",,,68130-19-8,—,,,,,,0
II,1455,1457,0,active,▼M32,,114,"Nickel diarsenide [1]
Nickel arsenide [2]",,,"12068-61-0
[1]
27016-75-7
[2]","235-103-1 [1]
248-169-1 [2]",,,,,,0
II,1456,1458,0,active,▼M32,,114,"Nickel barium titanium primrose priderite; C.I.
Pigment Yellow 157; C.I. 77900",,,68610-24-2,271-853-6,,,,,,0
II,1457,1459,0,active,▼M32,,114,"Nickel dichlorate [1]
Nickel dibromate [2]
Ethyl hydrogen sulfate, nickel(II) salt [3]",,,"67952-43-6
[1]
14550-87-9
[2]
71720-48-4
[3]","267-897-0 [1]
238-596-1 [2]
275-897-7 [3]",,,,,,0
II,1458,1460,0,active,▼M32,,"114,115","Nickel(II) trifluoroacetate [1]
Nickel(II) propionate [2]
Nickel bis(benzenesulfonate) [3]
Nickel(II) hydrogen citrate [4]
Citric acid, ammonium nickel salt [5]
Citric acid, nickel salt [6]
Nickel bis(2-ethylhexanoate) [7]
2-Ethylhexanoic acid, nickel salt [8]
Dimethylhexanoic acid, nickel salt [9]
Nickel(II) isooctanoate [10]
Nickel isooctanoate [11]
Nickel bis(isononanoate) [12]
Nickel(II) neononanoate [13]
Nickel(II) isodecanoate [14]
Nickel(II) neodecanoate [15]
Neodecanoic acid, nickel salt [16]
Nickel(II) neoundecanoate [17]
Bis(d.-gluconato-O1,O2)nickel [18]
Nickel 3,5-bis(tert-butyl)-4-hydroxybenzoate
(1:2) [19]
Nickel(II) palmitate [20]
(2-Ethylhexanoato-O)(isononanoato-O)nickel
[21]
(Isononanoato-O)(isooctanoato-O)nickel [22]
(Isooctanoato-O)(neodecanoato-O)nickel [23]
(2-Ethylhexanoato-O)(isodecanoato-O)nickel
[24]
(2-Ethylhexanoato-O)(neodecanoato-O)nickel
[25]
(Isodecanoato-O)(isooctanoato-O)nickel [26]
(Isodecanoato-O)(isononanoato-O)nickel [27]
(Isononanoato-O)(neodecanoato-O)nickel [28]
Fatty acids, C6-19-branched, nickel salts [29]
Fatty acids, C8-18 and C18-unsaturated, nickel
salts [30]
2,7-Naphthalenedisulfonic acid, nickel(II) salt
[31]",,,"16083-14-0
[1]
3349-08-4
[2]
39819-65-3
[3]
18721-51-2
[4]
18283-82-4
[5]
22605-92-1
[6]
4454-16-4
[7]
7580-31-6
[8]
93983-68-7
[9]
29317-63-3
[10]
27637-46-3
[11]
84852-37-9
[12]
93920-10-6
[13]
85508-43-6
[14]
85508-44-7
[15]
51818-56-5
[16]
93920-09-3
[17]
71957-07-8
[18]
52625-25-9
[19]
13654-40-5
[20]
85508-45-8
[21]
85508-46-9
[22]
84852-35-7
[23]
84852-39-1
[24]
85135-77-9
[25]
85166-19-4
[26]
84852-36-8
[27]
85551-28-6
[28]
91697-41-5
[29]
84776-45-4
[30]
72319-19-8
[31]","240-235-8 [1]
222-102-6 [2]
254-642-3 [3]
242-533-3 [4]
242-161-1 [5]
245-119-0 [6]
224-699-9 [7]
231-480-1 [8]
301-323-2 [9]
249-555-2
[10]
248-585-3
[11]
284-349-6
[12]
300-094-6
[13]
287-468-1
[14]
287-469-7
[15]
257-447-1
[16]
300-093-0
[17]
276-205-6
[18]
258-051-1
[19]
237-138-8
[20]
287-470-2
[21]
287-471-8
[22]
284-347-5
[23]
284-351-7
[24]
285-698-7
[25]
285-909-2
[26]
284-348-0
[27]
287-592-6
[28]
294-302-1
[29]
283-972-0
[30]
[31]",,,,,,0
II,1459,1461,0,active,▼M32,,115,"Nickel(II) sulfite [1]
Nickel tellurium trioxide [2]
Nickel tellurium tetraoxide [3]
Molybdenum nickel hydroxide oxide phosphate
[4]",,,"7757-95-1
[1]
15851-52-2
[2]
15852-21-8
[3]
68130-36-9
[4]","231-827-7 [1]
239-967-0 [2]
239-974-9 [3]
268-585-7 [4]",,,,,,0
II,1460,1462,0,active,▼M32,,116,"Nickel boride (NiB) [1]
Dinickel boride [2]
Trinickel boride [3]
Nickel boride [4]
Dinickel silicide [5]
Nickel disilicide [6]
Dinickel phosphide [7]
Nickel boron phosphide [8]",,,"12007-00-0
[1]
12007-01-1
[2]
12007-02-2
[3]
12619-90-8
[4]
12059-14-2
[5]
12201-89-7
[6]
12035-64-2
[7]
65229-23-4
[8]","234-493-0 [1]
234-494-6 [2]
234-495-1 [3]
235-723-2 [4]
235-033-1 [5]
235-379-3 [6]
234-828-0 [7]
— [8]",,,,,,0
II,1461,1463,0,active,▼M32,,116,"Dialuminium nickel tetraoxide [1]
Nickel titanium trioxide [2]
Nickel titanium oxide [3]
Nickel divanadium hexaoxide [4]
Cobalt dimolybdenum nickel octaoxide [5]
Nickel zirkonium trioxide [6]
Molybdenum nickel tetraoxide [7]
Nickel tungsten tetraoxide [8]
Olivine, nickel green [9]
Lithium nickel dioxide [10]
Molybdenum nickel oxide [11]",,,"12004-35-2
[1]
12035-39-1
[2]
12653-76-8
[3]
52502-12-2
[4]
68016-03-5
[5]
70692-93-2
[6]
14177-55-0
[7]
14177-51-6
[8]
68515-84-4
[9]
12031-65-1
[10]
12673-58-4
[11]","234-454-8 [1]
234-825-4 [2]
235-752-0 [3]
257-970-5 [4]
268-169-5 [5]
274-755-1 [6]
238-034-5 [7]
238-032-4 [8]
271-112-7 [9]
620-400-4
[10]
— [11]",,,,,,0
II,1462,1464,0,active,▼M32,,116,Cobalt lithium nickel oxide,,,—,442-750-5,,,,,,0
II,1463,1465,0,active,▼M32,,116,Molybdenum trioxide,,,1313-27-5,215-204-7,,,,,,0
II,1464,1466,0,active,▼M32,,116,Dibutyltin dichloride; (DBTC),,,683-18-1,211-670-0,,,,,,0
II,1465,1467,0,active,▼M32,,116,"4,4′-Bis(N-carbamoyl-4-methylbenzenesulfonamide)diphenylmethane",,,151882-81-4,418-770-5,,,,,,0
II,1466,1468,0,active,▼M32,,116,Furfuryl alcohol,,,98-00-0,202-626-1,,,,,,0
II,1467,1469,0,active,▼M32,,116,"1,2-Epoxy-4-epoxyethylcyclohexane; 4-vinylcyclohexene diepoxide",,,106-87-6,203-437-7,,,,,,0
II,1468,1470,0,active,▼M32,,116,6-Glycidyloxynapht-1-yl oxymethyloxirane,,,27610-48-6,429-960-2,,,,,,0
II,1469,1471,0,active,▼M32,,116,2-(2-Aminoethylamino)ethanol; (AEEA),,,111-41-1,203-867-5,,,,,,0
II,1470,1472,0,active,▼M32,,117,"1,2-Diethoxyethane",,,629-14-1,211-076-1,,,,,,0
II,1471,1473,0,active,▼M32,,117,"2,3-Epoxypropyltrimethylammonium chloride;
glycidyl trimethylammonium chloride",,,3033-77-0,221-221-0,,,,,,0
II,1472,1474,0,active,▼M32,,117,"1-(2-Amino-5-chlorophenyl)-2,2,2-trifluoro-1,1-
ethanediol, hydrochloride",,,214353-17-0,433-580-2,,,,,,0
II,1473,1475,0,active,▼M32,,117,"(E)-3-[1-[4-[2-(Dimethylamino)ethoxy]phenyl]-
2-phenylbut-1-enyl]phenol",,,82413-20-5,428-010-4,,,,,,0
II,1474,1476,0,active,▼M32,,117,"4,4′-(1,3-Phenylene-bis(1-methylethylidene))bis-
phenol",,,13595-25-0,428-970-4,,,,,,0
II,1475,1477,0,active,▼M32,,117,2-Chloro-6-fluoro-phenol,,,2040-90-6,433-890-8,,,,,,0
II,1476,1478,0,active,▼M32,,117,2-Methyl-5-tert-butylthiophenol,,,—,444-970-7,,,,,,0
II,1477,1479,0,active,▼M32,,117,"2-Butyryl-3-hydroxy-5-thiocyclohexan-3-yl-
cyclohex-2-en-1-one",,,94723-86-1,425-150-8,,,,,,0
II,1478,1480,0,active,▼M32,,117,"Profoxydim (ISO); 2-{(EZ)-1-[(2RS)-2-(4-
chlorophenoxy)propoxyimino]butyl}-3-hydroxy-
5-(thian-3-yl)cyclohex-2-en-1-one",,,139001-49-3,604-105-8,,,,,,0
II,1479,1481,0,active,▼M32,,117,"Tepraloxydim (ISO); (RS)-(EZ)-2-{1-[(2E)-3-
chloroallyloxyimino]propyl}-3-hydroxy-5-
perhydropyran-4-ylcyclohex-2-en-1-one",,,149979-41-9,604-715-4,,,,,,0
II,1480,1482,0,active,▼M32,,117,"Cyclic 3-(1,2-ethanediylacetale)-estra-5(10),9
(11)-diene-3,17-dione",,,5571-36-8,427-230-8,,,,,,0
II,1481,1483,0,active,▼M32,,117,"Androsta-1,4,9(11)-triene-3,17-dione",,,15375-21-0,433-560-3,,,,,,0
II,1482,1484,0,active,▼M32,,117,"Reaction mass of: Ca salicylates (branched C10-
14 and C18-30 alkylated); Ca phenates (branched
C10-14 and C18-30 alkylated); Ca sulfurised
phenates (branched C10-14 and C18-30 alkylated)",,,—,415-930-6,,,,,,0
II,1483,1485,0,active,▼M32,,117,"1,2-Benzenedicarboxylic acid; di-C6-8-branched
alkylesters, C7-rich",,,71888-89-6,276-158-1,,,,,,0
II,1484,1486,0,active,▼M32,,117,"Reaction mass of: diester of 4,4′-methylenebis[2-
(2-hydroxy-5-methylbenzyl)-3,6-dimethylphenol]
and 6-diazo-5,6-dihydro-5-oxonaphthalene-1-
sulfonic acid (1:2); triester of 4,4′-methylenebis
[2-(2-hydroxy-5-methylbenzyl)-3,6-dimethylphenol] and 6-diazo-5,6-dihydro-5-oxonaphthalene-1-sulfonic acid (1:3)",,,—,427-140-9,,,,,,0
II,1485,1487,0,active,▼M32,,117,"Diammonium 1-hydroxy-2-(4-(4-carboxyphenylazo)-2,5-dimethoxyphenylazo)-7-amino-3-naphthalenesulfonate",,,150202-11-2,422-670-7,,,,,,0
II,1486,1488,0,active,▼M32,,117,3-Oxoandrost-4-ene-17-β-carboxylic acid,,,302-97-6,414-990-0,,,,,,0
II,1487,1489,0,active,▼M32,,117,"(Z)-2-Methoxymino-2-[2-(tritylamino)thiazol-4-
yl]acetic acid",,,64485-90-1,431-520-1,,,,,,0
II,1488,1490,0,active,▼M32,,117,Trisodium nitrilotriacetate,,,5064-31-3,225-768-6,,,,,,0
II,1489,1491,0,active,▼M32,,117,2-Ethylhexyl-2-ethylhexanoate,,,7425-14-1,231-057-1,,,,,,0
II,1490,1492,0,active,▼M32,,117,Diisobutyl phthalate,,,84-69-5,201-553-2,,,,,,0
II,1491,1493,0,active,▼M32,,118,"Perfluorooctane sulfonic acid; heptadecafluorooctane-1-sulfonic acid [1]
Potassium perfluorooctanesulfonate; potassium
heptadecafluorooctane-1-sulfonate [2]
Diethanolamine perfluorooctane sulfonate [3]
Ammonium perfluorooctane sulfonate;
ammonium heptadecafluorooctanesulfonate [4]
Lithium perfluorooctane sulfonate; lithium
heptadecafluorooctanesulfonate [5]",,,"1763-23-1
[1]
2795-39-3
[2]
70225-14-8
[3]
29081-56-9
[4]
29457-72-5
[5]","217-179-8 [1]
220-527-1 [2]
274-460-8 [3]
249-415-0 [4]
249-644-6 [5]",,,,,,0
II,1492,1494,0,active,▼M32,,118,"Ethyl 1-(2,4-dichlorophenyl)5-(trichloromethyl)-
1H-1,2,4-triazole-3-carboxylate",,,103112-35-2,401-290-5,,,,,,0
II,1493,1495,0,active,▼M32,,118,1-Bromo-2-methylpropyl propionate,,,158894-67-8,422-900-6,,,,,,0
II,1494,1496,0,active,▼M32,,118,Chloro-1-ethylcyclohexyl carbonate,,,99464-83-2,444-950-8,,,,,,0
II,1495,1497,0,active,▼M32,,118,"6,6′-Bis(diazo-5,5′,6,6′-tetrahydro-5,5′-dioxo)
[methylene-bis(5-(6-diazo-5,6-dihydro-5-oxo-1-
naphthylsulphonyloxy)-6-methyl-2-phenylene]di
(naphthalene-1-sulfonate)",,,—,441-550-5,,,,,,0
II,1496,1498,0,active,▼M32,,118,"Trifluralin (ISO); α,α,α-trifluoro-2,6-dinitro-N,N-
dipropyl-p-toluidine; 2,6-dinitro-N,N-dipropyl-4-
trifluoromethylaniline; N,N-dipropyl-2,6-dinitro-
4-trifluoromethylaniline",,,1582-09-8,216-428-8,,,,,,0
II,1497,1499,0,active,▼M32,,118,4-Mesyl-2-nitrotoluene,,,1671-49-4,430-550-0,,,,,,0
II,1498,1500,0,active,▼M32,,118,"Triammonium 4-[4-[7-(4-carboxylatoanilino)-1-
hydroxy-3-sulfonato-2-naphthylazo]-2,5-dimethoxyphenylazo]benzoate",,,221354-37-6,432-270-4,,,,,,0
II,1499,1501,0,active,▼M32,,118,"Reaction mass of: triammonium 6-amino-3-((2,5-
diethoxy-4-(3-phosphonophenyl)azo)phenyl)azo-
4-hydroxy-2-naphthalenesulfonate; diammonium
3-((4-((7-amino-1-hydroxy-3-sulfo-naphthalen-2-
yl)azo)-2,5-diethoxyphenyl)azo)benzoate",,,163879-69-4,438-310-7,,,,,,0
II,1500,1502,0,active,▼M32,,118,"N,N′-Diacetylbenzidine",,,613-35-4,210-338-2,,,,,,0
II,1501,1503,0,active,▼M32,,118,Cyclohexylamine,,,108-91-8,203-629-0,,,,,,0
II,1502,1504,0,active,▼M32,,118,Piperazine,,,110-85-0,203-808-3,,,,,,0
II,1503,1505,0,active,▼M32,,118,Hydroxylamine,,,7803-49-8,232-259-2,,,,,,0
II,1504,1506,0,active,▼M32,,118,"Hydroxylammonium chloride; hydroxylamine
hydrochloride [1]
Bis(hydroxylammonium) sulfate; hydroxylamine
sulfate (2:1) [2]",,,"5470-11-1
[1]
10039-54-0
[2]","226-798-2 [1]
233-118-8 [2]",,,,,,0
II,1505,1507,0,active,▼C6,,118,"Diaminotoluene, methyl-phenylenediamine,
technical product-reaction mass of [4-methyl-m-
phenylenediamine and 2-methyl-m-phenylenediamine]",,,–,–,,,,,,0
II,1506,1508,0,active,▼M32,,118,"Mepanipyrim; 4-methyl-N-phenyl-6-(1-
propynyl)-2-pyrimidinamine",,,110235-47-7,600-951-7,,,,,,0
II,1507,1509,0,active,▼M32,,119,"Hydroxylammonium hydrogensulfate; hydroxylamine sulfate(1:1) [1]
Hydroxylamine phosphate [2]
Hydroxylamine dihydrogenphosphate [3]
Hydroxylamine 4-methylbenzenesulfonate [4]",,,"10046-00-1
[1]
20845-01-6
[2]
19098-16-9
[3]
53933-48-5
[4]","233-154-4 [1]
244-077-0 [2]
242-818-2 [3]
258-872-5 [4]",,,,,,0
II,1508,1510,0,active,▼M32,,119,"(3-Chloro-2-hydroxypropyl) trimethylammonium
chloride",,,3327-22-8,222-048-3,,,,,,0
II,1509,1511,0,active,▼M32,,119,"Biphenyl-3,3′,4,4′-tetrayltetraamine; diaminobenzidine",,,91-95-2,202-110-6,,,,,,0
II,1510,1512,0,active,▼M32,,119,"Piperazine hydrochloride [1]
Piperazine dihydrochloride [2]
Piperazine phosphate [3]",,,"6094-40-2
[1]
142-64-3 [2]
1951-97-9
[3]","228-042-7 [1]
205-551-2 [2]
217-775-8 [3]",,,,,,0
II,1511,1513,0,active,▼M32,,119,3-(Piperazin-1-yl)-benzo[d]isothiazole hydrochloride,,,87691-88-1,421-310-6,,,,,,0
II,1512,1514,0,active,▼M32,,119,2-Ethylphenylhydrazine hydrochloride,,,19398-06-2,421-460-2,,,,,,0
II,1513,1515,0,active,▼M32,,119,"(2-Chloroethyl)(3-hydroxypropyl)ammonium
chloride",,,40722-80-3,429-740-6,,,,,,0
II,1514,1516,0,active,▼M32,,119,"4-[(3-Chlorophenyl)(1H-imidazol-1-yl)methyl]-
1,2-benzenediamine dihydrochloride",,,159939-85-2,425-030-5,,,,,,0
II,1515,1517,0,active,▼M32,,119,"Chloro-N,N-dimethylformiminium chloride",,,3724-43-4,425-970-6,,,,,,0
II,1516,1518,0,active,▼M32,,119,"7-Methoxy-6-(3-morpholin-4-yl-propoxy)-3 H-
quinazolin-4-one",,,199327-61-2,429-400-7,,,,,,0
II,1517,1519,0,active,▼M32,,119,"Reaction products of diisopropanolamine with
formaldehyde (1:4)",,,220444-73-5,432-440-8,,,,,,0
II,1518,1520,0,active,▼M32,,119,3-Chloro-4-(3-fluorobenzyloxy)aniline,,,202197-26-0,445-590-4,,,,,,0
II,1519,1521,0,active,▼M32,,119,"Ethidium bromide; 3,8-diamino-1-ethyl-6-
phenylphenantridinium bromide",,,1239-45-8,214-984-6,,,,,,0
II,1520,1522,0,active,▼M32,,119,"(R,S)-2-Amino-3,3-dimethylbutane amide",,,144177-62-8,447-860-7,,,,,,0
II,1521,1523,0,active,▼M32,,119,"3-Amino-9-ethyl carbazole; 9-ethylcarbazol-3-
ylamine",,,132-32-1,205-057-7,,,,,,0
II,1522,1524,0,active,▼M32,,119,"(6R-trans)-1-((7-Ammonio-2-carboxylato-8-oxo-
5-thia-1-azabicyclo-[4.2.0]oct-2-en-3-yl)methyl)
pyridinium iodide",,,100988-63-4,423-260-0,,,,,,0
II,1523,1525,0,active,▼M32,,119,"Forchlorfenuron (ISO); 1-(2-chloro-4-pyridyl)-3-
phenylurea",,,68157-60-8,614-346-0,,,,,,0
II,1524,1526,0,active,▼M32,,119,"Tetrahydro-1,3-dimethyl-1H-pyrimidin-2-one;
dimethyl propyleneurea",,,7226-23-5,230-625-6,,,,,,0
II,1525,1527,0,active,▼M32,,119,Quinoline,,,91-22-5,202-051-6,,,,,,0
II,1526,1528,0,active,▼M32,,119,"Ketoconazole; 1-[4-[4-[[(2SR,4RS)-2-(2,4-dichlorophenyl)-2-(imidazol-1-ylmethyl)-1,3-
dioxolan-4-yl]methoxy]phenyl]piperazin-1-yl]
ethanone",,,65277-42-1,265-667-4,,,,,,0
II,1527,1529,0,active,▼M32,,119,"Metconazole (ISO); (1RS,5RS;1RS,5SR)-5-(4-
chlorobenzyl)-2,2-dimethyl-1-(1H-1,2,4-triazol-
1-ylmethyl)cyclopentanol",,,125116-23-6,603-031-3,,,,,,0
II,1528,1530,0,active,▼M32,,120,"Potassium 1-methyl-3-morpholinocarbonyl-4-[3-
(1-methyl-3-morpholinocarbonyl-5-oxo-2-pyrazolin-4-ylidene)-1-propenyl]pyrazole-5-olate",,,183196-57-8,418-260-2,,,,,,0
II,1529,1531,0,active,▼M32,,120,"N,N′,N′-Tris(2-methyl-2,3-epoxypropyl)-
perhydro-2,4,6-oxo-1,3,5-triazine",,,26157-73-3,435-010-8,,,,,,0
II,1530,1532,0,active,▼M32,,120,"Trimethylopropane tri(3-aziridinylpropanoate);
(TAZ)",,,52234-82-9,257-765-0,,,,,,0
II,1531,1533,0,active,▼M32,,120,"4,4′-Methylenediphenyl diisocyanate; diphenylmethane-4,4′-diisocyanate [1]
2,2′-Methylenediphenyl diisocyanate; diphenylmethane-2,2′-diisocyanate [2]
o-(p-Isocyanatobenzyl)phenyl isocyanate; diphenylmethane-2,4′-diisocyanate [3]
Methylenediphenyl diisocyanate [4]",,,"101-68-8 [1]
2536-05-2
[2]
5873-54-1
[3]
26447-40-5
[4]","202-966-0 [1]
219-799-4 [2]
227-534-9 [3]
247-714-0 [4]",,,,,,0
II,1532,1534,0,active,▼M32,,120,"Cinidon ethyl (ISO); ethyl (Z)-2-chloro-3-[2-
chloro-5-(cyclohex-1-ene-1,2-dicarboximido)
phenyl]acrylate",,,142891-20-1,604-318-6,,,,,,0
II,1533,1535,0,active,▼M32,,120,"N-[6,9-Dihydro-9-[[2-hydroxy-1-(hydroxymethyl)ethoxy]methyl]-6-oxo-1H-purin-2-yl]
acetamide",,,84245-12-5,424-550-1,,,,,,0
II,1534,1536,0,active,▼M32,,120,"Dimoxystrobin (ISO); (E)-2-(methoxyimino)-N-
methyl-2-[α-(2,5-xylyloxy)-o-tolyl]acetamide",,,149961-52-4,604-712-8,,,,,,0
II,1535,1537,0,active,▼M32,,120,"N,N-(Dimethylamino)thioacetamide hydrochloride",,,27366-72-9,435-470-1,,,,,,0
II,1536,1538,0,active,▼M32,,120,"Reaction mass of: 2,2′-[(3,3′-dichloro[1,1′-
biphenyl]-4,4′-diyl)bis(azo)]bis[N-(2,4-dimethylphenyl)]-3-oxo-butanamide; 2-[[3,3′-dichloro-4′-
[[1[[(2,4-dimethylphenyl)amino]carbonyl]-2-
oxopropyl]azo][1,1′-biphenyl]-4-yl]azo]-N-(2-
methylphenyl)-3-oxo-butanamide; 2-[[3,3′-
dichloro-4′-[[1[[(2,4-dimethylphenyl)amino]
carbonyl]-2-oxopropyl]azo][1,1′- biphenyl]-4-yl]
azo]-N-(2-carboxylphenyl)-3- oxo-butanamide",,,,434-330-5,,,,,,0
II,1537,1539,0,active,▼M32,,"120,121,122,123,124","Petroleum, coal, tar and natural gas and their
derivatives generated using distillation and/or
other processing methods if they contain ≥ 0,1 %
w/w benzene",,,"85536-20-5
85536-19-2
90641-12-6
90989-38-1
91995-20-9
92062-36-7
91995-61-8
101316-63-6
93821-38-6
90641-02-4
101316-62-5
90641-03-5
65996-79-4
101794-90-5
90640-87-2
84650-03-3
65996-82-9
90641-01-3
65996-87-4
90640-99-6
68391-11-7
92062-33-4
91082-52-9
68937-63-3
92062-28-7
92062-27-6
91082-53-0
91995-31-2
91995-35-6
91995-66-3
122070-79-5
122070-80-8
65996-78-3
94114-52-0
94114-53-1
94114-54-2
94114-56-4
94114-57-5
90641-11-5
8006-61-9
8030-30-6
8032-32-4
64741-41-9
64741-42-0
64741-46-4
64742-89-8
68410-05-9
68514-15-8
68606-11-1
68783-12-0
68921-08-4
101631-20-3
64741-64-6
64741-65-7
64741-66-8
64741-70-4
64741-84-0
64741-92-0
68410-71-9
68425-35-4
68527-27-5
91995-53-8
92045-49-3
92045-55-1
92045-58-4
92045-64-2
101316-67-0
64741-54-4
64741-55-5
68476-46-0
68783-09-5
91995-50-5
92045-50-6
92045-59-5
92128-94-4
101794-97-2
101896-28-0
64741-63-5
64741-68-0
68475-79-6
68476-47-1
68478-15-9
68513-03-1
68513-63-3
68514-79-4
68919-37-9
68955-35-1
85116-58-1
91995-18-5
93571-75-6
93572-29-3
93572-35-1
93572-36-2
64741-74-8
64741-83-9
67891-79-6
67891-80-9
68425-29-6
68475-70-7
68603-00-9
68603-01-0
68603-03-2
68955-29-3
92045-65-3
64742-48-9
64742-49-0
64742-73-0
68410-96-8
68410-97-9
68410-98-0
68512-78-7
85116-60-5
85116-61-6
92045-51-7
92045-52-8
92045-57-3
92045-61-9
92062-15-2
93165-55-0
93763-33-8
93763-34-9
64741-47-5
64741-48-6
64741-69-1
64741-78-2
64741-87-3
64742-15-0
64742-22-9
64742-23-0
64742-66-1
64742-83-2
64742-95-6
68131-49-7
68477-34-9
68477-50-9
68477-53-2
68477-55-4
68477-61-2
68477-89-4
68478-12-6
68478-16-0
68513-02-0
68516-20-1
68527-21-9
68527-22-0
68527-23-1
68527-26-4
68603-08-7
68606-10-0
68783-66-4
68919-39-1
68921-09-5
85116-59-2
86290-81-5
90989-42-7
91995-38-9
91995-41-4
91995-68-5
92045-53-9
92045-60-8
92045-62-0
92045-63-1
92201-97-3
93165-19-6
94114-03-1
95009-23-7
97926-43-7
98219-46-6
98219-47-7
101316-56-7
101316-66-9
101316-76-1
101795-01-1
102110-14-5
68476-50-6
68476-55-1
90989-39-2","287-502-5
287-500-4
292-636-2
292-694-9
295-281-1
295-551-9
295-323-9
309-868-8
298-725-2
292-625-2
309-867-2
292-626-8
266-013-0
309-971-8
292-609-5
283-483-2
266-016-7
292-624-7
266-021-4
292-622-6
269-929-9
295-548-2
293-766-2
273-077-3
295-543-5
295-541-4
293-767-8
295-292-1
295-295-8
295-329-1
310-170-0
310-171-6
266-012-5
302-688-0
302-689-6
302-690-1
302-692-2
302-693-8
292-635-7
232-349-1
232-443-2
232-453-7
265-041-0
265-042-6
265-046-8
265-192-2
270-077-5
271-025-4
271-727-0
272-186-3
272-931-2
309-945-6
265-066-7
265-067-2
265-068-8
265-073-5
265-086-6
265-095-5
270-088-5
270-349-3
271-267-0
295-315-5
295-430-0
295-436-3
295-440-5
295-446-8
309-871-4
265-055-7
265-056-2
270-686-6
272-185-8
295-311-3
295-431-6
295-441-0
295-794-0
309-974-4
309-987-5
265-065-1
265-070-9
270-660-4
270-687-1
270-794-3
270-993-5
271-008-1
271-058-4
272-895-8
273-271-8
285-509-8
295-279-0
297-401-8
297-458-9
297-465-7
297-466-2
265-075-6
265-085-0
267-563-4
267-565-5
270-344-6
270-658-3
271-631-9
271-632-4
271-634-5
273-266-0
295-447-3
265-150-3
265-151-9
265-178-6
270-092-7
270-093-2
270-094-8
270-988-8
285-511-9
285-512-4
295-432-1
295-433-7
295-438-4
295-443-1
295-529-9
296-942-7
297-852-0
297-853-6
265-047-3
265-048-9
265-071-4
265-079-8
265-089-2
265-115-2
265-122-0
265-123-6
265-170-2
265-187-5
265-199-0
268-618-5
270-725-7
270-735-1
270-736-7
270-738-8
270-741-4
270-771-8
270-791-7
270-795-9
270-991-4
271-138-9
271-262-3
271-263-9
271-264-4
271-266-5
271-635-0
271-726-5
272-206-0
272-896-3
272-932-8
285-510-3
289-220-8
292-698-0
295-298-4
295-302-4
295-331-2
295-434-2
295-442-6
295-444-7
295-445-2
296-028-8
296-903-4
302-639-3
305-750-5
308-261-5
308-713-1
308-714-7
309-862-5
309-870-9
309-879-8
309-976-5
310-012-0
270-690-8
270-695-5
292-695-4",,,,,,0
II,1538,1540,0,active,▼M32,,124,"Petroleum, coal, tar and natural gas and their
derivatives generated using distillation and/or
other processing methods if they contain ≥
0,005 % w/w benzo[a]pyrene",,,"90640-85-0
92061-93-3
90640-84-9
61789-28-4
70321-79-8
122384-77-4
70321-80-1","292-606-9
295-506-3
292-605-3
263-047-8
274-565-9
310-189-4
274-566-4",,,,,,0
II,1539,1541,0,active,▼M32,,"124,125","Petroleum, coal, tar and natural gas and their
derivatives generated using distillation and/or
other processing methods if they contain ≥ 0,1 %
w/w benzene or if they contain ≥ 0,005 % w/w
benzo[a]pyrene",,,"85029-51-2
84650-04-4
84989-09-3
91995-49-2
121620-47-1
121620-48-2
90640-90-7
90641-04-6
101896-27-9
101794-91-6
91995-48-1
90641-05-7
84989-12-8
121620-46-0
90640-81-6
90640-82-7
92061-92-2
91995-15-2
91995-16-3
91995-17-4
101316-87-4
122384-78-5
84988-93-2
90640-88-3
65996-83-0
90640-89-4
90641-06-8
65996-85-2
101316-86-3
92062-22-1
96690-55-0
84989-04-8
84989-05-9
84989-06-0
84989-03-7
84989-07-1
68477-23-6
68555-24-8
91079-47-9
92062-26-5
94114-29-1
90641-00-2
68513-87-1
70321-67-4
92062-29-8
100801-63-6
100801-65-8
100801-66-9
73665-18-6
68815-21-4
65996-86-3
65996-84-1","285-076-5
283-484-8
284-898-1
295-310-8
310-166-9
310-167-4
292-612-1
292-627-3
309-985-4
309-972-3
295-309-2
292-628-9
284-901-6
310-165-3
292-603-2
292-604-8
295-505-8
295-275-9
295-276-4
295-278-5
309-889-2
310-191-5
284-881-9
292-610-0
266-017-2
292-611-6
292-629-4
266-019-3
309-888-7
295-536-7
306-251-5
284-892-9
284-893-4
284-895-5
284-891-3
284-896-0
270-713-1
271-418-0
293-435-2
295-540-9
302-662-9
292-623-1
271-020-7
274-560-1
295-544-0
309-745-9
309-748-5
309-749-0
277-567-8
272-361-4
266-020-9
266-018-8",,,,,,0
II,1540,1542,0,active,▼M32,,"125,126,127","Petroleum, coal, tar and natural gas and their
derivatives generated using distillation and/or
other processing methods if they contain ≥ 0,1 %
w/w 1,3-butadiene",,,"68607-11-4
68783-06-2
68814-67-5
68814-90-4
68911-58-0
68911-59-1
68919-01-7
68919-02-8
68919-03-9
68919-04-0
68919-07-3
68919-08-4
68919-11-9
68919-12-0
68952-79-4
68952-80-7
68955-33-9
68989-88-8
92045-15-3
92045-16-4
92045-17-5
92045-18-6
92045-19-7
92045-20-0
68131-75-9
68307-98-2
68307-99-3
68308-00-9
68308-01-0
68308-10-1
68308-03-2
68308-04-3
68308-05-4
68308-06-5
68308-07-6
68308-09-8
68308-11-2
68308-12-3
68409-99-4
68475-57-0
68475-58-1
68475-59-2
68475-60-5
68476-26-6
68476-29-9
68476-40-4
68476-42-6
68476-49-3
68476-85-7
68476-86-8
68477-33-8
68477-35-0
68477-69-0
68477-70-3
68477-71-4
68477-72-5
68308-08-7","271-750-6
272-182-1
272-338-9
272-343-6
272-775-5
272-776-0
272-873-8
272-874-3
272-875-9
272-876-4
272-880-6
272-881-1
272-884-8
272-885-3
273-173-5
273-174-0
273-269-7
273-563-5
295-397-2
295-398-8
295-399-3
295-400-7
295-401-2
295-402-8
268-629-5
269-617-2
269-618-8
269-619-3
269-620-9
269-630-3
269-623-5
269-624-0
269-625-6
269-626-1
269-627-7
269-629-8
269-631-9
269-632-4
270-071-2
270-651-5
270-652-0
270-653-6
270-654-1
270-667-2
270-670-9
270-681-9
270-682-4
270-689-2
270-704-2
270-705-8
270-724-1
270-726-2
270-750-3
270-751-9
270-752-4
270-754-5
269-628-2",,,,,,0
II,1541,1543,0,active,▼M32,,127,Tris[2-chloro-1-(chloromethyl)ethyl] phosphate,,,13674-87-8,237-159-2,,,,,,0
II,1542,1544,0,active,▼M32,,127,Indium phosphide,,,22398-80-7,244-959-5,,,,,,0
II,1543,1545,0,active,▼M32,,127,Trixylyl phosphate,,,25155-23-1,246-677-8,,,,,,0
II,1544,1546,0,active,▼M32,,127,"Hexabromocyclododecane [1]
1,2,5,6,9,10-Hexabromocyclododecane [2]",,,"25637-99-4
[1]
3194-55-6
[2]","247-148-4 [1]
221-695-9 [2]",,,,,,0
II,1545,1547,0,active,▼M32,,127,Tetrahydrofuran,,,109-99-9,203-726-8,,,,,,0
II,1546,1548,0,active,▼M32,,127,"Abamectin (combination of avermectin B1a and
avermectin B1b) (ISO) [1]
Avermectin B1a [2]",,,"71751-41-2
[1]
65195-55-3
[2]","615-339-5 [1]
265-610-3 [2]",,,,,,0
II,1547,1549,0,active,▼M32,,127,4-tert-Butylbenzoic acid,,,98-73-7,202-696-3,,,,,,0
II,1548,1550,0,active,▼M32,,127,"Leucomalachite green; N,N,N′,N′-tetramethyl-
4,4′-benzylidenedianiline",,,129-73-7,204-961-9,,,,,,0
II,1549,1551,0,active,▼M32,,127,Fuberidazole (ISO); 2-(2-furyl)-1H-benzimidazole,,,3878-19-1,223-404-0,,,,,,0
II,1550,1552,0,active,▼M32,,127,"Metazachlor (ISO); 2-chloro-N-(2,6-dimethylphenyl)-N-(1H-pyrazol-1-ylmethyl)acetamide",,,67129-08-2,266-583-0,,,,,,0
II,1551,1553,0,active,▼M32,,127,Di-tert-butyl peroxide,,,110-05-4,203-733-6,,,,,,0
II,1552,1554,0,active,▼M32,,127,Trichloromethylstannane,,,993-16-8,213-608-8,,,,,,0
II,1553,1555,0,active,▼M32,,127,"2-Ethylhexyl 10-ethyl-4-[[2-[(2-ethylhexyl)oxy]-
2-oxoethyl]thio]-4-methyl-7-oxo-8-oxa-3,5-
dithia-4-stannatetradecanoate",,,57583-34-3,260-828-5,,,,,,0
II,1554,1556,0,active,▼M32,,127,"2-Ethylhexyl 10-ethyl-4,4-dioctyl-7-oxo-8-oxa-
3,5-dithia-4-stannatetradecanoate",,,15571-58-1,239-622-4,,,,,,0
II,1555,1557,0,active,▼M32,,127,"Sulcotrione (ISO); 2-[2-chloro-4-(methylsulfonyl)benzoyl]cyclohexane-1,3-dione",,,99105-77-8,619-394-6,,,,,,0
II,1556,1558,0,active,▼M32,,127,"Bifenthrin (ISO); (2-methylbiphenyl-3-yl)methyl
rel-(1R,3R)-3-[(1Z)-2-chloro-3,3,3-trifluoroprop-
1-en-1-yl]-2,2-dimethylcyclopropanecarboxylate",,,82657-04-3,617-373-6,,,,,,0
II,1557,1559,0,active,▼M32,,127,Dihexyl phthalate,,,84-75-3,201-559-5,,,,,,0
II,1558,1560,0,active,▼M32,,127,Ammonium pentadecafluorooctanoate,,,3825-26-1,223-320-4,,,,,,0
II,1559,1561,0,active,▼M32,,127,Perfluorooctanoic acid,,,335-67-1,206-397-9,,,,,,0
II,1560,1562,0,active,▼M32,,128,N-Ethyl-2-pyrrolidone; 1-ethylpyrrolidin-2-one,,,2687-91-4,220-250-6,,,,,,0
II,1561,1563,0,active,▼M32,,128,"Proquinazid (ISO); 6-iodo-2-propoxy-3-
propylquinazolin-4(3H)-one",,,189278-12-4,606-168-7,,,,,,0
II,1562,1564,0,active,▼M32,,128,Gallium arsenide,,,1303-00-0,215-114-8,,,,,,0
II,1563,1565,0,active,▼M32,,128,Vinyl acetate,,,108-05-4,203-545-4,,,,,,0
II,1564,1566,0,active,▼M32,,128,Aclonifen (ISO); 2-chloro-6-nitro-3-phenoxyaniline,,,74070-46-5,277-704-1,,,,,,0
II,1565,1567,0,active,▼M32,,128,"2-Ethylhexyl 10-ethyl-4,4-dimethyl-7-oxo-8-oxa-
3,5-dithia-4-stannatetradecanoate",,,57583-35-4,260-829-0,,,,,,0
II,1566,1568,0,active,▼M32,,128,Dimethyltin dichloride,,,753-73-1,212-039-2,,,,,,0
II,1567,1569,0,active,▼M32,,128,4-Vinylcyclohexene,,,100-40-3,202-848-9,,,,,,0
II,1568,1570,0,active,▼M32,,128,"Tralkoxydim (ISO); 2-(N-ethoxypropanimidoyl)-
3-hydroxy-5-mesitylcyclohex-2-en-1-one",,,87820-88-0,618-075-9,,,,,,0
II,1569,1571,0,active,▼M32,,128,"Cycloxydim (ISO); 2-(N-ethoxybutanimidoyl)-3-
hydroxy-5-(tetrahydro-2H-thiopyran-3-yl)
cyclohex-2-en-1-one",,,101205-02-1,405-230-9,,,,,,0
II,1570,1572,0,active,▼M32,,128,"Fluazinam (ISO); 3-chloro-N-[3-chloro-2,6-
dinitro-4-(trifluoromethyl)phenyl]-5-(trifluoromethyl)pyridin-2-amine",,,79622-59-6,616-712-5,,,,,,0
II,1571,1573,0,active,▼M32,,128,"Penconazole (ISO); 1-[2-(2,4-dichlorophenyl)
pentyl]-1H-1,2,4-triazole",,,66246-88-6,266-275-6,,,,,,0
II,1572,1574,0,active,▼M32,,128,"Fenoxycarb (ISO); ethyl [2-(4-phenoxyphenoxy)
ethyl]carbamate",,,72490-01-8,276-696-7,,,,,,0
II,1573,1575,0,active,▼M32,,128,Styrene,,,100-42-5,202-851-5,,,,,,0
II,1574,1576,0,active,▼M32,,128,"Tetrahydro-2-furylmethanol; tetrahydrofurfuryl
alcohol",,,97-99-4,202-625-6,,,,,,0
II,1575,1577,0,active,▼M32,,128,Formaldehyde,,,50-00-0,200-001-8,,,,,,0
II,1576,1578,0,active,▼M32,,128,Paraformaldehyde,,,30525-89-4,608-494-5,,,,,,0
II,1577,1579,0,active,▼M32,,128,Methanediol; methylene glycol,,,463-57-0,207-339-5,,,,,,0
II,1578,1580,0,active,▼M52,,128,"cymoxanil (ISO); 2-cyano-N-[(ethylamino)
carbonyl]-2-(methoxyimino)acetamide; [1]
(2E)-2-cyano-N-[(ethylamino)carbonyl]-2-
(methoxyimino)acetamide; [2]",,,"57966-95-7;
[1]
166900-80-7;
[2]","261-043-0;
[1]
- [2]",,,,,,0
II,1579,1581,0,active,▼M32,,128,Tributyltin compounds,,,—,—,,,,,,0
II,1580,1582,0,active,▼M32,,128,"Tembotrione (ISO); 2-{2-chloro-4-(methylsulfonyl)-3-[(2,2,2-trifluoroethoxy)methyl]benzoyl}
cyclohexane-1,3-dione",,,335104-84-2,608-879-8,,,,,,0
II,1581,1583,0,active,▼M32,,128,"1,2-Benzenedicarboxylic acid, dihexyl ester,
branched and linear",,,68515-50-4,271-093-5,,,,,,0
II,1582,1584,0,active,▼M32,,128,"Spirotetramat (ISO); (5s,8s)-3-(2,5-dimethylphenyl)-8-methoxy-2-oxo-1-azaspiro[4,5]dec-3-
en-4-yl ethyl carbonate",,,203313-25-1,606-523-6,,,,,,0
II,1583,1585,0,active,▼M32,,128,"Dodemorph acetate; 4-cyclododecyl-2,6-
dimethylmorpholin-4-ium acetate",,,31717-87-0,250-778-2,,,,,,0
II,1584,1586,0,active,▼M32,,128,"Triflusulfuron-methyl; methyl 2-({[4-(dimethylamino)-6-(2,2,2- trifluoroethoxy)-1,3,5-triazin-2-
yl]carbamoyl}sulfamoyl)-3- methylbenzoate",,,126535-15-7,603-146-9,,,,,,0
II,1585,1587,0,active,▼M32,,129,"Imazalil (ISO); 1-[2-(allyloxy)-2-(2,4-dichlorophenyl)ethyl]-1H-imidazole",,,35554-44-0,252-615-0,,,,,,0
II,1586,1588,0,active,▼M32,,129,"Dodemorph (ISO); 4-cyclododecyl-2,6-dimethylmorpholine",,,1593-77-7,216-474-9,,,,,,0
II,1587,1589,0,active,▼M32,,129,Imidazole,,,288-32-4,206-019-2,,,,,,0
II,1588,1590,0,active,▼M32,,129,"Lenacil (ISO); 3-cyclohexyl-6,7-dihydro-1H-
cyclopenta[d]pyrimidine-2,4(3H,5H)-dione",,,2164-08-1,218-499-0,,,,,,0
II,1589,1591,0,active,▼M32,,129,"Metosulam (ISO); N-(2,6-dichloro-3-methylphenyl)-5,7-dimethoxy[1,2,4]triazolo[1,5- a]pyrimidine-2-sulfonamide",,,139528-85-1,604-145-6,,,,,,0
II,1590,1592,0,active,▼M32,,129,"2-Methyl-1-(4-methylthiophenyl)-2-morpholino-
propan 1-one",,,71868-10-5,400-600-6,,,,,,0
II,1591,1593,0,active,▼M32,,129,"2,3-Epoxypropyl methacrylate; glycidyl methacrylate",,,106-91-2,203-441-9,,,,,,0
II,1592,1594,0,active,▼M32,,129,"Spiroxamine (ISO); 8-tert-butyl-1,4-dioxaspirol
[4.5]decan-2-ylmethyl(ethyl)(propyl)amine",,,118134-30-8,601-505-4,,,,,,0
II,1593,1595,0,active,▼M32,,129,Cyanamide; carbanonitril,,,420-04-2,206-992-3,,,,,,0
II,1594,1596,0,active,▼M32,,129,"Cyproconazole (ISO); (2RS,3RS;2RS,3SR)-2-(4-
chlorophenyl)-3-cyclopropyl-1-(1H-1,2,4-triazol-
1-yl)butan-2-ol",,,94361-06-5,619-020-1,,,,,,0
II,1595,1597,0,active,▼M54,,129,"Silver zinc zeolite with the exception of silver
zinc zeolite under the conditions set out in entry
61 in Annex V",,,130328-20-0,603-404-0,,,,,,0
II,1596,1598,0,active,▼M32,,129,Cadmium carbonate,,,513-78-0,208-168-9,,,,,,0
II,1597,1599,0,active,▼M32,,129,Cadmium hydroxide; cadmium dihydroxide,,,21041-95-2,244-168-5,,,,,,0
II,1598,1600,0,active,▼M32,,129,Cadmium nitrate; cadmium dinitrate,,,10325-94-7,233-710-6,,,,,,0
II,1599,1601,0,active,▼M32,,129,"Dibutyltin dilaurate; dibutyl[bis(dodecanoyloxy)]
stannane",,,77-58-7,201-039-8,,,,,,0
II,1600,1602,0,active,▼M32,,129,Clorofene; chlorophene; 2-benzyl-4-chlorophenol,,,120-32-1,204-385-8,,,,,,0
II,1601,1603,0,active,▼M32,,129,Anthraquinone,,,84-65-1,201-549-0,,,,,,0
II,1602,1604,0,active,▼M32,,129,"Nonadecafluorodecanoic acid [1]
Ammonium nonadecafluorodecanoate [2]
Sodium nonadecafluorodecanoate [3]",,,"335-76-2 [1]
3108-42-7
[2]
3830-45-3
[3]","206-400-3[1]
221-470-5 [2]
[3]",,,,,,0
II,1603,1605,0,active,▼M32,,129,"N,N′-Methylenedimorpholine; N,N′-methylenebismorpholine; [formaldehyde released from N,N
′-Methylenebismorpholine]; [MBM]
if the maximum theoretical concentration of
releasable formaldehyde, irrespective of the
source, in the mixture as placed on the market is
≥ 0,1 % w/w",,,5625-90-1,227-062-3,,,,,,0
II,1604,1606,0,active,▼M32,,129,"Reaction products of paraformaldehyde with 2-
hydroxypropylamine (3:2); [formaldehyde
released from 3,3′-methylenebis[5–methyloxazolidine]; [formaldehyde released from
oxazolidin]; [MBO]
if the maximum theoretical concentration of
releasable formaldehyde, irrespective of the
source, in the mixture as placed on the market is
≥ 0,1 % w/w",,,—,—,,,,,,0
II,1605,1607,0,active,▼M32,,130,"Reaction products of paraformaldehyde with 2-
hydroxypropylamine (1:1)); [formaldehyde
released from α,α,α-trimethyl-1,3,5-triazine-1,3,5
(2H,4H,6H)-triethanol]; [HPT]
if the maximum theoretical concentration of
releasable formaldehyde, irrespective of the
source, in the mixture as placed on the market is
≥ 0,1 % w/w",,,—,—,,,,,,0
II,1606,1608,0,active,▼M32,,130,Methylhydrazine,,,60-34-4,200-471-4,,,,,,0
II,1607,1609,0,active,▼M32,,130,"Triadimenol (ISO); (1RS,2RS;1RS,2SR)-1-(4-
chlorophenoxy)-3,3-dimethyl-1-(1H-1,2,4-
triazol-1-yl)butan-2-ol; α-tert-butyl-β-(4-chlorophenoxy)-1H-1,2,4-triazole-1-ethanol",,,55219-65-3,259-537-6,,,,,,0
II,1608,1610,0,active,▼M32,,130,"Thiacloprid (ISO); (Z)-3-(6-chloro-3-pyridyl-
methyl)-1-3-thiazolidin-2-ylidenecyanamide;
{(2Z)-3-[(6-chloropyridin-3-yl)methyl]-1,3-thiazolidin-2-ylidene}cyanamide",,,111988-49-9,601-147-9,,,,,,0
II,1609,1611,0,active,▼M32,,130,"Carbetamide (ISO); (R)-1-(ethylcarbamoyl)
ethyl-carbanilate; (2R)-1-(ethylamino) -1-oxopro-
pan-2-yl-phenylcarbamate",,,16118-49-3,240-286-6,,,,,,0
II,1610,1612,0,active,▼C6,,130,"Phosmet (ISO); S-[(1,3-dioxo-1,3-dihydro-2H-
isoindol-2-yl)methyl]-O,O-dimethyl phosphorodithioate;
O,O-dimethyl-S-phthalimidomethyl phosphorodithioate",,,732-11-6,211-987-4,,,,,,0
II,1611,1613,0,active,▼C6,,130,Potassium permanganate,,,7722-64-7,231-760-3,,,,,,0
II,1612,1614,0,active,▼C6,,130,2-Benzyl-2-dimethylamino-4′- morpholinobutyrophenone,,,119313-12-1,404-360-3,,,,,,0
II,1613,1615,0,active,▼C6,,130,"Quizalofop-p-tefuryl (ISO);
(+/–) tetrahydrofurfuryl (R)-2-[4-(6- chloroquinoxalin-2-
yloxy)phenyloxy]propionate",,,200509-41-7,414-200-4,,,,,,0
II,1614,1616,0,active,▼C6,,130,"Propiconazole (ISO); (2RS,4RS;2RS,4SR)-1-{[2-
(2,4- dichlorophenyl)-4-propyl-1,3- dioxolan-2-
yl]methyl}-1H- 1,2,4-triazole",,,60207-90-1,262-104-4,,,,,,0
II,1615,1617,0,active,▼C6,,130,"Pinoxaden (ISO); 8-(2,6-diethyl-4-methylphenyl)-7-oxo-1,2,4,5-tetrahydro-7H-pyrazolo
[1,2-d][1,4,5]oxadiazepin-9-yl 2,2-dimethylpropanoate",,,243973-20-8,635-361-9,,,,,,0
II,1616,1618,0,active,▼C6,,130,"Tetramethrin (ISO);
(1,3-dioxo-1,3,4,5,6,7-hexahydro-2H-isoindol-2-
yl)methyl 2,2-dimethyl-3-(2-methylprop-1-en-1-
yl)cyclopropanecarboxylate",,,7696-12-0,231-711-6,,,,,,0
II,1617,1619,0,active,▼C6,,131,"(1,3,4,5,6,7-Hexahydro-1,3-dioxo-2H-isoindol-2-
yl)methyl (1R-trans)-2,2-dimethyl-3-(2-
methylprop-1-enyl)cyclopropanecarboxylate",,,1166-46-7,214-619-0,,,,,,0
II,1618,1620,0,active,▼C6,,131,"Spirodiclofen (ISO);
3-(2,4-dichlorophenyl)-2-oxo- 1-oxaspiro[4.5]
dec-3-en-4-yl 2,2-dimethylbutyrate",,,148477-71-8,604-636-5,,,,,,0
II,1619,1621,0,active,▼C6,,131,"Reaction mass of 1-[2-(2-aminobutoxy)ethoxy]
but-2-ylamine and 1-({[2-(2-aminobutoxy)
ethoxy]methyl}propoxy) but-2-ylamine",,,897393-42-9,447-920-2,,,,,,0
II,1620,1622,0,active,▼C6,,131,1-Vinylimidazole,,,1072-63-5,214-012-0,,,,,,0
II,1621,1623,0,active,▼C6,,131,"Amisulbrom (ISO)3-(3-bromo-6-fluoro-2-
methylindol-1-ylsulfonyl)-N,N-dimethyl-1H-
1,2,4-triazole-1-sulfonamide",,,348635-87-0,672-776-4,,,,,,0
II,1622,1624,0,active,▼C6,,131,"Pirimicarb (ISO); 2-(dimethylamino)-5,6-
dimethylpyrimidin-4-yl dimethylcarbamate",,,23103-98-2,245-430-1,,,,,,0
II,1623,1625,0,active,▼C6,,131,"1,2-Dichloropropane; propylene dichloride",,,78-87-5,201-152-2,,,,,,0
II,1624,1626,0,active,▼C6,,131,"Phenol, dodecyl-, branched [1]
Phenol, 2-dodecyl-, branched [2]
Phenol, 3-dodecyl-, branched [3]
Phenol, 4-dodecyl-, branched [4]
Phenol, (tetrapropenyl) derivatives [5]",,,"121158-58-5
[1]
1801269-80-6
[2]
1801269-77-1
[3]
210555-94-5
[4]
74499-35-7
[5]","310-154-3 [1]
- [2]
- [3]
640-104-9 [4]
616-100-8 [5]",,,,,,0
II,1625,1627,0,active,▼C6,,131,"Coumatetralyl (ISO); 4- hydroxy-3-(1,2,3,4-
tetrahydro-1-naphthyl) coumarin",,,5836-29-3,227-424-0,,,,,,0
II,1626,1628,0,active,▼C6,,131,"Difenacoum (ISO); 3-(3- biphenyl-4-yl-1,2,3,4-
tetrahydro-1-naphthyl)- 4-hydroxycoumarin",,,56073-07-5,259-978-4,,,,,,0
II,1627,1629,0,active,▼C6,,131,"Brodifacoum (ISO); 4-hydroxy-3-(3-(4′-bromo-
4-biphenylyl)-1,2,3,4-tetrahydro-1-naphthyl)
coumarin",,,56073-10-0,259-980-5,,,,,,0
II,1628,1630,0,active,▼C6,,131,"Flocoumafen (ISO); reaction mass of: cis-4-
hydroxy-3-(1,2,3,4-tetrahydro-3-(4-(4-trifluoromethylbenzyloxy)phenyl)-1-naphthyl)coumarin
and trans-4-hydroxy-3-(1,2,3,4-tetrahydro-3-(4-
(4-trifluoromethylbenzyloxy)phenyl)-1-naphthyl)
coumarin",,,90035-08-8,421-960-0,,,,,,0
II,1629,1631,0,active,▼C6,,131,"Acetochlor (ISO); 2- chloro-N-(ethoxymethyl)-
N-(2-ethyl-6- methylphenyl)acetamide",,,34256-82-1,251-899-3,,,,,,0
II,1630,1632,0,active,▼C6,,132,"e-Glass microfibres of representative
composition",,,-,-,,,,,,0
II,1631,1633,0,active,▼C6,,132,Glass microfibres of representative composition,,,-,-,,,,,,0
II,1632,1634,0,active,▼C6,,132,"Bromadiolone (ISO); 3- [3-(4′-bromobiphenyl-
4-yl)-3-hydroxy-1-phenylpropyl]-4-hydroxy- 2H-
chromen-2-one",,,28772-56-7,249-205-9,,,,,,0
II,1633,1635,0,active,▼C6,,132,"Difethialone (ISO); 3-[3-(4′-bromobiphenyl-4-
yl)-1,2,3,4-tetrahydronaphthalen-1-yl]- 4-
hydroxy-2H-1-benzothiopyran-2-one",,,104653-34-1,600-594-7,,,,,,0
II,1634,1636,0,active,▼C6,,132,"Perfluorononan-1-oic acid [1]
and its sodium [2]
and ammonium [3] salts",,,"375-95-1 [1]
21049-39-8
[2]
4149-60-4
[3]","206-801-3 [1]
- [2]
- [3]",,,,,,0
II,1635,1637,0,active,▼C6,,132,Dicyclohexyl phthalate,,,84-61-7,201-545-9,,,,,,0
II,1636,1638,0,active,▼C6,,132,"3,7-Dimethylocta-2,6- dienenitrile",,,5146-66-7,225-918-0,,,,,,0
II,1637,1639,0,active,▼C6,,132,"Bupirimate (ISO); 5-butyl-2-ethylamino-6-
methylpyrimidin-4-yl dimethylsulfamate",,,41483-43-6,255-391-2,,,,,,0
II,1638,1640,0,active,▼C6,,132,"Triflumizole (ISO); (1E)-N-[4-chloro-2-(trifluoromethyl)phenyl]-1- (1H-imidazol-1-yl)-2-
propoxyethanimine",,,68694-11-1,604-708-8,,,,,,0
II,1639,1641,0,active,▼C6,,132,tert-Butyl hydroperoxide,,,75-91-2,200-915-7,,,,,,0
II,1640,1642,0,active,▼M38,,132,"1,2,4-Trihydroxybenzene (10) when used as a
substance in hair and eyelash dye products",,,533-73-3,208-575-1,,,,,,0
II,1641,1643,0,active,▼M38,,132,"4-Amino-3-hydroxytoluene (10) when used as a
substance in hair and eyelash dye products",,,2835-98-5,220-620-7,,,,,,0
II,1642,1644,0,active,▼M38,,132,"2-[(4-Amino-2-nitrophenyl)-amino]-benzoic
acid (10) when used as a substance in hair and
eyelash dye products",,,117907-43-4,411-260-3,,,,,,0
II,1643,1645,0,active,▼C9,,132,Cobalt,,,7440-48-4,231-158-0,,,,,,0
II,1644,1646,0,active,▼C9,,132,"Metaldehyde (ISO); 2,4,6,8-tetramethyl- 1,3,5,7-
tetraoxacyclooctane",,,108-62-3,203-600-2,,,,,,0
II,1645,1647,0,active,▼C9,,132,Methylmercuric chloride,,,115-09-3,204-064-2,,,,,,0
II,1646,1648,0,active,▼C9,,132,Benzo[rst]pentaphene,,,189-55-9,205-877-5,,,,,,0
II,1647,1649,0,active,▼C9,,132,"Dibenzo[b,def]chrysene; dibenzo[a,h]pyrene",,,189-64-0,205-878-0,,,,,,0
II,1648,1650,0,active,▼C9,,132,"Ethanol, 2,2'-iminobis-, N- (C13-15-branched
and linear alkyl) derivs.",,,97925-95-6,308-208-6,,,,,,0
II,1649,1651,0,active,▼C9,,132,"Cyflumetofen (ISO); 2-methoxyethyl (RS)-2- (4-
tert-butylphenyl)-2-cyano-3-oxo-3-( α,α,α-
trifluoro-o-tolyl)propionate",,,400882-07-7,-,,,,,,0
II,1650,1652,0,active,▼C9,,132,Diisohexyl phthalate,,,71850-09-4,276-090-2,,,,,,0
II,1651,1653,0,active,▼C9,,132,"halosulfuron-methyl (ISO); methyl 3-chloro-5-
{[(4,6- dimethoxypyrimidin-2-yl) carbamoyl]
sulfamoyl}-1- methyl-1H-pyrazole-4- carboxylate",,,100784-20-1,-,,,,,,0
II,1652,1654,0,active,▼C9,,132,2-methylimidazole,,,693-98-1,211-765-7,,,,,,0
II,1653,1655,0,active,▼C9,,133,"Metaflumizone (ISO);
(EZ)-2'-[2-(4-cyanophenyl)-1-(α,α,α -trifluoro-m-
tolyl)ethylidene]-[4-(trifluoromethoxy)phenyl]
carbanilohydrazide [E-isomer ≥ 90 %, Z-isomer
≤ 10 % relative content]; [1]
(E)-2'-[2-(4-cyanophenyl)- 1-(α,α,α -trifluoro-m-
tolyl) ethylidene]-[4-(trifluoromethoxy)phenyl]
carbanilohydrazide [2]",,,"139968-49-3
[1]
852403-68-0
[2]",-,,,,,,0
II,1654,1656,0,active,▼C9,,133,"Dibutylbis(pentane-2,4- dionato-O,O')tin",,,22673-19-4,245-152-0,,,,,,0
II,1655,1657,0,active,▼M41,,133,"4-[(tetrahydro-2H-pyran-2-yl)oxy]phenol (Deoxyarbutin, Tetrahydropyranyloxy Phenol)",,,53936-56-4,,,,,,,0
II,1656,1658,0,active,▼M42,,133,"Silicon carbide fibres (with diameter < 3 μm,
length > 5 μm and aspect ratio ≥ 3:1)",,,"409-21-2
308076-74-6",206-991-8,,,,,,0
II,1657,1659,0,active,▼M42,,133,"Tris(2-methoxyethoxy) vinylsilane; 6-(2-methoxyethoxy)- 6-vinyl-2,5,7,10-tetraoxa-6-silaundecane",,,1067-53-4,213-934-0,,,,,,0
II,1658,1660,0,active,▼M42,,133,"Dioctyltin dilaurate; [1]
stannane, dioctyl-, bis (coco acyloxy) derivs. [2]",,,"3648-18-8
[1]
91648- 39-4
[2]","222-883-3 [1]
293-901-5 [2]",,,,,,0
II,1659,1661,0,active,▼M42,,133,"Dibenzo[def,p]chrysene; dibenzo[a,l]pyrene",,,191-30-0,205-886-4,,,,,,0
II,1660,1662,0,active,▼M42,,133,"Ipconazole (ISO);
(1RS,2SR,5RS;1RS,2SR,5SR)-2-(4-chlorobenzyl)-5-isopropyl-1- (1H-1,2,4-triazol-1-
ylmethyl)cyclopentanol",,,"125225-28-7
115850-69-6
115937-89-8",-,,,,,,0
II,1661,1663,0,active,▼M42,,133,Bis(2-(2-methoxyethoxy)ethyl)ether; tetraglyme,,,143-24-8,205-594-7,,,,,,0
II,1662,1664,0,active,▼M42,,133,"Paclobutrazol (ISO); (2RS,3RS)-1-(4-chlorophenyl)-4,4-dimethyl- 2-(1H-1,2,4-triazol-1- yl)
pentan-3-ol",,,76738-62-0,-,,,,,,0
II,1663,1665,0,active,▼M42,,133,"2,2-bis(bromomethyl) propane-1,3-diol",,,3296-90-0,221-967-7,,,,,,0
II,1664,1666,0,active,▼M42,,133,2-(4-tert-butylbenzyl) propionaldehyde,,,80-54-6,201-289-8,,,,,,0
II,1665,1667,0,active,▼M42,,133,Diisooctyl phthalate,,,27554-26-3,248-523-5,,,,,,0
II,1666,1668,0,active,▼M42,,133,2-methoxyethyl acrylate,,,3121-61-7,221-499-3,,,,,,0
II,1667,1669,1,deleted,▼M46,,133,,,,,,,,,,,0
II,1668,1670,0,active,▼M42,,133,"Pyrithione zinc; (T-4)- bis[1-(hydroxy-.kappa.O)
pyridine-2(1H)- thionato-.kappa.S]zinc",,,13463-41-7,236-671-3,,,,,,0
II,1669,1671,0,active,▼M42,,133,"Flurochloridone (ISO); 3-chloro-4-(chloromethyl)-1-[3-(trifluoromethyl)phenyl]pyrrolidin-
2-one",,,61213-25-0,262-661-3,,,,,,0
II,1670,1672,0,active,▼M42,,134,"3-(difluoromethyl)-1- methyl-N-(3',4',5'-trifluorobiphenyl-2-yl) pyrazole-4-carboxamide; fluxapyroxad",,,907204-31-3,-,,,,,,0
II,1671,1673,0,active,▼M42,,134,N-(hydroxymethyl)acrylamide; methylolacrylamide; [NMA],,,924-42-5,213-103-2,,,,,,0
II,1672,1674,0,active,▼M42,,134,"5-fluoro-1,3-dimethyl-N-[2-(4- methylpentan-2-
yl) phenyl]-1H-pyrazole- 4-carboxamide; 2'-
[(RS)-1,3-dimethylbutyl]-5-fluoro-1,3-dimethylpyrazole-4-carboxanilide; penflufen",,,494793-67-8,-,,,,,,0
II,1673,1675,0,active,▼M42,,134,"Iprovalicarb (ISO); isopropyl [(2S)-3- methyl-1-
{[1-(4- methylphenyl)ethyl] amino}-1-oxobutan-
2- yl]carbamate",,,140923-17-7,-,,,,,,0
II,1674,1676,0,active,▼M42,,134,Dichlorodioctylstannane,,,3542-36-7,222-583-2,,,,,,0
II,1675,1677,0,active,▼M42,,134,"Mesotrione (ISO); 2-[4-(methylsulfonyl)- 2-
nitrobenzoyl]-1,3- cyclohexanedione",,,104206-82-8,-,,,,,,0
II,1676,1678,0,active,▼M42,,134,Hymexazol (ISO); 3-hydroxy-5-methylisoxazole,,,10004-44-1,233-000-6,,,,,,0
II,1677,1679,0,active,▼M42,,134,"Imiprothrin (ISO); reaction mass of: [2,4- dioxo-
(2-propyn-1-yl) imidazolidin-3-yl] methyl(1R)-
cis-chrysanthemate; [2,4-dioxo-(2-propyn-1-yl)
imidazolidin-3-yl] methyl(1R)-trans-chrysanthemate",,,72963-72-5,428-790-6,,,,,,0
II,1678,1680,0,active,▼M42,,134,"Bis(α,α-dimethylbenzyl) peroxide",,,80-43-3,201-279-3,,,,,,0
II,1679,1681,0,active,▼M46,,134,Tetrafluoroethylene,,,116-14-3,204-126-9,,,,,,0
II,1680,1682,0,active,▼M46,,134,"6,6'-di-tert-butyl-2,2'-methylenedi-p-cresol;
[DBMC]",,,119-47-1,204-327-1,,,,,,0
II,1681,1683,0,active,▼M46,,134,"(5-chloro-2-methoxy-4-methyl-3-pyridyl)(4,5,6-
trimethoxy-o-tolyl)methanone; pyriofenone",,,688046-61-9,692-456-8,,,,,,0
II,1682,1684,0,active,▼M46,,134,"(RS)-1-{1-ethyl-4-[4-mesyl-3-(2-methoxyethoxy)-o-toluoyl]pyrazol-5-yloxy}ethyl methyl
carbonate; tolpyralate",,,"1101132-67-
5",701-225-3,,,,,,0
II,1683,1685,0,active,▼M46,,134,"Azamethiphos (ISO); S-[(6-chloro-2-oxooxazolo
[4,5-b]pyridin-3(2H)-yl)methyl] O,O-dimethyl
thiophosphate",,,35575-96-3,252-626-0,,,,,,0
II,1684,1686,0,active,▼M46,,134,3-methylpyrazole,,,1453-58-3,215-925-7,,,,,,0
II,1685,1687,0,active,▼M46,,134,"N-methoxy-N-[1-methyl-2-(2,4,6-trichlorophenyl)-ethyl]-3-(difluoromethyl)-1-methylpyrazole-4-carboxamide; pydiflumetofen",,,"1228284-64-
7",817-852-1,,,,,,0
II,1686,1688,0,active,▼M46,,134,"N-{2-[[1,1'-bi(cyclopropyl)]-2-yl]phenyl}-3-
(difluoromethyl)-1-methyl-1H-pyrazole-4-carboxamide; sedaxane",,,874967-67-6,688-331-2,,,,,,0
II,1687,1689,0,active,▼M46,,134,"4-methylpentan-2-one; isobutyl methyl ketone
(MIBK)",,,108-10-1,203-550-1,,,,,,0
II,1688,1690,0,active,▼M46,,134,"Dimethomorph (ISO); (E,Z)-4-(3-(4-chlorophenyl)-3-(3,4-dimethoxyphenyl)acryloyl)
morpholine",,,110488-70-5,404-200-2,,,,,,0
II,1689,1691,0,active,▼M46,,135,"Imazamox (ISO); (RS)-2-(4-isopropyl-4-methyl-
5-oxo-2-imidazolin-2-yl)-5-methoxymethylnicotinic acid",,,114311-32-9,601-305-7,,,,,,0
II,1690,1692,0,active,▼M46,,135,"Thiamethoxam (ISO); 3-(2-chloro-thiazol-5-
ylmethyl)-5-methyl[1,3,5]oxadiazinan-4-ylidene-
N-nitroamine",,,153719-23-4,428-650-4,,,,,,0
II,1691,1693,0,active,▼M46,,135,"Triticonazole (ISO); (RS)-(E)-5-(4-chlorobenzylidene)-2,2-dimethyl-1-(1H-1,2,4-triazol-1-
methyl)cyclopentanol",,,138182-18-0,-,,,,,,0
II,1692,1694,0,active,▼M46,,135,Desmedipham (ISO); ethyl 3-phenylcarbamoyloxyphenylcarbamate,,,13684-56-5,237-198-5,,,,,,0
II,1693,1695,0,active,▼M48,,135,Ammonium bromide,,,12124-97-9,235-183-8,,,,,,0
II,1694,1696,0,active,▼M48,,135,Dibutyltin bis(2-ethylhexanoate),,,2781-10-4,220-481-2,,,,,,0
II,1695,1697,0,active,▼M48,,135,Dibutyltin di(acetate),,,1067-33-0,213-928-8,,,,,,0
II,1696,1698,0,active,▼M48,,135,Tellurium dioxide,,,7446-07-3,231-193-1,,,,,,0
II,1697,1699,0,active,▼M48,,135,Barium diboron tetraoxide,,,13701-59-2,237-222-4,,,,,,0
II,1698,1700,0,active,▼M48,,135,"2,2-dimethylpropan-1-ol,tribromo derivative; 3-
bromo-2,2-bis(bromomethyl)propan-1-ol",,,"36483-57-5/
1522-92-5",253-057-0/-,,,,,,0
II,1699,1701,0,active,▼M48,,135,"2,4,6-tri-tert-butylphenol",,,732-26-3,211-989-5,,,,,,0
II,1700,1702,0,active,▼M48,,135,"4,4’-sulphonyldiphenol; bisphenol S",,,80-09-1,201-250-5,,,,,,0
II,1701,1703,0,active,▼M48,,135,Benzophenone,,,119-61-9,204-337-6,,,,,,0
II,1702,1704,0,active,▼M48,,135,"Quinoclamine (ISO); 2-amino-3-chloro-1,4-
naphthoquinone",,,2797-51-5,220-529-2,,,,,,0
II,1703,1705,0,active,▼M48,,135,"Perfluoroheptanoic acid; tridecafluoroheptanoic
acid",,,375-85-9,206-798-9,,,,,,0
II,1704,1706,0,active,▼M48,,135,"methyl N-(isopropoxycarbonyl)-L-valyl-(3RS)-3-
(4-chlorophenyl)-β-alaninate; valifenalate",,,283159-90-0,608-192-3,,,,,,0
II,1705,1707,0,active,▼M48,,135,"6-[C12-18-alkyl-(branched, unsaturated)-2,5-
dioxopyrrolidin-1-yl]hexanoic acid, sodium and
tris(2-hydroxyethyl)ammonium salts",,,-,701-271-4,,,,,,0
II,1706,1708,0,active,▼M48,,135,"6-[(C10-C13)-alkyl-(branched, unsaturated)-2,5-
dioxopyrrolidin-1-yl]hexanoic acid",,,"2156592-54-
8",701-118-1,,,,,,0
II,1707,1709,0,active,▼M48,,135,"6-[C12-18-alkyl-(branched, unsaturated)-2,5-
dioxopyrrolidin-1-yl]hexanoic acid",,,-,701-162-1,,,,,,0
II,1708,1710,0,active,▼M48,,135,"Theophylline; 1,3-dimethyl-3,7-dihydro-1H-
purine-2,6-dione",,,58-55-9,200-385-7,,,,,,0
II,1709,1711,0,active,▼M48,,135,"1,3,5-triazine-2,4,6-triamine; melamine",,,108-78-1,203-615-4,,,,,,0
II,1710,1712,0,active,▼M48,,135,"Fluopicolide (ISO); 2,6-dichloro-N-[3-chloro-5-
(trifluoromethyl)-2-pyridylmethyl]benzamide",,,607-285-6,239110-15-7,,,,,,0
II,1711,1713,0,active,▼M48,,136,N-(2-nitrophenyl)phosphoric triamide,,,874819-71-3,477-690-9,,,,,,0
II,1712,1714,0,active,▼M48,,136,"N-(5-chloro-2-isopropylbenzyl)-N-cyclopropyl-3-
(difluoromethyl)-5-fluoro-1-methyl-1 H-pyrazole-
4-carboxamide; isoflucypram",,,"1255734-28-
1",811-438-4,,,,,,0
II,1713,1715,0,active,▼M48,,136,"Reaction mass of 3-(difluoromethyl)-1-methyl-
N-[(1RS,4SR,9RS)-1,2,3,4-tetrahydro-9-
isopropyl-1,4-methanonaphthalen-5-yl]pyrazole-
4-carboxamide and 3-(difluoromethyl)-1-methyl-
N-[(1RS,4SR,9SR)-1,2,3,4-tetrahydro-9-
isopropyl-1,4-methanonaphthalen-5-yl]pyrazole-
4-carboxamide [≥ 78 % syn isomers ≤ 15 % anti
isomers relative content]; isopyrazam",,,881685-58-1,632-619-2,,,,,,0
II,1714,1716,0,active,▼M48,,136,"Margosa, ext. [from the kernels of Azadirachta
indica extracted with water and further processed
with organic solvents]",,,84696-25-3,283-644-7,,,,,,0
II,1715,1717,0,active,▼M48,,136,Cumene,,,98-82-8,202-704-5,,,,,,0
II,1716,1718,0,active,▼M48,,136,"2-ethyl-2-[[(1-oxoallyl)oxy]methyl]-1,3-
propanediyl diacrylate; 2,2-bis(acryloyloxymethyl)butyl acrylate; trimethylolpropane triacrylate;",,,15625-89-5,239-701-3,,,,,,0
II,1717,1719,0,active,▼M48,,136,"Pentapotassium 2,2’,2’’,2’’’,2’’’’-(ethane-1,2-
diylnitrilo)pentaacetate",,,7216-95-7,404-290-3,,,,,,0
II,1718,1720,0,active,▼M48,,136,"N-carboxymethyliminobis(ethylenenitrilo)tetra
(acetic acid); Pentetic Acid (INCI)",,,67-43-6,200-652-8,,,,,,0
II,1719,1721,0,active,▼M48,,136,"Pentasodium (carboxylatomethyl)iminobis
(ethylenenitrilo)tetraacetate; Pentasodium
Pentetate (INCI)",,,140-01-2,205-391-3,,,,,,0
II,1720,1722,0,active,▼M48,,136,"Acetamiprid (ISO); (1E)-N-[(6-chloropyridin-3-
yl)methyl]-N’-cyano-N-methylethanimidamide;
(E)-N1-[(6-chloro-3-pyridyl)methyl]-N2-cyano-
N1-methylacetamidine",,,"135410-20-7/
160430-64-8","603-921-1/
682-791-8",,,,,,0
II,1721,1723,0,active,▼M48,,136,"Pendimethalin (ISO); N-(1-ethylpropyl)-2,6-
dinitro-3,4-xylidene",,,40487-42-1,254-938-2,,,,,,0
II,1722,1724,0,active,▼M48,,136,"Bentazone (ISO); 3-isopropyl-2,1,3-benzothiadiazine-4-one-2,2-dioxide",,,25057-89-0,246-585-8,,,,,,0
II,1723,1725,0,active,▼M50,,136,"Styrene/Acrylates copolymer (nano) [INCI] (11)
Sodium Styrene/Acrylates copolymer (nano)
[INCI] (11)",,,9010-92-8,927-710-1,,,,,,0
II,1724,1726,0,active,▼M50,,136,"Copper (nano) [INCI] (11), Colloidal Copper
(nano) [INCI] (11)",,,7440-50-8,231-159-6,,,,,,0
II,1725,1727,0,active,▼M53,,136,"Silver (nano) [1 nm < particle diameter
≤ 100 nm]
Silver (massive) [particle diameter ≥ 1 mm]",,,7440-22-4,231-131-3,,,,,,0
II,1726,1728,0,active,▼M50,,137,"Gold (nano) [INCI] (11), Colloidal Gold (nano)
[INCI] [1] (11)
Gold Thioethylamino Hyaluronic Acid (nano)
[INCI] [2] (11)
Acetyl heptapeptide-9 Colloidal gold (nano)
[INCI]
[3] (11)",,,"7440-57-5
[1]
1360157-34-
1 [2]
— [3]","231-165-9 [1]
— [2]
— [3]",,,,,,0
II,1727,1729,0,active,▼M50,,137,"Platinum (nano) [INCI] (11), Colloidal Platinum
(nano) [INCI] [1] (11)
Acetyl tetrapeptide-17 Colloidal Platinum (nano)
[INCI] [2] (11)",,,"7440-06-4
[1]
— [2]","231-116-1 [1]
— [2]",,,,,,0
II,1728,1730,0,active,▼M51,,137,"3-(4'-methylbenzylidene)-camphor (12);
[INCI: 4-Methylbenzylidene Camphor]",,,"36861-47-9/
38102-62-4",253-242-6/-,,,,,,0
II,1729,1731,0,active,▼M52,,137,"diphenyl(2,4,6-trimethylbenzoyl)phosphine
oxide; INCI: Trimethylbenzoyl Diphenylphosphine Oxide",,,75980-60-8,278-355-8,,,,,,0
II,1730,1732,0,active,▼M52,,137,"2,2',6,6'-tetrabromo-4,4'-isopropylidenediphenol;
tetrabromobisphenol-A",,,79-94-7,201-236-9,,,,,,0
II,1731,1733,0,active,▼M52,,137,"transfluthrin (ISO); 2,3,5,6-tetrafluorobenzyl
(1R,3S)-3-(2,2-dichlorovinyl)-2,2-dimethylcyclopropanecarboxylate",,,118712-89-3,405-060-5,,,,,,0
II,1732,1734,0,active,▼M52,,137,"clothianidin (ISO); (E)-1-(2-chloro-1,3-thiazol-5-
ylmethyl)-3-methyl-2-nitroguanidine",,,210880-92-5,433-460-1,,,,,,0
II,1733,1735,0,active,▼M52,,137,"benzyl(diethylamino)diphenylphosphonium 4-
[1,1,1,3,3,3-hexafluoro-2-(4-hydroxyphenyl)
propan-2-yl]phenolate",,,577705-90-9,479-100-5,,,,,,0
II,1734,1736,0,active,▼M52,,137,"benzyltriphenylphosphonium, salt with 4,4'-
[2,2,2-trifluoro-1-(trifluoromethyl)ethylidene]bis
[phenol] (1:1)",,,75768-65-9,278-305-5,,,,,,0
II,1735,1737,0,active,▼M52,,137,"reaction mass of 4,4'-[2,2,2-trifluoro-1-(trifluoromethyl)ethylidene]diphenol and benzyl(diethylamino)diphenylphosphonium 4-[1,1,1,3,3,3-
hexafluoro-2-(4-hydroxyphenyl)propan-2-yl]
phenolate (1:1)",,,-,-,,,,,,0
II,1736,1738,0,active,▼M52,,137,"reaction mass of 4,4'-[2,2,2-trifluoro-1-(trifluoromethyl)ethylidene]diphenol and benzyltriphenylphosphonium, salt with 4,4'-[2,2,2-trifluoro-1-
(trifluoromethyl)ethylidene]diphenol (1:1)",,,-,-,,,,,,0
II,1737,1739,0,active,▼M52,,137,dimethyl propylphosphonate,,,18755-43-6,242-555-3,,,,,,0
II,1738,1740,0,active,▼M52,,137,dibutyltin maleate,,,78-04-6,201-077-5,,,,,,0
II,1739,1741,0,active,▼M52,,137,dibutyltin oxide,,,818-08-6,212-449-1,,,,,,0
II,1740,1742,0,active,▼M52,,137,"reaction mass of 1-(2,3-epoxypropoxy)-2,2-bis
((2,3-epoxypropoxy)methyl) butane and 1-(2,3-
epoxypropoxy)-2-((2,3-epoxypropoxy)methyl)-2-
hydroxymethyl butane",,,-,-,,,,,,0
II,1741,1743,0,active,▼M52,,138,"4,4'-[2,2,2-trifluoro-1-(trifluoromethyl)
ethylidene]diphenol; bisphenol AF",,,1478-61-1,216-036-7,,,,,,0
II,1742,1744,0,active,▼M52,,138,"benfluralin (ISO); N-butyl-N-ethyl-α,α,α-
trifluoro-2,6-dinitro-p-toluidine",,,1861-40-1,217-465-2,,,,,,0
II,1743,1745,0,active,▼M52,,138,"N,N-dimethyl-p-toluidine",,,99-97-8,202-805-4,,,,,,0
II,1744,1746,0,active,▼M52,,138,"1,4-Benzenediamine, N,N’-mixed Ph and tolyl
derivs.",,,68953-84-4,273-227-8,,,,,,0
II,1745,1747,0,active,▼M52,,138,4-nitrosomorpholine,,,59-89-2,-,,,,,,0
II,1746,1748,0,active,▼M52,,138,"difenoconazole (ISO); 1-({2-[2-chloro-4-(4-
chlorophenoxy)phenyl]-4-methyl-1,3-dioxolan-2-
yl}methyl)-1H-1,2,4-triazole; 3-chloro-4-
[(2RS,4RS;2RS,4SR)-4-methyl-2-(1H-1,2,4-
triazol-1-ylmethyl)-1,3-dioxolan-2-yl]phenyl 4-
chlorophenyl ether",,,119446-68-3,-,,,,,,0
II,1747,1749,0,active,▼M52,,138,4-methylimidazole,,,822-36-6,212-497-3,,,,,,0
II,1748,1750,0,active,▼M52,,138,"3,3'-dimethylbiphenyl-4,4'-diyl diisocyanate",,,91-97-4,202-112-7,,,,,,0
II,1749,1751,0,active,▼M52,,138,"foramsulfuron (ISO); 2-{[(4,6-dimethoxypyrimidin-2-yl)carbamoyl]sulfamoyl}-4-formamido-
N,N-dimethylbenzamide; 1-(4,6-dimethoxypyrimidin-2-yl)-3-(2-dimethylcarbamoyl-5-formamidophenylsulfonyl)urea",,,173159-57-4,-,,,,,,0
II,1750,1752,0,active,▼M53,,138,"Multi-walled Carbon Tubes (synthetic graphite
in tubular shape) with a geometric tube diameter
range ≥ 30 nm to < 3 μm and a length ≥ 5 μm
and aspect ratio > 3:1, including Multi-Walled
Carbon Nanotubes, MWC(N)T",,,—,—,,,,,,0
II,1751,1753,0,active,▼M53,,138,"reaction mass of 1,3-dioxan-5-ol and 1,3-
dioxolan-4-ylmethanol",,,—,—,,,,,,0
II,1752,1754,0,active,▼M53,,138,Acetone oxime,,,127-06-0,204-820-1,,,,,,0
II,1753,1755,0,active,▼M53,,138,"2-(dimethylamino)-2-[(4-methylphenyl)methyl]-
1-[4-(morpholin-4-yl)phenyl]butan-1-one",,,119344-86-4,438-340-0,,,,,,0
II,1754,1756,0,active,▼M53,,138,"2,3-epoxypropyl neodecanoate",,,26761-45-5,247-979-2,,,,,,0
II,1755,1757,0,active,▼M53,,138,"Benthiavalicarb-isopropyl (ISO); isopropyl [(S)-
1-{[(R)-1-(6-fluoro-1,3-benzothiazol-2-yl)ethyl]
carbamoyl}-2-methylpropyl]carbamate",,,177406-68-7,—,,,,,,0
II,1756,1758,0,active,▼M53,,138,"7-oxabicyclo[4.1.0]hept-3-ylmethyl 7-oxabicyclo
[4.1.0]heptane-3-carboxylate",,,2386-87-0,219-207-4,,,,,,0
II,1757,1759,0,active,▼M53,,139,Sodium 3-(allyloxy)-2-hydroxypropanesulphonate,,,52556-42-0,258-004-5,,,,,,0
II,1758,1760,0,active,▼M53,,139,"1,4-dichloro-2-nitrobenzene",,,89-61-2,201-923-3,,,,,,0
II,1759,1761,0,active,▼M53,,139,"Fenpropidin (ISO); (R,S)-1-[3-(4-tert-butylphenyl)-2-methylpropyl]piperidine",,,67306-00-7,—,,,,,,0
II,1760,1762,0,active,▼M53,,139,"N,N’-methylenediacrylamide",,,110-26-9,203-750-9,,,,,,0
II,1761,1763,0,active,▼M53,,139,tert-butyl 2-ethylperoxyhexanoate,,,3006-82-4,221-110-7,,,,,,0
II,1762,1764,0,active,▼M53,,139,Trimethyl borate,,,121-43-7,204-468-9,,,,,,0
II,1763,1765,0,active,▼M53,,139,"S-metolachlor (ISO); 2-chloro-N-(2-ethyl-6-
methylphenyl)-N-[(2S)-1-methoxypropan-2-yl]
acetamide; (RaSa)-2-chloro-N-(6-ethyl-o-tolyl)-N-
[(1S)-2-methoxy-1-methylethyl]acetamide
[contains 80-100 % 2-chloro-N-(2-ethyl-6-
methylphenyl)-N-[(2S)-1-methoxypropan-2-yl]
acetamide and 0-20 % 2-chloro-N-(2-ethyl-6-
methylphenyl)-N-[(2R)-1-methoxypropan-2-yl]
acetamide]",,,87392-12-9,—,,,,,,0
II,1764,1766,0,active,▼M53,,139,"Pyraclostrobin (ISO); methyl N-(2-{[1-(4-
chlorophenyl)-1H-pyrazol-3-yl]oxymethyl}
phenyl) N-methoxy carbamate",,,175013-18-0,—,,,,,,0
II,1765,1767,0,active,▼M54,►C15 ◄,139,Triphenyl Phosphate (13),,,115-86-6,204-112-2,,,,,,0
